claim_id,product_id,product_category,product_name,serial_number,purchase_date,purchase_price,warranty_start_date,warranty_duration_days,warranty_expiry_date,fault_occurrence_date,fault_type,fault_description,damage_type,claim_submission_date,product_age_days,has_receipt,has_warranty_card,has_product_image,serial_number_match,repair_count,repair_authorized,previous_replacement,is_duplicate_claim,class_label
CLM-01117,PRD-01117,Electronics,Smartphone,SN-30BCB80ECF,2025-03-10,344.31,2025-03-10,730,2027-03-10,2025-04-13,Charging Port Issue,Charging Port Issue reported by customer.,Manufacturing Defect,2025-04-18,39,True,True,True,True,1,True,False,True,ManualReview
CLM-01369,PRD-01369,Appliances,Refrigerator,SN-82A362E991,2025-08-22,178.47,2025-08-22,1095,2028-08-21,2026-08-22,Drainage Issue,Drainage Issue reported by customer.,Cosmetic Damage,2026-08-27,370,True,True,True,True,1,True,False,True,ManualReview
CLM-00423,PRD-00423,Furniture,Bookshelf,SN-C66DD64C63,2023-02-19,1989.87,2023-02-19,365,2024-02-19,2024-01-21,Upholstery Tear,Upholstery Tear reported by customer during normal use.,Structural Damage,2024-01-25,340,True,True,True,True,1,True,False,False,Valid
CLM-00414,PRD-00414,Appliances,Refrigerator,SN-F2020E4001,2024-11-14,1030.61,2024-11-14,730,2026-11-14,2026-10-22,Thermostat Malfunction,Thermostat Malfunction reported by customer during normal use.,Accidental Damage,2026-10-26,711,True,True,True,True,1,True,False,False,Valid
CLM-00452,PRD-00452,Electronics,Smartphone,SN-E429415868,2025-06-11,310.03,2025-06-11,730,2027-06-11,2026-03-27,Screen Malfunction,Screen Malfunction reported by customer during normal use.,Structural Damage,2026-03-31,293,True,True,True,True,1,True,False,False,Valid
CLM-00862,PRD-00862,Furniture,Dining Table,SN-20720CCAE2,2026-04-19,1979.16,2026-04-19,1095,2029-04-18,2028-11-11,Misuse Damage,Misuse Damage - not covered under warranty terms.,Accidental Damage,2028-11-13,939,True,True,True,True,0,True,False,False,Invalid
CLM-01064,PRD-01064,Appliances,Washing Machine,SN-9FE29CDF3A,2022-10-16,852.47,2022-10-16,730,2024-10-15,2023-07-24,Electrical Short Circuit,Electrical Short Circuit reported by customer.,Manufacturing Defect,2023-07-28,285,True,True,True,True,1,False,False,False,ManualReview
CLM-00742,PRD-00742,Electronics,Television,SN-1597DFB34B,2025-05-07,1421.57,2025-05-07,730,2027-05-07,2027-06-14,Battery Failure,Battery Failure reported by customer.,Electrical Fault,2027-06-17,771,True,True,True,True,1,True,False,False,Invalid
CLM-01273,PRD-01273,Furniture,Bed Frame,SN-79A8F36BF5,2026-02-03,2255.01,2026-02-03,1095,2029-02-02,2029-01-11,Joint/Hinge Failure,Joint/Hinge Failure reported by customer.,Cosmetic Damage,2029-01-14,1076,True,True,True,True,2,False,False,False,ManualReview
CLM-00260,PRD-00260,Electronics,Laptop,SN-DCE865923F,2024-02-23,164.08,2024-02-23,730,2026-02-22,2025-09-01,Charging Port Issue,Charging Port Issue reported by customer during normal use.,Cosmetic Damage,2025-09-06,561,True,True,True,True,0,True,False,False,Valid
CLM-00889,PRD-00889,Appliances,Washing Machine,SN-437B5AAA53,2025-05-23,1057.63,2025-05-23,730,2027-05-23,2027-09-27,Motor Failure,Motor Failure reported by customer.,Accidental Damage,2027-09-30,860,True,True,True,True,0,True,False,False,Invalid
CLM-01433,PRD-01433,Appliances,Refrigerator,SN-960CB59F65,2026-01-23,2098.38,2026-01-23,1095,2029-01-22,2029-01-12,Electrical Short Circuit,Electrical Short Circuit reported by customer.,Cosmetic Damage,2029-01-15,1088,True,True,True,True,0,True,False,False,ManualReview
CLM-00713,PRD-00713,Furniture,Bookshelf,SN-4CEAA5F859,2023-03-07,2057.99,2023-03-07,365,2024-03-06,2023-06-15,Normal Wear and Tear,Normal Wear and Tear - not covered under warranty terms.,Structural Damage,2023-06-18,103,True,True,True,True,0,True,False,False,Invalid
CLM-01383,PRD-01383,Furniture,Dining Table,SN-4520DDF66C,2024-09-13,144.15,2024-09-13,1095,2027-09-13,2026-11-06,Structural Frame Defect,Structural Frame Defect reported by customer.,Cosmetic Damage,2026-11-07,785,True,True,True,True,3,False,False,False,ManualReview
CLM-00071,PRD-00071,Appliances,Refrigerator,SN-76FAB44647,2025-10-27,1545.31,2025-10-27,1095,2028-10-26,2028-08-06,Motor Failure,Motor Failure reported by customer during normal use.,Accidental Damage,2028-08-09,1017,True,True,True,True,1,True,False,False,Valid
CLM-01269,PRD-01269,Furniture,Bed Frame,SN-598A4D7F5C,2024-01-31,888.99,2024-01-31,365,2025-01-30,2024-11-18,Joint/Hinge Failure,"Minor issue, hard to describe",Accidental Damage,2024-11-21,295,True,True,True,True,1,True,False,False,ManualReview
CLM-01492,PRD-01492,Appliances,Air Conditioner,SN-EB1D5B1C83,2024-05-19,342.64,2024-05-19,1095,2027-05-19,2027-05-15,Motor Failure,Motor Failure reported by customer.,Manufacturing Defect,2027-05-16,1092,True,True,True,True,0,True,False,False,ManualReview
CLM-00608,PRD-00608,Appliances,Washing Machine,SN-4C7A0500E8,2024-10-10,181.81,2024-10-10,730,2026-10-10,2026-06-12,Rust/Corrosion,Rust/Corrosion - not covered under warranty terms.,Electrical Fault,2026-06-17,615,True,True,True,True,1,True,False,False,Invalid
CLM-00434,PRD-00434,Furniture,Bed Frame,SN-A3F1DD167A,2026-05-28,1882.28,2026-05-28,1095,2029-05-27,2029-05-06,Structural Frame Defect,Structural Frame Defect reported by customer during normal use.,Electrical Fault,2029-05-07,1075,True,True,True,True,1,True,False,False,Valid
CLM-00052,PRD-00052,Electronics,Headphones,SN-BD37640022,2024-11-12,647.76,2024-11-12,730,2026-11-12,2025-06-27,Software Fault,Software Fault reported by customer during normal use.,Manufacturing Defect,2025-06-29,229,True,True,True,True,0,True,False,False,Valid
CLM-01200,PRD-01200,Electronics,Television,SN-2E9B1D5DDE,2026-01-25,2382.39,2026-01-25,365,2027-01-25,2026-09-24,Charging Port Issue,Charging Port Issue reported by customer.,Structural Damage,2026-09-28,246,True,True,True,True,1,True,False,True,ManualReview
CLM-01129,PRD-01129,Furniture,Bookshelf,SN-B5A67DBA86,2022-10-02,598.85,2022-10-02,1095,2025-10-01,2023-02-21,Joint/Hinge Failure,"Stopped working, not sure why",Accidental Damage,2023-02-23,144,True,True,True,True,1,True,False,False,ManualReview
CLM-01191,PRD-01191,Appliances,Washing Machine,SN-3FD0ABFD63,2024-11-26,1424.44,2024-11-26,730,2026-11-26,2025-08-04,Drainage Issue,Drainage Issue reported by customer.,Accidental Damage,2025-08-08,255,True,True,True,True,1,True,False,True,ManualReview
CLM-01250,PRD-01250,Appliances,Dishwasher,SN-55754BF1ED,2026-01-06,1026.74,2026-01-06,730,2028-01-06,2028-01-01,Electrical Short Circuit,Electrical Short Circuit reported by customer.,Cosmetic Damage,2028-01-02,726,True,True,True,True,0,True,False,False,ManualReview
CLM-01420,PRD-01420,Appliances,Air Conditioner,SN-0DA7881D27,2023-07-10,1243.99,2023-07-10,1095,2026-07-09,2025-05-03,Motor Failure,Motor Failure reported by customer.,Accidental Damage,2025-05-07,667,True,True,False,True,0,True,False,False,ManualReview
CLM-00433,PRD-00433,Furniture,Office Chair,SN-CCF06E4083,2026-05-25,375.05,2026-05-25,1095,2029-05-24,2027-01-18,Joint/Hinge Failure,Joint/Hinge Failure reported by customer during normal use.,Structural Damage,2027-01-21,241,True,True,True,True,0,True,False,False,Valid
CLM-01453,PRD-01453,Electronics,Tablet,SN-5AA6DC7F3D,2025-10-04,2382.76,2025-10-04,730,2027-10-04,2026-10-15,Charging Port Issue,Charging Port Issue reported by customer.,Wear and Tear,2026-10-16,377,True,True,False,True,1,True,False,False,ManualReview
CLM-01471,PRD-01471,Electronics,Laptop,SN-197188734B,2026-06-15,1479.75,2026-06-15,730,2028-06-14,2026-09-29,Screen Malfunction,Makes strange noise occasionally,Wear and Tear,2026-10-01,108,True,True,True,True,1,True,False,False,ManualReview
CLM-01235,PRD-01235,Appliances,Air Conditioner,SN-27E86AD2F0,2025-08-14,225.56,2025-08-14,1095,2028-08-13,2026-11-11,Motor Failure,Motor Failure reported by customer.,Cosmetic Damage,2026-11-16,459,True,True,True,True,1,True,False,True,ManualReview
CLM-01282,PRD-01282,Electronics,Television,SN-B3E07703A1,2025-12-30,713.32,2025-12-30,730,2027-12-30,2027-06-11,Software Fault,Software Fault reported by customer.,Accidental Damage,2027-06-14,531,True,True,True,True,0,True,False,True,ManualReview
CLM-01086,PRD-01086,Appliances,Washing Machine,SN-41BDEAD476,2024-08-11,1107.11,2024-08-11,730,2026-08-11,2026-01-15,Thermostat Malfunction,Thermostat Malfunction reported by customer.,Electrical Fault,2026-01-18,525,True,True,True,True,0,True,False,True,ManualReview
CLM-00611,PRD-00611,Appliances,Microwave Oven,SN-EFC79E9E81,2023-08-27,1764.06,2023-08-27,1095,2026-08-26,2023-10-31,Thermostat Malfunction,Thermostat Malfunction reported by customer.,Accidental Damage,2023-11-01,66,True,True,True,True,1,True,True,False,Invalid
CLM-01285,PRD-01285,Appliances,Washing Machine,SN-D42ED94EE4,2024-07-18,1612.81,2024-07-18,1095,2027-07-18,2025-09-29,Compressor Fault,Compressor Fault reported by customer.,Wear and Tear,2025-10-02,441,True,True,False,True,0,True,False,False,ManualReview
CLM-01042,PRD-01042,Furniture,Bed Frame,SN-F76CCE09CD,2025-07-26,574.56,2025-07-26,1095,2028-07-25,2027-12-22,Structural Frame Defect,Structural Frame Defect reported by customer.,Wear and Tear,2027-12-25,882,True,False,True,True,1,True,False,False,ManualReview
CLM-00221,PRD-00221,Appliances,Air Conditioner,SN-DBA5805FB7,2024-03-31,2198.02,2024-03-31,730,2026-03-31,2025-12-12,Drainage Issue,Drainage Issue reported by customer during normal use.,Accidental Damage,2025-12-13,622,True,True,True,True,0,True,False,False,Valid
CLM-00340,PRD-00340,Appliances,Dishwasher,SN-DA24F47A8E,2023-02-26,1182.01,2023-02-26,730,2025-02-25,2023-05-03,Motor Failure,Motor Failure reported by customer during normal use.,Manufacturing Defect,2023-05-05,68,True,True,True,True,0,True,False,False,Valid
CLM-00424,PRD-00424,Appliances,Microwave Oven,SN-9327C8B7BB,2023-11-16,2118.58,2023-11-16,730,2025-11-15,2025-07-23,Drainage Issue,Drainage Issue reported by customer during normal use.,Structural Damage,2025-07-27,619,True,True,True,True,1,True,False,False,Valid
CLM-00429,PRD-00429,Furniture,Dining Table,SN-060531F7E1,2022-08-25,1349.39,2022-08-25,1095,2025-08-24,2025-05-10,Material Defect,Material Defect reported by customer during normal use.,Structural Damage,2025-05-15,994,True,True,True,True,0,True,False,False,Valid
CLM-01106,PRD-01106,Electronics,Television,SN-D1154EB0CF,2025-09-07,499.26,2025-09-07,730,2027-09-07,2026-12-05,Overheating,Overheating reported by customer.,Manufacturing Defect,2026-12-08,457,True,True,True,True,3,False,False,False,ManualReview
CLM-00077,PRD-00077,Electronics,Laptop,SN-610432682B,2024-03-05,1825.23,2024-03-05,730,2026-03-05,2025-01-05,Battery Failure,Battery Failure reported by customer during normal use.,Manufacturing Defect,2025-01-07,308,True,True,True,True,1,True,False,False,Valid
CLM-01392,PRD-01392,Appliances,Washing Machine,SN-1B1C8CC856,2024-10-15,1440.11,2024-10-15,730,2026-10-15,2026-08-03,Compressor Fault,Compressor Fault reported by customer.,Accidental Damage,2026-08-07,661,True,True,True,True,0,True,False,True,ManualReview
CLM-00440,PRD-00440,Electronics,Smartphone,SN-DC3FDCF85F,2023-08-07,1850.94,2023-08-07,365,2024-08-06,2024-03-15,Screen Malfunction,Screen Malfunction reported by customer during normal use.,Electrical Fault,2024-03-18,224,True,True,True,True,0,True,False,False,Valid
CLM-01337,PRD-01337,Furniture,Bed Frame,SN-25618EDD88,2025-12-31,314.1,2025-12-31,365,2026-12-31,2026-05-04,Structural Frame Defect,Structural Frame Defect reported by customer.,Structural Damage,2026-05-07,127,True,True,False,True,0,True,False,False,ManualReview
CLM-00865,PRD-00865,Electronics,Tablet,SN-9CC3A20B52,2023-06-17,852.82,2023-06-17,730,2025-06-16,2024-11-18,Battery Failure,Battery Failure reported by customer.,Cosmetic Damage,2024-11-23,525,True,True,True,False,0,True,False,False,Invalid
CLM-01081,PRD-01081,Electronics,Smartphone,SN-B1956504C1,2024-04-14,1792.88,2024-04-14,730,2026-04-14,2026-03-30,Battery Failure,Battery Failure reported by customer.,Structural Damage,2026-03-31,716,True,True,True,True,1,False,False,False,ManualReview
CLM-00355,PRD-00355,Appliances,Microwave Oven,SN-105B77E22C,2023-05-23,2440.86,2023-05-23,1095,2026-05-22,2025-03-05,Thermostat Malfunction,Thermostat Malfunction reported by customer during normal use.,Cosmetic Damage,2025-03-07,654,True,True,True,True,1,True,False,False,Valid
CLM-00366,PRD-00366,Electronics,Television,SN-B634BF935C,2025-01-08,264.69,2025-01-08,365,2026-01-08,2025-01-24,Screen Malfunction,Screen Malfunction reported by customer during normal use.,Wear and Tear,2025-01-26,18,True,True,True,True,1,True,False,False,Valid
CLM-00310,PRD-00310,Appliances,Refrigerator,SN-0E73D9EE60,2023-01-09,610.92,2023-01-09,1095,2026-01-08,2023-08-10,Motor Failure,Motor Failure reported by customer during normal use.,Cosmetic Damage,2023-08-13,216,True,True,True,True,0,True,False,False,Valid
CLM-00737,PRD-00737,Furniture,Office Chair,SN-7EE350720E,2026-05-06,1372.87,2026-05-06,1095,2029-05-05,2029-03-27,Joint/Hinge Failure,Joint/Hinge Failure reported by customer.,Electrical Fault,2029-03-31,1060,True,True,True,True,0,True,True,False,Invalid
CLM-00999,PRD-00999,Appliances,Dishwasher,SN-72202C5BE7,2024-06-11,2463.89,2024-06-11,1095,2027-06-11,2026-01-07,Rust/Corrosion,Rust/Corrosion - not covered under warranty terms.,Accidental Damage,2026-01-09,577,True,True,True,True,0,True,False,False,Invalid
CLM-00622,PRD-00622,Appliances,Refrigerator,SN-C831AB0B38,2025-09-27,992.26,2025-09-27,730,2027-09-27,2027-08-17,Power Surge Damage,Power Surge Damage - not covered under warranty terms.,Electrical Fault,2027-08-19,691,True,True,True,True,1,True,False,False,Invalid
CLM-00544,PRD-00544,Electronics,Tablet,SN-8386F89A50,2025-10-27,1582.05,2025-10-27,365,2026-10-27,2026-09-18,Screen Malfunction,Screen Malfunction reported by customer.,Structural Damage,2026-09-23,331,True,True,True,True,0,True,True,False,Invalid
CLM-01141,PRD-01141,Electronics,Tablet,SN-BBED506A5B,2024-05-02,1867.68,2024-05-02,365,2025-05-02,2025-04-29,Battery Failure,Battery Failure reported by customer.,Manufacturing Defect,2025-05-02,365,True,True,True,True,0,True,False,False,ManualReview
CLM-01297,PRD-01297,Furniture,Sofa,SN-F22E219C9F,2023-04-18,1623.49,2023-04-18,365,2024-04-17,2024-01-17,Structural Frame Defect,"Minor issue, hard to describe",Electrical Fault,2024-01-18,275,True,True,True,True,1,True,False,False,ManualReview
CLM-00555,PRD-00555,Electronics,Television,SN-FC170F5337,2025-04-17,1450.03,2025-04-17,365,2026-04-17,2025-05-31,Charging Port Issue,Charging Port Issue reported by customer.,Structural Damage,2025-06-04,48,True,True,True,True,0,True,True,False,Invalid
CLM-00680,PRD-00680,Electronics,Headphones,SN-1AE9466BC8,2025-02-27,1571.33,2025-02-27,730,2027-02-27,2025-05-21,Screen Malfunction,Screen Malfunction reported by customer.,Wear and Tear,2025-05-25,87,True,True,True,True,0,True,True,False,Invalid
CLM-00050,PRD-00050,Appliances,Dishwasher,SN-3B19A0A840,2023-02-24,2055.14,2023-02-24,1095,2026-02-23,2024-06-01,Electrical Short Circuit,Electrical Short Circuit reported by customer during normal use.,Cosmetic Damage,2024-06-03,465,True,True,True,True,0,True,False,False,Valid
CLM-00491,PRD-00491,Furniture,Dining Table,SN-AE0426F38D,2026-05-28,138.35,2026-05-28,365,2027-05-28,2026-08-20,Structural Frame Defect,Structural Frame Defect reported by customer during normal use.,Cosmetic Damage,2026-08-21,85,True,True,True,True,0,True,False,False,Valid
CLM-00317,PRD-00317,Electronics,Headphones,SN-674A5FDD73,2024-09-03,1388.57,2024-09-03,730,2026-09-03,2024-09-20,Screen Malfunction,Screen Malfunction reported by customer during normal use.,Electrical Fault,2024-09-25,22,True,True,True,True,0,True,False,False,Valid
CLM-00905,PRD-00905,Electronics,Laptop,SN-5F10A4AFF8,2023-10-09,1623.0,2023-10-09,730,2025-10-08,2024-02-25,Charging Port Issue,Charging Port Issue reported by customer.,Cosmetic Damage,2024-02-28,142,True,True,True,True,0,True,True,False,Invalid
CLM-00637,PRD-00637,Electronics,Television,SN-40CCB25F09,2024-10-07,1712.31,2024-10-07,730,2026-10-07,2026-06-26,Software Fault,Software Fault reported by customer.,Manufacturing Defect,2026-06-29,630,True,True,True,False,0,True,False,False,Invalid
CLM-00561,PRD-00561,Electronics,Tablet,SN-F17BCA5283,2023-10-08,1388.74,2023-10-08,365,2024-10-07,2023-12-23,Overheating,Overheating reported by customer.,Structural Damage,2023-12-24,77,True,True,True,True,1,True,True,False,Invalid
CLM-00487,PRD-00487,Furniture,Dining Table,SN-A72348B2C9,2023-10-30,1295.44,2023-10-30,365,2024-10-29,2024-01-21,Structural Frame Defect,Structural Frame Defect reported by customer during normal use.,Structural Damage,2024-01-25,87,True,True,True,True,1,True,False,False,Valid
CLM-00068,PRD-00068,Electronics,Television,SN-5F4C816D0F,2026-05-02,957.9,2026-05-02,730,2028-05-01,2027-09-19,Software Fault,Software Fault reported by customer during normal use.,Manufacturing Defect,2027-09-20,506,True,True,True,True,1,True,False,False,Valid
CLM-00812,PRD-00812,Furniture,Bookshelf,SN-5850E278B6,2024-08-25,1163.06,2024-08-25,365,2025-08-25,2024-10-09,Material Defect,Material Defect reported by customer.,Cosmetic Damage,2024-10-10,46,True,True,True,True,0,True,True,False,Invalid
CLM-00494,PRD-00494,Furniture,Sofa,SN-22853DAAB5,2023-08-10,1047.48,2023-08-10,1095,2026-08-09,2026-06-07,Structural Frame Defect,Structural Frame Defect reported by customer during normal use.,Structural Damage,2026-06-10,1035,True,True,True,True,0,True,False,False,Valid
CLM-00311,PRD-00311,Appliances,Microwave Oven,SN-68177B7383,2024-10-08,1944.98,2024-10-08,730,2026-10-08,2024-12-17,Compressor Fault,Compressor Fault reported by customer during normal use.,Cosmetic Damage,2024-12-22,75,True,True,True,True,0,True,False,False,Valid
CLM-01097,PRD-01097,Furniture,Dining Table,SN-4F82EFD9B5,2025-06-01,125.72,2025-06-01,1095,2028-05-31,2026-07-03,Structural Frame Defect,Structural Frame Defect reported by customer.,Accidental Damage,2026-07-07,401,True,True,True,True,3,False,False,False,ManualReview
CLM-01248,PRD-01248,Furniture,Office Chair,SN-1420422928,2024-11-14,104.84,2024-11-14,1095,2027-11-14,2025-07-13,Material Defect,Material Defect reported by customer.,Cosmetic Damage,2025-07-15,243,True,True,False,True,1,True,False,False,ManualReview
CLM-00185,PRD-00185,Electronics,Television,SN-55DC156216,2026-07-28,1143.37,2026-07-28,730,2028-07-27,2027-02-21,Software Fault,Software Fault reported by customer during normal use.,Cosmetic Damage,2027-02-22,209,True,True,True,True,1,True,False,False,Valid
CLM-00307,PRD-00307,Electronics,Laptop,SN-6465B912B9,2023-07-08,2192.34,2023-07-08,730,2025-07-07,2024-03-24,Charging Port Issue,Charging Port Issue reported by customer during normal use.,Manufacturing Defect,2024-03-25,261,True,True,True,True,1,True,False,False,Valid
CLM-00853,PRD-00853,Appliances,Microwave Oven,SN-A5576BC729,2025-04-28,1825.33,2025-04-28,1095,2028-04-27,2025-07-31,Improper Installation Damage,Improper Installation Damage - not covered under warranty terms.,Wear and Tear,2025-08-01,95,True,True,True,True,1,True,False,False,Invalid
CLM-00793,PRD-00793,Electronics,Tablet,SN-D8791E0411,2026-01-01,2140.96,2026-01-01,730,2028-01-01,2027-03-05,Software Fault,Software Fault reported by customer.,Wear and Tear,2027-03-08,431,True,True,True,False,1,True,False,False,Invalid
CLM-00290,PRD-00290,Furniture,Bed Frame,SN-6819407ABD,2025-12-20,387.77,2025-12-20,1095,2028-12-19,2028-09-11,Upholstery Tear,Upholstery Tear reported by customer during normal use.,Electrical Fault,2028-09-16,1001,True,True,True,True,1,True,False,False,Valid
CLM-00707,PRD-00707,Electronics,Headphones,SN-05714DB13A,2024-05-16,1743.07,2024-05-16,730,2026-05-16,2025-03-27,Battery Failure,Battery Failure reported by customer.,Electrical Fault,2025-03-28,316,True,True,True,False,0,True,False,False,Invalid
CLM-01330,PRD-01330,Electronics,Television,SN-6BA3D58CC7,2023-11-23,2410.23,2023-11-23,365,2024-11-22,2024-09-20,Screen Malfunction,Makes strange noise occasionally,Wear and Tear,2024-09-22,304,True,True,True,True,1,True,False,False,ManualReview
CLM-00655,PRD-00655,Appliances,Washing Machine,SN-A6EB79098C,2026-01-19,468.19,2026-01-19,1095,2029-01-18,2029-06-15,Thermostat Malfunction,Thermostat Malfunction reported by customer.,Manufacturing Defect,2029-06-20,1248,True,True,True,True,0,True,False,False,Invalid
CLM-00523,PRD-00523,Furniture,Dining Table,SN-DD44C79438,2024-03-22,1638.72,2024-03-22,1095,2027-03-22,2025-04-02,Accidental Damage,Accidental Damage - not covered under warranty terms.,Electrical Fault,2025-04-04,378,True,True,True,True,1,True,False,False,Invalid
CLM-00462,PRD-00462,Furniture,Bookshelf,SN-4740018933,2024-03-13,2153.85,2024-03-13,365,2025-03-13,2024-07-29,Upholstery Tear,Upholstery Tear reported by customer during normal use.,Structural Damage,2024-07-30,139,True,True,True,True,0,True,False,False,Valid
CLM-00931,PRD-00931,Electronics,Tablet,SN-4F6F71D6F4,2024-11-13,1861.05,2024-11-13,730,2026-11-13,2026-09-22,Software Fault,Software Fault reported by customer.,Accidental Damage,2026-09-23,679,True,True,True,True,0,True,True,False,Invalid
CLM-01035,PRD-01035,Appliances,Microwave Oven,SN-13BC29FD92,2024-12-01,2149.65,2024-12-01,1095,2027-12-01,2027-11-22,Drainage Issue,Drainage Issue reported by customer.,Electrical Fault,2027-11-25,1089,True,True,True,True,0,True,False,False,ManualReview
CLM-00030,PRD-00030,Furniture,Sofa,SN-7DA692EFBF,2024-12-22,1660.56,2024-12-22,365,2025-12-22,2025-12-01,Upholstery Tear,Upholstery Tear reported by customer during normal use.,Accidental Damage,2025-12-04,347,True,True,True,True,1,True,False,False,Valid
CLM-00241,PRD-00241,Electronics,Headphones,SN-C1D723058D,2024-03-02,199.35,2024-03-02,730,2026-03-02,2025-09-23,Software Fault,Software Fault reported by customer during normal use.,Cosmetic Damage,2025-09-27,574,True,True,True,True,0,True,False,False,Valid
CLM-00799,PRD-00799,Electronics,Tablet,SN-6E449E6D2D,2025-06-20,308.26,2025-06-20,365,2026-06-20,2025-11-17,Battery Failure,Battery Failure reported by customer.,Wear and Tear,2025-11-21,154,True,True,True,False,0,True,False,False,Invalid
CLM-00818,PRD-00818,Electronics,Tablet,SN-5BF70BA8B6,2022-11-24,2345.21,2022-11-24,730,2024-11-23,2024-04-11,Water Damage,Water Damage - not covered under warranty terms.,Accidental Damage,2024-04-12,505,True,True,True,True,1,True,False,False,Invalid
CLM-00066,PRD-00066,Electronics,Television,SN-7D943C1C36,2025-11-14,112.91,2025-11-14,365,2026-11-14,2026-06-08,Software Fault,Software Fault reported by customer during normal use.,Structural Damage,2026-06-10,208,True,True,True,True,1,True,False,False,Valid
CLM-00602,PRD-00602,Furniture,Bookshelf,SN-2DFF17B663,2024-06-17,401.07,2024-06-17,1095,2027-06-17,2024-08-31,Accidental Damage,Accidental Damage - not covered under warranty terms.,Structural Damage,2024-09-04,79,True,True,True,True,0,True,False,False,Invalid
CLM-00925,PRD-00925,Electronics,Headphones,SN-1DC6054ABE,2024-03-05,207.44,2024-03-05,365,2025-03-05,2024-11-12,Physical Impact Damage,Physical Impact Damage - not covered under warranty terms.,Structural Damage,2024-11-13,253,True,True,True,True,0,True,False,False,Invalid
CLM-00755,PRD-00755,Electronics,Smartphone,SN-AA0AC3D3FB,2024-09-07,495.63,2024-09-07,730,2026-09-07,2024-09-30,Water Damage,Water Damage - not covered under warranty terms.,Structural Damage,2024-10-05,28,True,True,True,True,1,True,False,False,Invalid
CLM-00927,PRD-00927,Furniture,Bookshelf,SN-D5F72F1AC8,2025-05-08,1209.42,2025-05-08,1095,2028-05-07,2027-06-08,Joint/Hinge Failure,Joint/Hinge Failure reported by customer.,Structural Damage,2027-06-11,764,True,True,True,True,1,True,True,False,Invalid
CLM-01102,PRD-01102,Furniture,Sofa,SN-C40190D81D,2024-01-13,387.41,2024-01-13,365,2025-01-12,2024-02-28,Upholstery Tear,Upholstery Tear reported by customer.,Structural Damage,2024-03-02,49,True,True,True,True,1,True,False,True,ManualReview
CLM-00248,PRD-00248,Electronics,Tablet,SN-29992B3DB8,2024-03-18,982.62,2024-03-18,730,2026-03-18,2025-03-21,Charging Port Issue,Charging Port Issue reported by customer during normal use.,Accidental Damage,2025-03-26,373,True,True,True,True,1,True,False,False,Valid
CLM-00278,PRD-00278,Furniture,Bed Frame,SN-3E0C607B49,2025-09-03,140.07,2025-09-03,1095,2028-09-02,2026-04-17,Structural Frame Defect,Structural Frame Defect reported by customer during normal use.,Cosmetic Damage,2026-04-19,228,True,True,True,True,1,True,False,False,Valid
CLM-01403,PRD-01403,Furniture,Sofa,SN-42A83214E6,2026-02-15,76.16,2026-02-15,365,2027-02-15,2026-10-14,Upholstery Tear,Performance seems inconsistent,Accidental Damage,2026-10-18,245,True,True,True,True,0,True,False,False,ManualReview
CLM-01067,PRD-01067,Furniture,Office Chair,SN-FDF2D97475,2026-02-12,313.52,2026-02-12,1095,2029-02-11,2028-03-22,Joint/Hinge Failure,Joint/Hinge Failure reported by customer.,Electrical Fault,2028-03-23,770,True,True,True,True,2,False,False,False,ManualReview
CLM-00480,PRD-00480,Furniture,Bookshelf,SN-1B0594236E,2026-06-06,1640.62,2026-06-06,365,2027-06-06,2027-03-05,Structural Frame Defect,Structural Frame Defect reported by customer during normal use.,Accidental Damage,2027-03-09,276,True,True,True,True,1,True,False,False,Valid
CLM-00427,PRD-00427,Appliances,Dishwasher,SN-DDCB87C311,2023-09-05,345.83,2023-09-05,730,2025-09-04,2024-03-20,Thermostat Malfunction,Thermostat Malfunction reported by customer during normal use.,Wear and Tear,2024-03-23,200,True,True,True,True,1,True,False,False,Valid
CLM-00124,PRD-00124,Electronics,Tablet,SN-ABF6177EA2,2023-08-09,319.32,2023-08-09,730,2025-08-08,2024-08-12,Screen Malfunction,Screen Malfunction reported by customer during normal use.,Wear and Tear,2024-08-14,371,True,True,True,True,0,True,False,False,Valid
CLM-01170,PRD-01170,Appliances,Microwave Oven,SN-053FBC9B40,2023-12-04,1682.76,2023-12-04,730,2025-12-03,2025-05-10,Drainage Issue,Drainage Issue reported by customer.,Manufacturing Defect,2025-05-12,525,True,True,True,True,1,False,False,False,ManualReview
CLM-00395,PRD-00395,Electronics,Headphones,SN-67C8B7A539,2026-03-08,1479.76,2026-03-08,365,2027-03-08,2026-11-23,Battery Failure,Battery Failure reported by customer during normal use.,Electrical Fault,2026-11-24,261,True,True,True,True,0,True,False,False,Valid
CLM-00986,PRD-00986,Furniture,Bed Frame,SN-C19EBCDBBC,2024-05-01,319.63,2024-05-01,365,2025-05-01,2024-09-06,Material Defect,Material Defect reported by customer.,Accidental Damage,2024-09-09,131,True,True,True,False,1,True,False,False,Invalid
CLM-00716,PRD-00716,Electronics,Headphones,SN-9326040981,2025-07-16,382.99,2025-07-16,365,2026-07-16,2025-08-09,Overheating,Overheating reported by customer.,Cosmetic Damage,2025-08-10,25,True,True,True,False,1,True,False,False,Invalid
CLM-01135,PRD-01135,Furniture,Bed Frame,SN-9A1A697655,2024-10-17,1925.92,2024-10-17,365,2025-10-17,2024-12-16,Upholstery Tear,Not working properly sometimes,Electrical Fault,2024-12-20,64,True,True,True,True,0,True,False,False,ManualReview
CLM-01085,PRD-01085,Appliances,Washing Machine,SN-0497131875,2023-12-22,90.64,2023-12-22,730,2025-12-21,2025-12-19,Motor Failure,Motor Failure reported by customer.,Wear and Tear,2025-12-21,730,True,True,True,True,1,True,False,False,ManualReview
CLM-00498,PRD-00498,Electronics,Television,SN-48E88A7316,2024-11-11,1700.56,2024-11-11,365,2025-11-11,2025-02-11,Overheating,Overheating reported by customer during normal use.,Manufacturing Defect,2025-02-15,96,True,True,True,True,1,True,False,False,Valid
CLM-00045,PRD-00045,Furniture,Sofa,SN-8CE19B5E4E,2025-11-09,515.69,2025-11-09,1095,2028-11-08,2025-11-12,Material Defect,Material Defect reported by customer during normal use.,Cosmetic Damage,2025-11-17,8,True,True,True,True,0,True,False,False,Valid
CLM-00060,PRD-00060,Appliances,Washing Machine,SN-6E394BFED4,2024-07-05,1688.74,2024-07-05,1095,2027-07-05,2027-02-20,Compressor Fault,Compressor Fault reported by customer during normal use.,Cosmetic Damage,2027-02-22,962,True,True,True,True,1,True,False,False,Valid
CLM-01162,PRD-01162,Appliances,Air Conditioner,SN-86E80C0DDD,2025-11-08,1260.79,2025-11-08,730,2027-11-08,2026-05-01,Motor Failure,Performance seems inconsistent,Wear and Tear,2026-05-02,175,True,True,True,True,0,True,False,False,ManualReview
CLM-00024,PRD-00024,Appliances,Refrigerator,SN-3BCFB1DAF3,2023-08-27,732.44,2023-08-27,1095,2026-08-26,2024-03-18,Thermostat Malfunction,Thermostat Malfunction reported by customer during normal use.,Manufacturing Defect,2024-03-19,205,True,True,True,True,0,True,False,False,Valid
CLM-00875,PRD-00875,Furniture,Bookshelf,SN-D83DFAA7AF,2024-11-08,607.57,2024-11-08,365,2025-11-08,2025-09-04,Normal Wear and Tear,Normal Wear and Tear - not covered under warranty terms.,Electrical Fault,2025-09-09,305,True,True,True,True,0,True,False,False,Invalid
CLM-00482,PRD-00482,Electronics,Smartphone,SN-BAF872C8C3,2025-12-24,2198.08,2025-12-24,730,2027-12-24,2026-01-02,Battery Failure,Battery Failure reported by customer during normal use.,Accidental Damage,2026-01-03,10,True,True,True,True,1,True,False,False,Valid
CLM-01325,PRD-01325,Electronics,Laptop,SN-A09FA84C1B,2023-09-27,1846.86,2023-09-27,365,2024-09-26,2024-07-11,Battery Failure,Battery Failure reported by customer.,Structural Damage,2024-07-16,293,True,True,True,True,1,True,False,True,ManualReview
CLM-00746,PRD-00746,Appliances,Microwave Oven,SN-630111D5E7,2023-12-13,2341.98,2023-12-13,1095,2026-12-12,2027-02-02,Compressor Fault,Compressor Fault reported by customer.,Wear and Tear,2027-02-05,1150,True,True,True,True,0,True,False,False,Invalid
CLM-00232,PRD-00232,Appliances,Refrigerator,SN-D9D4E675D7,2025-03-09,1431.58,2025-03-09,1095,2028-03-08,2025-04-23,Electrical Short Circuit,Electrical Short Circuit reported by customer during normal use.,Cosmetic Damage,2025-04-27,49,True,True,True,True,1,True,False,False,Valid
CLM-00125,PRD-00125,Furniture,Office Chair,SN-1E357DD92D,2023-08-08,700.15,2023-08-08,365,2024-08-07,2024-05-07,Material Defect,Material Defect reported by customer during normal use.,Cosmetic Damage,2024-05-08,274,True,True,True,True,0,True,False,False,Valid
CLM-00428,PRD-00428,Electronics,Headphones,SN-950A59B1EE,2026-03-05,2101.79,2026-03-05,365,2027-03-05,2027-02-05,Software Fault,Software Fault reported by customer during normal use.,Electrical Fault,2027-02-10,342,True,True,True,True,0,True,False,False,Valid
CLM-00819,PRD-00819,Electronics,Tablet,SN-70443A53D7,2023-01-02,2182.55,2023-01-02,730,2025-01-01,2024-04-11,Overheating,Overheating reported by customer.,Electrical Fault,2024-04-14,468,True,True,True,False,1,True,False,False,Invalid
CLM-00169,PRD-00169,Electronics,Television,SN-DAF96B1FEB,2022-11-22,634.18,2022-11-22,365,2023-11-22,2023-08-04,Screen Malfunction,Screen Malfunction reported by customer during normal use.,Manufacturing Defect,2023-08-09,260,True,True,True,True,1,True,False,False,Valid
CLM-00116,PRD-00116,Furniture,Office Chair,SN-F25EA34C70,2026-05-30,622.86,2026-05-30,365,2027-05-30,2027-04-10,Joint/Hinge Failure,Joint/Hinge Failure reported by customer during normal use.,Structural Damage,2027-04-12,317,True,True,True,True,0,True,False,False,Valid
CLM-01089,PRD-01089,Electronics,Smartphone,SN-2659ECD21F,2023-12-18,211.33,2023-12-18,730,2025-12-17,2025-12-04,Overheating,Overheating reported by customer.,Accidental Damage,2025-12-08,721,True,True,True,True,2,False,False,False,ManualReview
CLM-00987,PRD-00987,Electronics,Laptop,SN-D09AE80A20,2022-08-18,177.72,2022-08-18,365,2023-08-18,2023-01-08,Software Fault,Software Fault reported by customer.,Wear and Tear,2023-01-13,148,True,True,True,False,1,True,False,False,Invalid
CLM-01396,PRD-01396,Appliances,Washing Machine,SN-9957E4B424,2023-06-24,449.98,2023-06-24,730,2025-06-23,2023-12-03,Thermostat Malfunction,Thermostat Malfunction reported by customer.,Structural Damage,2023-12-08,167,True,True,True,True,0,True,False,True,ManualReview
CLM-01425,PRD-01425,Appliances,Dishwasher,SN-FBC5EE3427,2022-09-25,817.98,2022-09-25,1095,2025-09-24,2024-07-18,Drainage Issue,Drainage Issue reported by customer.,Electrical Fault,2024-07-19,663,True,True,True,True,3,False,False,False,ManualReview
CLM-00416,PRD-00416,Appliances,Dishwasher,SN-88A890284A,2023-08-23,1547.74,2023-08-23,1095,2026-08-22,2024-05-17,Motor Failure,Motor Failure reported by customer during normal use.,Structural Damage,2024-05-21,272,True,True,True,True,1,True,False,False,Valid
CLM-00142,PRD-00142,Electronics,Television,SN-C9049CCF02,2023-05-25,1922.19,2023-05-25,365,2024-05-24,2023-05-29,Screen Malfunction,Screen Malfunction reported by customer during normal use.,Accidental Damage,2023-06-02,8,True,True,True,True,1,True,False,False,Valid
CLM-01234,PRD-01234,Appliances,Air Conditioner,SN-DBA7E9B423,2026-08-02,644.72,2026-08-02,1095,2029-08-01,2027-05-03,Electrical Short Circuit,Electrical Short Circuit reported by customer.,Electrical Fault,2027-05-07,278,True,True,True,True,2,False,False,False,ManualReview
CLM-01294,PRD-01294,Furniture,Sofa,SN-B362092DCC,2024-12-11,2069.56,2024-12-11,1095,2027-12-11,2027-12-05,Upholstery Tear,Upholstery Tear reported by customer.,Structural Damage,2027-12-07,1091,True,True,True,True,0,True,False,False,ManualReview
CLM-00763,PRD-00763,Furniture,Bookshelf,SN-516D908A8C,2022-08-27,671.46,2022-08-27,365,2023-08-27,2022-11-02,Joint/Hinge Failure,Joint/Hinge Failure reported by customer.,Accidental Damage,2022-11-07,72,True,True,True,True,1,True,True,False,Invalid
CLM-01207,PRD-01207,Furniture,Dining Table,SN-6F5ACECF11,2023-07-20,1214.89,2023-07-20,365,2024-07-19,2023-09-28,Structural Frame Defect,Structural Frame Defect reported by customer.,Accidental Damage,2023-10-03,75,True,False,True,True,0,True,False,False,ManualReview
CLM-00463,PRD-00463,Furniture,Sofa,SN-CB0BCF1D96,2025-06-20,1597.48,2025-06-20,365,2026-06-20,2025-07-08,Upholstery Tear,Upholstery Tear reported by customer during normal use.,Structural Damage,2025-07-13,23,True,True,True,True,1,True,False,False,Valid
CLM-01244,PRD-01244,Appliances,Microwave Oven,SN-7B7194BBBD,2022-10-04,1379.73,2022-10-04,1095,2025-10-03,2025-09-29,Thermostat Malfunction,Thermostat Malfunction reported by customer.,Accidental Damage,2025-10-01,1093,True,True,True,True,0,True,False,False,ManualReview
CLM-00079,PRD-00079,Appliances,Refrigerator,SN-0752D48806,2023-03-15,2188.16,2023-03-15,1095,2026-03-14,2025-09-04,Thermostat Malfunction,Thermostat Malfunction reported by customer during normal use.,Electrical Fault,2025-09-07,907,True,True,True,True,1,True,False,False,Valid
CLM-01005,PRD-01005,Electronics,Smartphone,SN-D6C4B75C7B,2024-01-07,1936.79,2024-01-07,365,2025-01-06,2024-01-15,Screen Malfunction,Screen Malfunction reported by customer.,Wear and Tear,2024-01-16,9,True,True,True,True,1,True,False,True,ManualReview
CLM-01491,PRD-01491,Furniture,Bookshelf,SN-97070376FC,2025-06-28,1440.26,2025-06-28,1095,2028-06-27,2028-03-26,Material Defect,Material Defect reported by customer.,Accidental Damage,2028-03-31,1007,False,True,True,True,0,True,False,False,ManualReview
CLM-00572,PRD-00572,Furniture,Bookshelf,SN-E64F3DCDBA,2025-12-20,618.85,2025-12-20,365,2026-12-20,2027-01-19,Material Defect,Material Defect reported by customer.,Accidental Damage,2027-01-24,400,True,True,True,True,0,True,False,False,Invalid
CLM-00016,PRD-00016,Appliances,Washing Machine,SN-6FBA6CC835,2024-08-29,2202.87,2024-08-29,730,2026-08-29,2025-05-02,Motor Failure,Motor Failure reported by customer during normal use.,Wear and Tear,2025-05-07,251,True,True,True,True,1,True,False,False,Valid
CLM-00495,PRD-00495,Appliances,Washing Machine,SN-541250307E,2025-08-22,2042.21,2025-08-22,1095,2028-08-21,2027-10-03,Thermostat Malfunction,Thermostat Malfunction reported by customer during normal use.,Cosmetic Damage,2027-10-08,777,True,True,True,True,1,True,False,False,Valid
CLM-00351,PRD-00351,Furniture,Office Chair,SN-9876B2D3E8,2025-10-13,2373.5,2025-10-13,365,2026-10-13,2026-01-11,Joint/Hinge Failure,Joint/Hinge Failure reported by customer during normal use.,Structural Damage,2026-01-15,94,True,True,True,True,1,True,False,False,Valid
CLM-01000,PRD-01000,Appliances,Washing Machine,SN-4E66C43FD8,2026-09-04,1877.14,2026-09-04,730,2028-09-03,2028-03-24,Drainage Issue,Drainage Issue reported by customer.,Cosmetic Damage,2028-03-26,569,True,True,True,False,1,True,False,False,Invalid
CLM-00275,PRD-00275,Electronics,Tablet,SN-9674B087F5,2025-12-11,2493.3,2025-12-11,365,2026-12-11,2025-12-25,Overheating,Overheating reported by customer during normal use.,Cosmetic Damage,2025-12-29,18,True,True,True,True,0,True,False,False,Valid
CLM-01192,PRD-01192,Electronics,Headphones,SN-E5EEE0AD61,2024-09-18,1918.62,2024-09-18,730,2026-09-18,2024-10-14,Overheating,Overheating reported by customer.,Electrical Fault,2024-10-18,30,True,True,True,True,1,False,False,False,ManualReview
CLM-00272,PRD-00272,Electronics,Laptop,SN-8989B38FCE,2022-08-30,2374.62,2022-08-30,730,2024-08-29,2023-08-03,Software Fault,Software Fault reported by customer during normal use.,Structural Damage,2023-08-07,342,True,True,True,True,1,True,False,False,Valid
CLM-01474,PRD-01474,Appliances,Dishwasher,SN-238C78CC19,2023-05-25,346.48,2023-05-25,730,2025-05-24,2025-04-07,Compressor Fault,Compressor Fault reported by customer.,Manufacturing Defect,2025-04-09,685,True,True,True,True,0,True,False,True,ManualReview
CLM-00238,PRD-00238,Electronics,Headphones,SN-FB60ED3C9D,2023-12-22,554.9,2023-12-22,365,2024-12-21,2024-08-06,Screen Malfunction,Screen Malfunction reported by customer during normal use.,Structural Damage,2024-08-11,233,True,True,True,True,0,True,False,False,Valid
CLM-00586,PRD-00586,Electronics,Smartphone,SN-DF7A9FE1DD,2023-06-16,184.91,2023-06-16,365,2024-06-15,2024-05-22,Water Damage,Water Damage - not covered under warranty terms.,Manufacturing Defect,2024-05-27,346,True,True,True,True,1,True,False,False,Invalid
CLM-01313,PRD-01313,Furniture,Office Chair,SN-F5CC13308D,2026-02-10,836.63,2026-02-10,1095,2029-02-09,2026-04-24,Material Defect,Material Defect reported by customer.,Accidental Damage,2026-04-26,75,True,False,True,True,0,True,False,False,ManualReview
CLM-00695,PRD-00695,Furniture,Bed Frame,SN-4BF334C686,2024-03-30,451.29,2024-03-30,1095,2027-03-30,2024-09-25,Upholstery Tear,Upholstery Tear reported by customer.,Cosmetic Damage,2024-09-27,181,True,True,True,True,1,True,True,False,Invalid
CLM-01002,PRD-01002,Appliances,Washing Machine,SN-BE981363CB,2023-08-23,1175.51,2023-08-23,1095,2026-08-22,2024-08-28,Thermostat Malfunction,Thermostat Malfunction reported by customer.,Wear and Tear,2024-08-31,374,True,True,True,True,0,True,False,True,ManualReview
CLM-00323,PRD-00323,Electronics,Television,SN-DCB0292AF3,2022-10-16,870.78,2022-10-16,365,2023-10-16,2022-11-19,Overheating,Overheating reported by customer during normal use.,Accidental Damage,2022-11-22,37,True,True,True,True,1,True,False,False,Valid
CLM-00783,PRD-00783,Electronics,Laptop,SN-1E82E24B0C,2023-01-24,1880.22,2023-01-24,365,2024-01-24,2024-06-08,Software Fault,Software Fault reported by customer.,Cosmetic Damage,2024-06-09,502,True,True,True,True,1,True,False,False,Invalid
CLM-01359,PRD-01359,Appliances,Washing Machine,SN-E074714517,2022-09-27,2204.29,2022-09-27,1095,2025-09-26,2023-04-13,Electrical Short Circuit,Electrical Short Circuit reported by customer.,Structural Damage,2023-04-15,200,False,True,True,True,0,True,False,False,ManualReview
CLM-01204,PRD-01204,Furniture,Office Chair,SN-976C96B70B,2026-02-15,1929.12,2026-02-15,1095,2029-02-14,2026-07-23,Upholstery Tear,Upholstery Tear reported by customer.,Structural Damage,2026-07-28,163,True,True,True,True,1,True,False,True,ManualReview
CLM-00971,PRD-00971,Electronics,Smartphone,SN-0A7BFE82F4,2023-05-17,1308.53,2023-05-17,730,2025-05-16,2023-11-09,Software Fault,Software Fault reported by customer.,Electrical Fault,2023-11-12,179,True,True,True,True,0,True,True,False,Invalid
CLM-01467,PRD-01467,Electronics,Television,SN-95EAB9CA9A,2025-09-21,1954.05,2025-09-21,730,2027-09-21,2025-12-31,Software Fault,Software Fault reported by customer.,Wear and Tear,2026-01-01,102,True,True,True,True,1,True,False,True,ManualReview
CLM-00527,PRD-00527,Electronics,Laptop,SN-5B72C91430,2024-02-13,1950.35,2024-02-13,365,2025-02-12,2024-05-23,Battery Failure,Battery Failure reported by customer.,Structural Damage,2024-05-26,103,True,True,True,True,0,True,True,False,Invalid
CLM-01426,PRD-01426,Appliances,Air Conditioner,SN-D24C3D5F8F,2023-01-01,1151.24,2023-01-01,1095,2025-12-31,2023-05-02,Electrical Short Circuit,Electrical Short Circuit reported by customer.,Accidental Damage,2023-05-06,125,True,True,True,True,1,False,False,False,ManualReview
CLM-01171,PRD-01171,Furniture,Sofa,SN-1A67C2E95C,2022-08-30,1246.5,2022-08-30,365,2023-08-30,2023-06-19,Joint/Hinge Failure,Joint/Hinge Failure reported by customer.,Accidental Damage,2023-06-23,297,True,True,True,True,3,False,False,False,ManualReview
CLM-00176,PRD-00176,Appliances,Microwave Oven,SN-317F8DE185,2026-04-02,518.2,2026-04-02,730,2028-04-01,2027-01-10,Electrical Short Circuit,Electrical Short Circuit reported by customer during normal use.,Manufacturing Defect,2027-01-11,284,True,True,True,True,1,True,False,False,Valid
CLM-00359,PRD-00359,Furniture,Office Chair,SN-AB6B2FE94D,2022-09-09,699.77,2022-09-09,1095,2025-09-08,2024-08-28,Structural Frame Defect,Structural Frame Defect reported by customer during normal use.,Cosmetic Damage,2024-08-31,722,True,True,True,True,0,True,False,False,Valid
CLM-00044,PRD-00044,Furniture,Office Chair,SN-B82CA7BEA7,2023-03-27,1511.6,2023-03-27,365,2024-03-26,2023-11-05,Joint/Hinge Failure,Joint/Hinge Failure reported by customer during normal use.,Cosmetic Damage,2023-11-10,228,True,True,True,True,1,True,False,False,Valid
CLM-00417,PRD-00417,Appliances,Washing Machine,SN-FE60D758CB,2025-02-04,162.63,2025-02-04,1095,2028-02-04,2025-03-01,Electrical Short Circuit,Electrical Short Circuit reported by customer during normal use.,Cosmetic Damage,2025-03-06,30,True,True,True,True,1,True,False,False,Valid
CLM-00345,PRD-00345,Furniture,Dining Table,SN-A63FE59757,2025-06-03,1059.38,2025-06-03,1095,2028-06-02,2026-12-28,Structural Frame Defect,Structural Frame Defect reported by customer during normal use.,Manufacturing Defect,2027-01-01,577,True,True,True,True,1,True,False,False,Valid
CLM-01027,PRD-01027,Appliances,Washing Machine,SN-0C02594762,2025-10-14,2466.91,2025-10-14,730,2027-10-14,2026-01-19,Electrical Short Circuit,Electrical Short Circuit reported by customer.,Manufacturing Defect,2026-01-22,100,False,True,True,True,1,True,False,False,ManualReview
CLM-01402,PRD-01402,Furniture,Dining Table,SN-F30B4E28BF,2024-02-06,1149.88,2024-02-06,1095,2027-02-05,2026-09-05,Joint/Hinge Failure,Joint/Hinge Failure reported by customer.,Accidental Damage,2026-09-06,943,True,False,True,True,1,True,False,False,ManualReview
CLM-00102,PRD-00102,Furniture,Bed Frame,SN-E745F7657A,2024-06-19,2138.24,2024-06-19,365,2025-06-19,2025-03-27,Material Defect,Material Defect reported by customer during normal use.,Accidental Damage,2025-03-28,282,True,True,True,True,1,True,False,False,Valid
CLM-00108,PRD-00108,Appliances,Dishwasher,SN-F6038033A8,2026-03-17,2406.97,2026-03-17,1095,2029-03-16,2027-04-29,Electrical Short Circuit,Electrical Short Circuit reported by customer during normal use.,Electrical Fault,2027-05-03,412,True,True,True,True,1,True,False,False,Valid
CLM-01490,PRD-01490,Furniture,Sofa,SN-9659212842,2023-04-28,2417.96,2023-04-28,1095,2026-04-27,2024-10-01,Upholstery Tear,Upholstery Tear reported by customer.,Manufacturing Defect,2024-10-05,526,True,False,True,True,1,True,False,False,ManualReview
CLM-01053,PRD-01053,Appliances,Microwave Oven,SN-25FC9CFB47,2024-05-07,2104.29,2024-05-07,1095,2027-05-07,2026-09-07,Motor Failure,Motor Failure reported by customer.,Cosmetic Damage,2026-09-08,854,True,True,True,True,1,False,False,False,ManualReview
CLM-00965,PRD-00965,Furniture,Dining Table,SN-FCCFA8EC3E,2023-06-05,978.06,2023-06-05,365,2024-06-04,2024-04-12,Upholstery Tear,Upholstery Tear reported by customer.,Manufacturing Defect,2024-04-16,316,True,True,True,False,1,True,False,False,Invalid
CLM-00381,PRD-00381,Appliances,Dishwasher,SN-715CEEECDD,2023-05-21,1962.27,2023-05-21,1095,2026-05-20,2024-07-09,Compressor Fault,Compressor Fault reported by customer during normal use.,Wear and Tear,2024-07-10,416,True,True,True,True,0,True,False,False,Valid
CLM-00245,PRD-00245,Furniture,Sofa,SN-227B2E680E,2024-09-14,276.54,2024-09-14,1095,2027-09-14,2026-10-26,Joint/Hinge Failure,Joint/Hinge Failure reported by customer during normal use.,Manufacturing Defect,2026-10-31,777,True,True,True,True,0,True,False,False,Valid
CLM-01100,PRD-01100,Electronics,Headphones,SN-14AFB7A241,2025-07-23,2418.35,2025-07-23,365,2026-07-23,2025-08-27,Charging Port Issue,Not working properly sometimes,Accidental Damage,2025-08-30,38,True,True,True,True,0,True,False,False,ManualReview
CLM-00501,PRD-00501,Furniture,Bed Frame,SN-E88DBB4D01,2025-08-29,2397.08,2025-08-29,365,2026-08-29,2026-06-21,Material Defect,Material Defect reported by customer.,Accidental Damage,2026-06-24,299,True,True,True,False,1,True,False,False,Invalid
CLM-00701,PRD-00701,Appliances,Microwave Oven,SN-8ADE5B8C40,2026-07-08,2054.79,2026-07-08,1095,2029-07-07,2029-08-13,Electrical Short Circuit,Electrical Short Circuit reported by customer.,Structural Damage,2029-08-18,1137,True,True,True,True,1,True,False,False,Invalid
CLM-00129,PRD-00129,Furniture,Office Chair,SN-9F2341DF20,2025-12-22,1349.86,2025-12-22,1095,2028-12-21,2026-07-17,Material Defect,Material Defect reported by customer during normal use.,Structural Damage,2026-07-18,208,True,True,True,True,1,True,False,False,Valid
CLM-00240,PRD-00240,Furniture,Office Chair,SN-70640B6803,2025-11-08,831.31,2025-11-08,365,2026-11-08,2026-01-20,Joint/Hinge Failure,Joint/Hinge Failure reported by customer during normal use.,Wear and Tear,2026-01-25,78,True,True,True,True,1,True,False,False,Valid
CLM-01115,PRD-01115,Furniture,Sofa,SN-76DFB5C61F,2023-06-03,2055.45,2023-06-03,365,2024-06-02,2024-02-02,Upholstery Tear,Upholstery Tear reported by customer.,Wear and Tear,2024-02-06,248,True,True,True,True,0,True,False,True,ManualReview
CLM-00683,PRD-00683,Appliances,Refrigerator,SN-BEDEF8A338,2022-10-01,2185.89,2022-10-01,730,2024-09-30,2024-05-17,Thermostat Malfunction,Thermostat Malfunction reported by customer.,Structural Damage,2024-05-20,597,True,True,True,False,0,True,False,False,Invalid
CLM-00483,PRD-00483,Furniture,Bookshelf,SN-E4A85A8D98,2025-07-16,67.63,2025-07-16,365,2026-07-16,2026-02-12,Joint/Hinge Failure,Joint/Hinge Failure reported by customer during normal use.,Cosmetic Damage,2026-02-15,214,True,True,True,True,0,True,False,False,Valid
CLM-01306,PRD-01306,Appliances,Air Conditioner,SN-042E649E28,2023-10-12,1938.91,2023-10-12,730,2025-10-11,2025-05-26,Drainage Issue,Drainage Issue reported by customer.,Manufacturing Defect,2025-05-31,597,True,True,True,True,1,False,False,False,ManualReview
CLM-00276,PRD-00276,Furniture,Dining Table,SN-9956E4FB0C,2024-04-04,2086.64,2024-04-04,1095,2027-04-04,2025-01-16,Material Defect,Material Defect reported by customer during normal use.,Electrical Fault,2025-01-19,290,True,True,True,True,0,True,False,False,Valid
CLM-00583,PRD-00583,Appliances,Microwave Oven,SN-EA39CD3300,2024-03-30,1584.81,2024-03-30,1095,2027-03-30,2025-09-03,Improper Installation Damage,Improper Installation Damage - not covered under warranty terms.,Wear and Tear,2025-09-04,523,True,True,True,True,0,True,False,False,Invalid
CLM-00204,PRD-00204,Appliances,Dishwasher,SN-21209C4722,2025-09-16,735.32,2025-09-16,1095,2028-09-15,2027-12-03,Motor Failure,Motor Failure reported by customer during normal use.,Wear and Tear,2027-12-06,811,True,True,True,True,0,True,False,False,Valid
CLM-00033,PRD-00033,Appliances,Microwave Oven,SN-9CD9C11C57,2025-01-30,2092.68,2025-01-30,730,2027-01-30,2025-02-07,Drainage Issue,Drainage Issue reported by customer during normal use.,Structural Damage,2025-02-12,13,True,True,True,True,1,True,False,False,Valid
CLM-01320,PRD-01320,Electronics,Laptop,SN-532FF1AACC,2023-12-17,446.62,2023-12-17,365,2024-12-16,2024-08-22,Software Fault,Software Fault reported by customer.,Manufacturing Defect,2024-08-25,252,True,True,True,True,1,True,False,True,ManualReview
CLM-00814,PRD-00814,Appliances,Microwave Oven,SN-5800F5F08E,2026-03-12,1087.38,2026-03-12,1095,2029-03-11,2027-02-11,Thermostat Malfunction,Thermostat Malfunction reported by customer.,Cosmetic Damage,2027-02-13,338,True,True,True,True,1,True,True,False,Invalid
CLM-00998,PRD-00998,Electronics,Tablet,SN-59AB7193C2,2022-08-19,1639.18,2022-08-19,365,2023-08-19,2023-10-24,Overheating,Overheating reported by customer.,Accidental Damage,2023-10-26,433,True,True,True,True,1,True,False,False,Invalid
CLM-00382,PRD-00382,Electronics,Smartphone,SN-DF874A43CA,2022-11-28,2299.18,2022-11-28,730,2024-11-27,2024-03-17,Charging Port Issue,Charging Port Issue reported by customer during normal use.,Accidental Damage,2024-03-22,480,True,True,True,True,0,True,False,False,Valid
CLM-01074,PRD-01074,Electronics,Headphones,SN-A747C0AF6B,2025-08-13,2299.18,2025-08-13,365,2026-08-13,2026-04-14,Screen Malfunction,Screen Malfunction reported by customer.,Accidental Damage,2026-04-15,245,True,False,True,True,0,True,False,False,ManualReview
CLM-01349,PRD-01349,Appliances,Refrigerator,SN-E0B29BFFEC,2026-02-21,1459.87,2026-02-21,1095,2029-02-20,2029-02-16,Electrical Short Circuit,Electrical Short Circuit reported by customer.,Cosmetic Damage,2029-02-18,1093,True,True,True,True,1,True,False,False,ManualReview
CLM-00579,PRD-00579,Electronics,Tablet,SN-167678A114,2023-08-20,1957.89,2023-08-20,365,2024-08-19,2024-04-10,Charging Port Issue,Charging Port Issue reported by customer.,Electrical Fault,2024-04-11,235,True,True,True,True,0,True,True,False,Invalid
CLM-00888,PRD-00888,Appliances,Refrigerator,SN-491801EA43,2024-10-30,1761.68,2024-10-30,730,2026-10-30,2026-08-04,Power Surge Damage,Power Surge Damage - not covered under warranty terms.,Wear and Tear,2026-08-09,648,True,True,True,True,0,True,False,False,Invalid
CLM-01326,PRD-01326,Furniture,Sofa,SN-9E302C36EE,2025-08-25,614.54,2025-08-25,1095,2028-08-24,2026-07-30,Structural Frame Defect,Structural Frame Defect reported by customer.,Accidental Damage,2026-08-04,344,True,True,True,True,1,False,False,False,ManualReview
CLM-01327,PRD-01327,Furniture,Dining Table,SN-AD00CAB0EB,2023-10-05,732.13,2023-10-05,1095,2026-10-04,2026-06-07,Material Defect,"Stopped working, not sure why",Accidental Damage,2026-06-11,980,True,True,True,True,1,True,False,False,ManualReview
CLM-00942,PRD-00942,Furniture,Dining Table,SN-60F1FADCDF,2026-07-21,1852.53,2026-07-21,365,2027-07-21,2027-06-26,Joint/Hinge Failure,Joint/Hinge Failure reported by customer.,Electrical Fault,2027-06-28,342,True,True,True,True,0,True,True,False,Invalid
CLM-00164,PRD-00164,Appliances,Dishwasher,SN-58E13612BB,2026-08-12,2122.44,2026-08-12,730,2028-08-11,2027-01-25,Motor Failure,Motor Failure reported by customer during normal use.,Accidental Damage,2027-01-28,169,True,True,True,True,0,True,False,False,Valid
CLM-00910,PRD-00910,Electronics,Headphones,SN-63BF6B1F57,2026-01-08,659.98,2026-01-08,365,2027-01-08,2026-05-28,Battery Failure,Battery Failure reported by customer.,Structural Damage,2026-06-01,144,True,True,True,True,1,True,True,False,Invalid
CLM-00298,PRD-00298,Electronics,Tablet,SN-7971E63302,2023-10-14,2043.15,2023-10-14,365,2024-10-13,2024-07-14,Charging Port Issue,Charging Port Issue reported by customer during normal use.,Structural Damage,2024-07-17,277,True,True,True,True,0,True,False,False,Valid
CLM-00756,PRD-00756,Furniture,Bookshelf,SN-6A20483E92,2023-02-15,2436.61,2023-02-15,365,2024-02-15,2023-09-08,Accidental Damage,Accidental Damage - not covered under warranty terms.,Accidental Damage,2023-09-13,210,True,True,True,True,0,True,False,False,Invalid
CLM-00406,PRD-00406,Appliances,Washing Machine,SN-234BC9BE47,2025-04-14,1769.58,2025-04-14,1095,2028-04-13,2026-12-22,Motor Failure,Motor Failure reported by customer during normal use.,Cosmetic Damage,2026-12-26,621,True,True,True,True,0,True,False,False,Valid
CLM-00969,PRD-00969,Furniture,Bookshelf,SN-1AE72D0322,2025-04-25,1269.62,2025-04-25,365,2026-04-25,2026-11-01,Upholstery Tear,Upholstery Tear reported by customer.,Electrical Fault,2026-11-02,556,True,True,True,True,0,True,False,False,Invalid
CLM-00606,PRD-00606,Furniture,Bookshelf,SN-E1053119B6,2023-10-14,1379.2,2023-10-14,365,2024-10-13,2024-03-07,Normal Wear and Tear,Normal Wear and Tear - not covered under warranty terms.,Accidental Damage,2024-03-12,150,True,True,True,True,1,True,False,False,Invalid
CLM-00421,PRD-00421,Furniture,Bed Frame,SN-D36068B1B2,2023-12-11,243.13,2023-12-11,1095,2026-12-10,2024-06-09,Material Defect,Material Defect reported by customer during normal use.,Structural Damage,2024-06-13,185,True,True,True,True,1,True,False,False,Valid
CLM-00465,PRD-00465,Appliances,Dishwasher,SN-3025480A97,2024-11-06,941.47,2024-11-06,730,2026-11-06,2026-07-30,Compressor Fault,Compressor Fault reported by customer during normal use.,Cosmetic Damage,2026-08-01,633,True,True,True,True,0,True,False,False,Valid
CLM-01188,PRD-01188,Furniture,Bed Frame,SN-0E0922573E,2024-02-20,2161.86,2024-02-20,365,2025-02-19,2024-03-05,Material Defect,Material Defect reported by customer.,Manufacturing Defect,2024-03-06,15,True,True,True,True,0,True,False,True,ManualReview
CLM-00940,PRD-00940,Furniture,Bed Frame,SN-96230FB23A,2025-12-30,744.31,2025-12-30,365,2026-12-30,2026-09-17,Joint/Hinge Failure,Joint/Hinge Failure reported by customer.,Structural Damage,2026-09-18,262,True,True,True,False,0,True,False,False,Invalid
CLM-00193,PRD-00193,Appliances,Refrigerator,SN-2DD0CC861E,2026-01-26,1357.02,2026-01-26,1095,2029-01-25,2026-12-10,Drainage Issue,Drainage Issue reported by customer during normal use.,Structural Damage,2026-12-12,320,True,True,True,True,0,True,False,False,Valid
CLM-00675,PRD-00675,Appliances,Air Conditioner,SN-5CE87D0CC3,2026-02-21,223.21,2026-02-21,730,2028-02-21,2028-06-07,Electrical Short Circuit,Electrical Short Circuit reported by customer.,Structural Damage,2028-06-10,840,True,True,True,True,1,True,False,False,Invalid
CLM-00352,PRD-00352,Electronics,Smartphone,SN-F22469EBA0,2023-12-06,1524.07,2023-12-06,365,2024-12-05,2023-12-08,Software Fault,Software Fault reported by customer during normal use.,Structural Damage,2023-12-11,5,True,True,True,True,0,True,False,False,Valid
CLM-00859,PRD-00859,Appliances,Refrigerator,SN-781C8B0004,2024-08-29,74.24,2024-08-29,730,2026-08-29,2026-11-08,Compressor Fault,Compressor Fault reported by customer.,Manufacturing Defect,2026-11-12,805,True,True,True,True,1,True,False,False,Invalid
CLM-00064,PRD-00064,Furniture,Sofa,SN-C758219EA2,2024-01-05,538.43,2024-01-05,365,2025-01-04,2024-05-09,Upholstery Tear,Upholstery Tear reported by customer during normal use.,Structural Damage,2024-05-11,127,True,True,True,True,0,True,False,False,Valid
CLM-01174,PRD-01174,Appliances,Microwave Oven,SN-A80FBC8DC9,2026-02-28,1852.03,2026-02-28,1095,2029-02-27,2029-02-26,Motor Failure,Motor Failure reported by customer.,Cosmetic Damage,2029-02-28,1096,True,True,True,True,0,True,False,False,ManualReview
CLM-00766,PRD-00766,Appliances,Microwave Oven,SN-9006A91144,2026-01-23,2082.49,2026-01-23,1095,2029-01-22,2026-12-28,Thermostat Malfunction,Thermostat Malfunction reported by customer.,Structural Damage,2026-12-31,342,True,True,True,False,1,True,False,False,Invalid
CLM-01441,PRD-01441,Furniture,Bookshelf,SN-96AA9532B2,2024-02-12,1412.84,2024-02-12,1095,2027-02-11,2025-12-31,Joint/Hinge Failure,Joint/Hinge Failure reported by customer.,Wear and Tear,2026-01-02,690,True,True,True,True,2,False,False,False,ManualReview
CLM-00262,PRD-00262,Appliances,Refrigerator,SN-D76D2011B4,2025-10-20,2094.89,2025-10-20,730,2027-10-20,2026-09-25,Drainage Issue,Drainage Issue reported by customer during normal use.,Cosmetic Damage,2026-09-29,344,True,True,True,True,1,True,False,False,Valid
CLM-00343,PRD-00343,Appliances,Washing Machine,SN-9EC627FDE7,2025-11-04,1111.23,2025-11-04,730,2027-11-04,2026-12-01,Motor Failure,Motor Failure reported by customer during normal use.,Electrical Fault,2026-12-05,396,True,True,True,True,1,True,False,False,Valid
CLM-01221,PRD-01221,Electronics,Laptop,SN-5B323475B8,2026-06-11,1623.68,2026-06-11,730,2028-06-10,2026-08-05,Charging Port Issue,Charging Port Issue reported by customer.,Cosmetic Damage,2026-08-09,59,True,True,True,True,3,False,False,False,ManualReview
CLM-00472,PRD-00472,Appliances,Dishwasher,SN-4F5CA39765,2026-05-01,614.35,2026-05-01,730,2028-04-30,2027-09-07,Motor Failure,Motor Failure reported by customer during normal use.,Cosmetic Damage,2027-09-11,498,True,True,True,True,1,True,False,False,Valid
CLM-01335,PRD-01335,Furniture,Office Chair,SN-C8674728EE,2026-03-20,1294.17,2026-03-20,1095,2029-03-19,2029-03-10,Joint/Hinge Failure,Joint/Hinge Failure reported by customer.,Cosmetic Damage,2029-03-13,1089,True,True,True,True,1,True,False,False,ManualReview
CLM-00199,PRD-00199,Electronics,Smartphone,SN-BFA1CBE294,2024-10-11,2167.2,2024-10-11,730,2026-10-11,2025-09-11,Battery Failure,Battery Failure reported by customer during normal use.,Wear and Tear,2025-09-16,340,True,True,True,True,1,True,False,False,Valid
CLM-01232,PRD-01232,Furniture,Dining Table,SN-FA1406E4E4,2023-08-04,788.14,2023-08-04,365,2024-08-03,2024-03-18,Upholstery Tear,Upholstery Tear reported by customer.,Wear and Tear,2024-03-19,228,True,True,True,True,3,False,False,False,ManualReview
CLM-00918,PRD-00918,Appliances,Refrigerator,SN-4C44623D2A,2024-01-05,1525.27,2024-01-05,1095,2027-01-04,2027-06-14,Motor Failure,Motor Failure reported by customer.,Manufacturing Defect,2027-06-18,1260,True,True,True,True,0,True,False,False,Invalid
CLM-00744,PRD-00744,Electronics,Television,SN-ACFBEB30AA,2022-12-25,2256.41,2022-12-25,730,2024-12-24,2025-06-26,Software Fault,Software Fault reported by customer.,Accidental Damage,2025-06-28,916,True,True,True,True,1,True,False,False,Invalid
CLM-00571,PRD-00571,Appliances,Air Conditioner,SN-AE167C46A1,2023-06-24,1958.81,2023-06-24,1095,2026-06-23,2024-12-21,Improper Installation Damage,Improper Installation Damage - not covered under warranty terms.,Wear and Tear,2024-12-26,551,True,True,True,True,0,True,False,False,Invalid
CLM-00219,PRD-00219,Electronics,Headphones,SN-E94E97473A,2025-04-20,1643.82,2025-04-20,730,2027-04-20,2027-02-14,Charging Port Issue,Charging Port Issue reported by customer during normal use.,Accidental Damage,2027-02-15,666,True,True,True,True,1,True,False,False,Valid
CLM-00454,PRD-00454,Furniture,Dining Table,SN-53AE71E531,2026-06-04,2223.1,2026-06-04,1095,2029-06-03,2027-02-15,Upholstery Tear,Upholstery Tear reported by customer during normal use.,Manufacturing Defect,2027-02-16,257,True,True,True,True,1,True,False,False,Valid
CLM-00031,PRD-00031,Electronics,Television,SN-68250116B1,2023-05-12,1695.64,2023-05-12,730,2025-05-11,2023-07-29,Charging Port Issue,Charging Port Issue reported by customer during normal use.,Electrical Fault,2023-07-30,79,True,True,True,True,1,True,False,False,Valid
CLM-00057,PRD-00057,Furniture,Dining Table,SN-2A0AB117BF,2022-12-26,1066.43,2022-12-26,365,2023-12-26,2023-07-30,Material Defect,Material Defect reported by customer during normal use.,Structural Damage,2023-07-31,217,True,True,True,True,1,True,False,False,Valid
CLM-01211,PRD-01211,Electronics,Television,SN-799DC38259,2026-05-20,897.68,2026-05-20,730,2028-05-19,2026-12-02,Overheating,Overheating reported by customer.,Wear and Tear,2026-12-06,200,True,True,True,True,1,True,False,True,ManualReview
CLM-01386,PRD-01386,Appliances,Air Conditioner,SN-3B1E41EBBD,2025-03-04,1364.31,2025-03-04,730,2027-03-04,2026-12-19,Electrical Short Circuit,Electrical Short Circuit reported by customer.,Wear and Tear,2026-12-21,657,True,True,True,True,2,False,False,False,ManualReview
CLM-01066,PRD-01066,Electronics,Laptop,SN-A7B0BCCAD0,2024-10-29,302.09,2024-10-29,730,2026-10-29,2026-01-16,Software Fault,Software Fault reported by customer.,Wear and Tear,2026-01-20,448,True,True,True,True,2,False,False,False,ManualReview
CLM-00431,PRD-00431,Furniture,Dining Table,SN-BAEBBC2016,2024-11-08,2410.8,2024-11-08,1095,2027-11-08,2025-08-18,Upholstery Tear,Upholstery Tear reported by customer during normal use.,Electrical Fault,2025-08-22,287,True,True,True,True,1,True,False,False,Valid
CLM-00725,PRD-00725,Furniture,Bed Frame,SN-82448798F9,2025-06-15,691.08,2025-06-15,1095,2028-06-14,2028-10-02,Structural Frame Defect,Structural Frame Defect reported by customer.,Structural Damage,2028-10-03,1206,True,True,True,True,1,True,False,False,Invalid
CLM-01145,PRD-01145,Electronics,Smartphone,SN-2FF561FE09,2026-09-11,2081.64,2026-09-11,730,2028-09-10,2028-03-31,Screen Malfunction,Screen Malfunction reported by customer.,Electrical Fault,2028-04-04,571,True,True,False,True,1,True,False,False,ManualReview
CLM-01006,PRD-01006,Furniture,Office Chair,SN-1F38467823,2023-10-05,391.11,2023-10-05,365,2024-10-04,2024-09-29,Joint/Hinge Failure,Joint/Hinge Failure reported by customer.,Wear and Tear,2024-09-30,361,True,True,True,True,1,True,False,False,ManualReview
CLM-01051,PRD-01051,Furniture,Bookshelf,SN-BBE62EAFE9,2026-05-15,760.27,2026-05-15,365,2027-05-15,2027-02-22,Material Defect,Material Defect reported by customer.,Wear and Tear,2027-02-26,287,True,True,True,True,1,False,False,False,ManualReview
CLM-01346,PRD-01346,Electronics,Headphones,SN-209A6982CB,2024-04-09,1552.88,2024-04-09,365,2025-04-09,2024-05-02,Software Fault,Software Fault reported by customer.,Accidental Damage,2024-05-04,25,True,True,True,True,3,False,False,False,ManualReview
CLM-01237,PRD-01237,Electronics,Headphones,SN-D107065235,2022-11-15,567.52,2022-11-15,365,2023-11-15,2023-11-13,Software Fault,Software Fault reported by customer.,Manufacturing Defect,2023-11-14,364,True,True,True,True,1,True,False,False,ManualReview
CLM-01236,PRD-01236,Electronics,Laptop,SN-3FA1F512B6,2024-08-27,882.63,2024-08-27,730,2026-08-27,2024-11-17,Software Fault,Software Fault reported by customer.,Structural Damage,2024-11-19,84,True,True,True,True,0,True,False,True,ManualReview
CLM-01449,PRD-01449,Electronics,Television,SN-DD79E9DE37,2023-10-10,344.8,2023-10-10,730,2025-10-09,2024-02-06,Screen Malfunction,Screen Malfunction reported by customer.,Electrical Fault,2024-02-07,120,True,True,True,True,3,False,False,False,ManualReview
CLM-00621,PRD-00621,Furniture,Bookshelf,SN-CF948A6C0F,2026-02-17,829.41,2026-02-17,1095,2029-02-16,2027-04-28,Material Defect,Material Defect reported by customer.,Electrical Fault,2027-04-30,437,True,True,True,True,1,True,True,False,Invalid
CLM-01068,PRD-01068,Electronics,Smartphone,SN-86C339A931,2025-11-30,1054.03,2025-11-30,730,2027-11-30,2026-06-04,Screen Malfunction,Screen Malfunction reported by customer.,Electrical Fault,2026-06-07,189,True,False,True,True,1,True,False,False,ManualReview
CLM-00839,PRD-00839,Electronics,Laptop,SN-A553CCFE69,2024-03-14,1717.36,2024-03-14,365,2025-03-14,2025-08-19,Overheating,Overheating reported by customer.,Wear and Tear,2025-08-22,526,True,True,True,True,1,True,False,False,Invalid
CLM-00100,PRD-00100,Appliances,Refrigerator,SN-27298C5476,2022-10-31,359.3,2022-10-31,1095,2025-10-30,2023-05-23,Thermostat Malfunction,Thermostat Malfunction reported by customer during normal use.,Manufacturing Defect,2023-05-28,209,True,True,True,True,1,True,False,False,Valid
CLM-00533,PRD-00533,Furniture,Bookshelf,SN-6ECC673CF7,2026-02-17,197.13,2026-02-17,1095,2029-02-16,2026-09-27,Normal Wear and Tear,Normal Wear and Tear - not covered under warranty terms.,Cosmetic Damage,2026-09-29,224,True,True,True,True,1,True,False,False,Invalid
CLM-00529,PRD-00529,Furniture,Dining Table,SN-C80DA21FC9,2024-10-21,1719.53,2024-10-21,1095,2027-10-21,2025-01-15,Normal Wear and Tear,Normal Wear and Tear - not covered under warranty terms.,Accidental Damage,2025-01-20,91,True,True,True,True,1,True,False,False,Invalid
CLM-01347,PRD-01347,Electronics,Television,SN-7C33C227AE,2025-05-25,599.95,2025-05-25,365,2026-05-25,2026-04-24,Software Fault,Software Fault reported by customer.,Wear and Tear,2026-04-26,336,True,True,True,True,1,False,False,False,ManualReview
CLM-01173,PRD-01173,Electronics,Laptop,SN-CFC2AE920A,2026-05-17,335.33,2026-05-17,730,2028-05-16,2027-04-19,Screen Malfunction,Screen Malfunction reported by customer.,Manufacturing Defect,2027-04-21,339,True,True,True,True,3,False,False,False,ManualReview
CLM-01179,PRD-01179,Furniture,Bed Frame,SN-D97F26F1D6,2025-09-02,1228.35,2025-09-02,1095,2028-09-01,2028-01-10,Joint/Hinge Failure,Joint/Hinge Failure reported by customer.,Wear and Tear,2028-01-14,864,True,False,True,True,0,True,False,False,ManualReview
CLM-00630,PRD-00630,Furniture,Bookshelf,SN-8249263BBE,2026-09-13,1973.3,2026-09-13,1095,2029-09-12,2026-12-29,Upholstery Tear,Upholstery Tear reported by customer.,Manufacturing Defect,2027-01-01,110,True,True,True,True,1,True,True,False,Invalid
CLM-01028,PRD-01028,Appliances,Microwave Oven,SN-4C73F84A36,2025-06-06,527.47,2025-06-06,1095,2028-06-05,2028-06-01,Compressor Fault,Compressor Fault reported by customer.,Cosmetic Damage,2028-06-04,1094,True,True,True,True,1,True,False,False,ManualReview
CLM-00271,PRD-00271,Appliances,Microwave Oven,SN-C124CC6188,2023-01-21,934.76,2023-01-21,1095,2026-01-20,2024-02-26,Thermostat Malfunction,Thermostat Malfunction reported by customer during normal use.,Cosmetic Damage,2024-03-01,405,True,True,True,True,0,True,False,False,Valid
CLM-01342,PRD-01342,Furniture,Dining Table,SN-0A51189BA3,2024-05-04,298.18,2024-05-04,1095,2027-05-04,2027-02-19,Joint/Hinge Failure,Performance seems inconsistent,Cosmetic Damage,2027-02-21,1023,True,True,True,True,0,True,False,False,ManualReview
CLM-00627,PRD-00627,Electronics,Tablet,SN-D1AD9A2EC8,2026-07-01,246.15,2026-07-01,730,2028-06-30,2028-12-03,Overheating,Overheating reported by customer.,Electrical Fault,2028-12-04,887,True,True,True,True,1,True,False,False,Invalid
CLM-01043,PRD-01043,Electronics,Laptop,SN-32B3658AC9,2024-12-22,1229.98,2024-12-22,730,2026-12-22,2026-12-01,Charging Port Issue,Performance seems inconsistent,Cosmetic Damage,2026-12-06,714,True,True,True,True,0,True,False,False,ManualReview
CLM-00977,PRD-00977,Electronics,Headphones,SN-DD013A8F3A,2023-07-14,392.69,2023-07-14,730,2025-07-13,2023-11-07,Battery Failure,Battery Failure reported by customer.,Manufacturing Defect,2023-11-09,118,True,True,True,False,1,True,False,False,Invalid
CLM-00372,PRD-00372,Furniture,Bookshelf,SN-F52F4C492B,2023-04-20,2375.67,2023-04-20,365,2024-04-19,2023-08-09,Upholstery Tear,Upholstery Tear reported by customer during normal use.,Wear and Tear,2023-08-11,113,True,True,True,True,1,True,False,False,Valid
CLM-00589,PRD-00589,Appliances,Washing Machine,SN-7A0A84402B,2025-09-17,209.07,2025-09-17,1095,2028-09-16,2028-12-05,Electrical Short Circuit,Electrical Short Circuit reported by customer.,Wear and Tear,2028-12-10,1180,True,True,True,True,1,True,False,False,Invalid
CLM-00968,PRD-00968,Furniture,Dining Table,SN-1A826C875D,2023-07-21,1459.53,2023-07-21,365,2024-07-20,2023-07-27,Material Defect,Material Defect reported by customer.,Cosmetic Damage,2023-07-31,10,True,True,True,False,0,True,False,False,Invalid
CLM-01166,PRD-01166,Furniture,Dining Table,SN-47666B1173,2026-09-07,1926.59,2026-09-07,365,2027-09-07,2027-08-19,Joint/Hinge Failure,Joint/Hinge Failure reported by customer.,Wear and Tear,2027-08-23,350,True,False,True,True,0,True,False,False,ManualReview
CLM-01147,PRD-01147,Appliances,Microwave Oven,SN-FBA64E01CE,2024-01-10,1939.78,2024-01-10,730,2026-01-09,2024-02-18,Thermostat Malfunction,Thermostat Malfunction reported by customer.,Accidental Damage,2024-02-23,44,True,True,True,True,1,True,False,True,ManualReview
CLM-00237,PRD-00237,Appliances,Dishwasher,SN-05E9C1B529,2023-11-30,656.4,2023-11-30,1095,2026-11-29,2024-12-24,Electrical Short Circuit,Electrical Short Circuit reported by customer during normal use.,Wear and Tear,2024-12-25,391,True,True,True,True,1,True,False,False,Valid
CLM-00597,PRD-00597,Appliances,Washing Machine,SN-2BD2EFCBE9,2025-10-17,1826.16,2025-10-17,1095,2028-10-16,2029-03-10,Compressor Fault,Compressor Fault reported by customer.,Structural Damage,2029-03-13,1243,True,True,True,True,1,True,False,False,Invalid
CLM-00963,PRD-00963,Furniture,Office Chair,SN-88E3FA4A26,2023-02-28,1345.95,2023-02-28,1095,2026-02-27,2023-06-09,Structural Frame Defect,Structural Frame Defect reported by customer.,Structural Damage,2023-06-11,103,True,True,True,False,1,True,False,False,Invalid
CLM-01446,PRD-01446,Appliances,Dishwasher,SN-A1B5E1516B,2026-05-14,2150.53,2026-05-14,1095,2029-05-13,2026-05-18,Motor Failure,Motor Failure reported by customer.,Manufacturing Defect,2026-05-19,5,True,True,True,True,0,True,False,True,ManualReview
CLM-01164,PRD-01164,Furniture,Bed Frame,SN-54EFAEDC01,2024-08-11,362.26,2024-08-11,1095,2027-08-11,2027-08-10,Structural Frame Defect,Structural Frame Defect reported by customer.,Cosmetic Damage,2027-08-13,1097,True,True,True,True,0,True,False,False,ManualReview
CLM-00591,PRD-00591,Furniture,Office Chair,SN-496C08B0D1,2026-01-14,2127.11,2026-01-14,1095,2029-01-13,2028-10-26,Upholstery Tear,Upholstery Tear reported by customer.,Structural Damage,2028-10-31,1021,True,True,True,False,1,True,False,False,Invalid
CLM-00209,PRD-00209,Furniture,Bed Frame,SN-F1CEEFFB92,2026-04-20,1968.11,2026-04-20,1095,2029-04-19,2028-12-31,Structural Frame Defect,Structural Frame Defect reported by customer during normal use.,Cosmetic Damage,2029-01-02,988,True,True,True,True,0,True,False,False,Valid
CLM-01075,PRD-01075,Furniture,Office Chair,SN-2A72A661FB,2024-05-27,1896.55,2024-05-27,1095,2027-05-27,2027-03-04,Joint/Hinge Failure,Joint/Hinge Failure reported by customer.,Manufacturing Defect,2027-03-09,1016,True,True,True,True,1,True,False,True,ManualReview
CLM-00900,PRD-00900,Appliances,Refrigerator,SN-7120ABA234,2026-04-25,2046.96,2026-04-25,730,2028-04-24,2028-08-05,Compressor Fault,Compressor Fault reported by customer.,Manufacturing Defect,2028-08-08,836,True,True,True,True,1,True,False,False,Invalid
CLM-00354,PRD-00354,Furniture,Dining Table,SN-5EB31A3DC1,2025-07-29,2158.64,2025-07-29,365,2026-07-29,2026-05-29,Material Defect,Material Defect reported by customer during normal use.,Accidental Damage,2026-05-30,305,True,True,True,True,0,True,False,False,Valid
CLM-00059,PRD-00059,Appliances,Microwave Oven,SN-41832FE91F,2024-12-22,1368.64,2024-12-22,1095,2027-12-22,2026-07-04,Compressor Fault,Compressor Fault reported by customer during normal use.,Electrical Fault,2026-07-08,563,True,True,True,True,0,True,False,False,Valid
CLM-00304,PRD-00304,Furniture,Bed Frame,SN-56426C85C2,2025-01-12,2070.88,2025-01-12,365,2026-01-12,2025-06-08,Joint/Hinge Failure,Joint/Hinge Failure reported by customer during normal use.,Accidental Damage,2025-06-11,150,True,True,True,True,1,True,False,False,Valid
CLM-01448,PRD-01448,Electronics,Laptop,SN-DBA48378F2,2024-09-18,236.44,2024-09-18,730,2026-09-18,2024-10-27,Charging Port Issue,Charging Port Issue reported by customer.,Cosmetic Damage,2024-10-28,40,True,False,True,True,1,True,False,False,ManualReview
CLM-00844,PRD-00844,Appliances,Microwave Oven,SN-71623126F5,2026-06-09,1319.82,2026-06-09,730,2028-06-08,2028-06-18,Compressor Fault,Compressor Fault reported by customer.,Accidental Damage,2028-06-21,743,True,True,True,True,1,True,False,False,Invalid
CLM-01262,PRD-01262,Furniture,Dining Table,SN-F3C7E57F0E,2025-10-25,1582.46,2025-10-25,365,2026-10-25,2026-08-03,Material Defect,Material Defect reported by customer.,Accidental Damage,2026-08-08,287,False,True,True,True,0,True,False,False,ManualReview
CLM-01431,PRD-01431,Electronics,Television,SN-B480C02C9C,2024-03-04,534.56,2024-03-04,730,2026-03-04,2024-07-15,Overheating,Overheating reported by customer.,Accidental Damage,2024-07-18,136,True,True,True,True,1,False,False,False,ManualReview
CLM-01210,PRD-01210,Electronics,Headphones,SN-F66468C6A3,2025-05-16,1752.99,2025-05-16,730,2027-05-16,2026-08-06,Overheating,Overheating reported by customer.,Cosmetic Damage,2026-08-09,450,False,True,True,True,1,True,False,False,ManualReview
CLM-00368,PRD-00368,Electronics,Tablet,SN-73638E2B42,2023-08-30,959.0,2023-08-30,730,2025-08-29,2024-12-02,Battery Failure,Battery Failure reported by customer during normal use.,Accidental Damage,2024-12-03,461,True,True,True,True,1,True,False,False,Valid
CLM-01358,PRD-01358,Furniture,Bed Frame,SN-BEBC5735AB,2025-06-05,272.3,2025-06-05,1095,2028-06-04,2027-05-29,Upholstery Tear,Upholstery Tear reported by customer.,Electrical Fault,2027-05-30,724,True,True,True,True,2,False,False,False,ManualReview
CLM-01198,PRD-01198,Appliances,Washing Machine,SN-5844FC6912,2025-01-01,1263.2,2025-01-01,730,2027-01-01,2026-02-17,Thermostat Malfunction,Thermostat Malfunction reported by customer.,Wear and Tear,2026-02-18,413,True,True,True,True,1,True,False,True,ManualReview
CLM-01305,PRD-01305,Appliances,Washing Machine,SN-D4DAAF4A55,2025-02-02,351.62,2025-02-02,730,2027-02-02,2026-03-02,Compressor Fault,Performance seems inconsistent,Manufacturing Defect,2026-03-03,394,True,True,True,True,1,True,False,False,ManualReview
CLM-01233,PRD-01233,Electronics,Laptop,SN-C901EB0BAD,2022-08-27,1219.49,2022-08-27,730,2024-08-26,2024-07-31,Overheating,Makes strange noise occasionally,Manufacturing Defect,2024-08-04,708,True,True,True,True,1,True,False,False,ManualReview
CLM-00705,PRD-00705,Electronics,Laptop,SN-48186AE048,2024-09-18,1958.08,2024-09-18,730,2026-09-18,2025-05-02,Water Damage,Water Damage - not covered under warranty terms.,Accidental Damage,2025-05-04,228,True,True,True,True,1,True,False,False,Invalid
CLM-00234,PRD-00234,Electronics,Headphones,SN-C3AD44723A,2024-03-26,1051.72,2024-03-26,365,2025-03-26,2024-10-04,Software Fault,Software Fault reported by customer during normal use.,Cosmetic Damage,2024-10-08,196,True,True,True,True,0,True,False,False,Valid
CLM-00619,PRD-00619,Furniture,Office Chair,SN-30290D35DB,2026-08-26,2457.32,2026-08-26,1095,2029-08-25,2029-09-24,Material Defect,Material Defect reported by customer.,Manufacturing Defect,2029-09-27,1128,True,True,True,True,1,True,False,False,Invalid
CLM-00197,PRD-00197,Appliances,Refrigerator,SN-5EBB5EFDBE,2026-01-10,401.99,2026-01-10,1095,2029-01-09,2028-04-08,Electrical Short Circuit,Electrical Short Circuit reported by customer during normal use.,Cosmetic Damage,2028-04-10,821,True,True,True,True,1,True,False,False,Valid
CLM-01260,PRD-01260,Electronics,Tablet,SN-CC44613D1D,2025-03-24,1657.67,2025-03-24,730,2027-03-24,2026-05-27,Software Fault,Software Fault reported by customer.,Electrical Fault,2026-05-31,433,True,True,True,True,0,True,False,True,ManualReview
CLM-00082,PRD-00082,Appliances,Dishwasher,SN-F956214860,2025-07-22,981.93,2025-07-22,730,2027-07-22,2026-10-06,Drainage Issue,Drainage Issue reported by customer during normal use.,Accidental Damage,2026-10-09,444,True,True,True,True,1,True,False,False,Valid
CLM-01405,PRD-01405,Appliances,Microwave Oven,SN-C6C2241BE1,2023-02-03,2287.73,2023-02-03,1095,2026-02-02,2026-01-27,Drainage Issue,Drainage Issue reported by customer.,Cosmetic Damage,2026-01-28,1090,True,True,True,True,0,True,False,False,ManualReview
CLM-00598,PRD-00598,Appliances,Washing Machine,SN-4C9E800E8A,2024-03-13,2109.81,2024-03-13,730,2026-03-13,2025-11-24,Rust/Corrosion,Rust/Corrosion - not covered under warranty terms.,Electrical Fault,2025-11-28,625,True,True,True,True,1,True,False,False,Invalid
CLM-01157,PRD-01157,Appliances,Dishwasher,SN-64FC428622,2026-04-23,1829.34,2026-04-23,730,2028-04-22,2026-12-08,Motor Failure,Motor Failure reported by customer.,Cosmetic Damage,2026-12-13,234,True,True,False,True,1,True,False,False,ManualReview
CLM-00112,PRD-00112,Appliances,Washing Machine,SN-B107ABFAF9,2023-05-13,270.83,2023-05-13,1095,2026-05-12,2024-05-09,Thermostat Malfunction,Thermostat Malfunction reported by customer during normal use.,Accidental Damage,2024-05-11,364,True,True,True,True,1,True,False,False,Valid
CLM-01277,PRD-01277,Furniture,Bookshelf,SN-3E6CABB617,2022-12-09,1144.25,2022-12-09,365,2023-12-09,2023-12-02,Upholstery Tear,Upholstery Tear reported by customer.,Wear and Tear,2023-12-05,361,True,True,True,True,0,True,False,False,ManualReview
CLM-00781,PRD-00781,Appliances,Microwave Oven,SN-E9946AE5C2,2025-11-28,250.34,2025-11-28,1095,2028-11-27,2026-12-07,Compressor Fault,Compressor Fault reported by customer.,Manufacturing Defect,2026-12-11,378,True,True,True,True,0,True,True,False,Invalid
CLM-00984,PRD-00984,Electronics,Laptop,SN-73FA53D13A,2022-11-03,720.96,2022-11-03,730,2024-11-02,2024-07-29,Screen Malfunction,Screen Malfunction reported by customer.,Wear and Tear,2024-07-31,636,True,True,True,True,0,True,True,False,Invalid
CLM-00800,PRD-00800,Furniture,Bed Frame,SN-23C49789C3,2023-06-28,1635.38,2023-06-28,365,2024-06-27,2024-10-14,Upholstery Tear,Upholstery Tear reported by customer.,Wear and Tear,2024-10-18,478,True,True,True,True,1,True,False,False,Invalid
CLM-01266,PRD-01266,Electronics,Headphones,SN-CA905F0B00,2026-08-22,1366.49,2026-08-22,730,2028-08-21,2027-06-18,Screen Malfunction,Not working properly sometimes,Electrical Fault,2027-06-22,304,True,True,True,True,0,True,False,False,ManualReview
CLM-01151,PRD-01151,Electronics,Laptop,SN-F39B5C5BA5,2023-06-13,2184.54,2023-06-13,365,2024-06-12,2023-09-15,Screen Malfunction,Screen Malfunction reported by customer.,Wear and Tear,2023-09-20,99,True,False,True,True,0,True,False,False,ManualReview
CLM-00825,PRD-00825,Appliances,Washing Machine,SN-01A6C2476D,2025-01-28,492.24,2025-01-28,1095,2028-01-28,2026-07-12,Thermostat Malfunction,Thermostat Malfunction reported by customer.,Structural Damage,2026-07-13,531,True,True,True,False,0,True,False,False,Invalid
CLM-00383,PRD-00383,Appliances,Washing Machine,SN-3B6639994F,2023-12-25,962.54,2023-12-25,730,2025-12-24,2025-08-16,Thermostat Malfunction,Thermostat Malfunction reported by customer during normal use.,Wear and Tear,2025-08-21,605,True,True,True,True,1,True,False,False,Valid
CLM-00539,PRD-00539,Appliances,Microwave Oven,SN-AD1347BE27,2026-03-21,838.96,2026-03-21,1095,2029-03-20,2029-04-21,Motor Failure,Motor Failure reported by customer.,Structural Damage,2029-04-23,1129,True,True,True,True,0,True,False,False,Invalid
CLM-01494,PRD-01494,Furniture,Office Chair,SN-D6CCCD9E6E,2025-01-13,639.67,2025-01-13,1095,2028-01-13,2027-01-10,Joint/Hinge Failure,Joint/Hinge Failure reported by customer.,Structural Damage,2027-01-12,729,True,True,True,True,0,True,False,True,ManualReview
CLM-01113,PRD-01113,Furniture,Sofa,SN-4233FBA402,2023-10-09,303.84,2023-10-09,365,2024-10-08,2023-11-10,Material Defect,"Stopped working, not sure why",Structural Damage,2023-11-11,33,True,True,True,True,0,True,False,False,ManualReview
CLM-00325,PRD-00325,Appliances,Refrigerator,SN-C79F7F10D5,2023-03-15,2240.96,2023-03-15,1095,2026-03-14,2023-03-24,Drainage Issue,Drainage Issue reported by customer during normal use.,Wear and Tear,2023-03-25,10,True,True,True,True,0,True,False,False,Valid
CLM-00362,PRD-00362,Appliances,Washing Machine,SN-B82D6AF7F2,2024-02-02,2381.57,2024-02-02,1095,2027-02-01,2026-03-14,Compressor Fault,Compressor Fault reported by customer during normal use.,Accidental Damage,2026-03-16,773,True,True,True,True,0,True,False,False,Valid
CLM-01488,PRD-01488,Appliances,Refrigerator,SN-E51160EF86,2025-11-20,1324.28,2025-11-20,1095,2028-11-19,2028-11-20,Compressor Fault,Compressor Fault reported by customer.,Cosmetic Damage,2028-11-22,1098,True,True,True,True,0,True,False,False,ManualReview
CLM-01030,PRD-01030,Electronics,Headphones,SN-FA22C4301C,2026-02-18,278.56,2026-02-18,365,2027-02-18,2026-11-01,Battery Failure,Battery Failure reported by customer.,Wear and Tear,2026-11-06,261,True,True,True,True,3,False,False,False,ManualReview
CLM-00708,PRD-00708,Furniture,Sofa,SN-52F49785A8,2023-05-07,2149.2,2023-05-07,365,2024-05-06,2023-07-13,Misuse Damage,Misuse Damage - not covered under warranty terms.,Cosmetic Damage,2023-07-15,69,True,True,True,True,0,True,False,False,Invalid
CLM-00333,PRD-00333,Furniture,Office Chair,SN-C210FED9E0,2022-11-14,2307.12,2022-11-14,365,2023-11-14,2023-07-10,Joint/Hinge Failure,Joint/Hinge Failure reported by customer during normal use.,Cosmetic Damage,2023-07-11,239,True,True,True,True,1,True,False,False,Valid
CLM-00430,PRD-00430,Electronics,Tablet,SN-D75932DFB9,2023-05-06,303.71,2023-05-06,365,2024-05-05,2023-12-06,Software Fault,Software Fault reported by customer during normal use.,Structural Damage,2023-12-11,219,True,True,True,True,1,True,False,False,Valid
CLM-01243,PRD-01243,Appliances,Microwave Oven,SN-A18502EE60,2023-04-22,2176.35,2023-04-22,730,2025-04-21,2025-03-26,Drainage Issue,Drainage Issue reported by customer.,Accidental Damage,2025-03-29,707,True,False,True,True,1,True,False,False,ManualReview
CLM-00426,PRD-00426,Furniture,Bookshelf,SN-F5579F36D7,2026-07-24,310.49,2026-07-24,1095,2029-07-23,2028-11-12,Upholstery Tear,Upholstery Tear reported by customer during normal use.,Electrical Fault,2028-11-13,843,True,True,True,True,0,True,False,False,Valid
CLM-00629,PRD-00629,Appliances,Air Conditioner,SN-0E075F27E7,2025-11-04,1847.85,2025-11-04,1095,2028-11-03,2026-10-17,Electrical Short Circuit,Electrical Short Circuit reported by customer.,Accidental Damage,2026-10-18,348,True,True,True,False,1,True,False,False,Invalid
CLM-01112,PRD-01112,Furniture,Office Chair,SN-4B3EE32D46,2025-05-06,1577.98,2025-05-06,365,2026-05-06,2025-07-23,Structural Frame Defect,Structural Frame Defect reported by customer.,Manufacturing Defect,2025-07-28,83,False,True,True,True,0,True,False,False,ManualReview
CLM-00678,PRD-00678,Electronics,Television,SN-97D8F533AE,2025-08-26,328.22,2025-08-26,365,2026-08-26,2025-12-21,Unauthorized Modification,Unauthorized Modification - not covered under warranty terms.,Cosmetic Damage,2025-12-24,120,True,True,True,True,1,True,False,False,Invalid
CLM-00694,PRD-00694,Electronics,Television,SN-6C68961D44,2024-08-05,804.81,2024-08-05,730,2026-08-05,2027-02-04,Battery Failure,Battery Failure reported by customer.,Structural Damage,2027-02-08,917,True,True,True,True,1,True,False,False,Invalid
CLM-00758,PRD-00758,Appliances,Air Conditioner,SN-42B3E9778D,2023-04-16,599.99,2023-04-16,1095,2026-04-15,2026-01-23,Electrical Short Circuit,Electrical Short Circuit reported by customer.,Wear and Tear,2026-01-27,1017,True,True,True,False,0,True,False,False,Invalid
CLM-00255,PRD-00255,Furniture,Bookshelf,SN-41ECF7B62F,2022-09-10,90.98,2022-09-10,1095,2025-09-09,2022-10-15,Joint/Hinge Failure,Joint/Hinge Failure reported by customer during normal use.,Structural Damage,2022-10-20,40,True,True,True,True,1,True,False,False,Valid
CLM-01095,PRD-01095,Electronics,Smartphone,SN-2275E069F4,2024-07-04,1158.91,2024-07-04,730,2026-07-04,2026-07-03,Software Fault,Software Fault reported by customer.,Structural Damage,2026-07-04,730,True,True,True,True,1,True,False,False,ManualReview
CLM-00917,PRD-00917,Appliances,Refrigerator,SN-DEFE995E87,2025-04-21,134.54,2025-04-21,730,2027-04-21,2027-06-22,Compressor Fault,Compressor Fault reported by customer.,Cosmetic Damage,2027-06-27,797,True,True,True,True,1,True,False,False,Invalid
CLM-01186,PRD-01186,Electronics,Television,SN-2C728C9359,2024-12-10,578.26,2024-12-10,730,2026-12-10,2026-06-06,Screen Malfunction,Screen Malfunction reported by customer.,Manufacturing Defect,2026-06-07,544,True,True,False,True,0,True,False,False,ManualReview
CLM-00669,PRD-00669,Appliances,Air Conditioner,SN-524A74EDAF,2023-08-02,1912.83,2023-08-02,1095,2026-08-01,2024-07-15,Rust/Corrosion,Rust/Corrosion - not covered under warranty terms.,Accidental Damage,2024-07-20,353,True,True,True,True,0,True,False,False,Invalid
CLM-00842,PRD-00842,Furniture,Dining Table,SN-C4DA22ACF6,2025-12-03,364.2,2025-12-03,365,2026-12-03,2026-08-29,Upholstery Tear,Upholstery Tear reported by customer.,Wear and Tear,2026-09-01,272,True,True,True,False,0,True,False,False,Invalid
CLM-00807,PRD-00807,Electronics,Television,SN-FBF0F61C15,2022-10-31,1366.71,2022-10-31,365,2023-10-31,2023-08-05,Unauthorized Modification,Unauthorized Modification - not covered under warranty terms.,Cosmetic Damage,2023-08-08,281,True,True,True,True,1,True,False,False,Invalid
CLM-01457,PRD-01457,Electronics,Television,SN-4000233C1B,2025-12-25,887.04,2025-12-25,365,2026-12-25,2026-12-15,Battery Failure,Battery Failure reported by customer.,Structural Damage,2026-12-19,359,True,True,True,True,1,False,False,False,ManualReview
CLM-00087,PRD-00087,Electronics,Television,SN-A4FA771BE3,2025-02-01,354.67,2025-02-01,730,2027-02-01,2025-11-06,Software Fault,Software Fault reported by customer during normal use.,Cosmetic Damage,2025-11-11,283,True,True,True,True,1,True,False,False,Valid
CLM-01422,PRD-01422,Furniture,Office Chair,SN-5DC934BCEE,2026-01-20,348.53,2026-01-20,1095,2029-01-19,2029-01-14,Joint/Hinge Failure,Joint/Hinge Failure reported by customer.,Structural Damage,2029-01-17,1093,True,True,True,True,0,True,False,False,ManualReview
CLM-00266,PRD-00266,Electronics,Television,SN-5092A55464,2024-10-03,1793.61,2024-10-03,365,2025-10-03,2025-03-16,Software Fault,Software Fault reported by customer during normal use.,Cosmetic Damage,2025-03-19,167,True,True,True,True,0,True,False,False,Valid
CLM-00288,PRD-00288,Furniture,Bed Frame,SN-9A43DAFDB8,2025-12-01,329.87,2025-12-01,1095,2028-11-30,2027-08-02,Upholstery Tear,Upholstery Tear reported by customer during normal use.,Electrical Fault,2027-08-07,614,True,True,True,True,1,True,False,False,Valid
CLM-01484,PRD-01484,Appliances,Dishwasher,SN-EE1F29BB8E,2024-10-15,1905.67,2024-10-15,1095,2027-10-15,2027-10-13,Motor Failure,Motor Failure reported by customer.,Electrical Fault,2027-10-16,1096,True,True,True,True,0,True,False,False,ManualReview
CLM-00893,PRD-00893,Electronics,Laptop,SN-2A7A0EECB9,2026-01-11,296.26,2026-01-11,365,2027-01-11,2026-02-23,Battery Failure,Battery Failure reported by customer.,Manufacturing Defect,2026-02-24,44,True,True,True,True,1,True,True,False,Invalid
CLM-01496,PRD-01496,Electronics,Tablet,SN-3A91C0C20B,2025-05-08,355.18,2025-05-08,730,2027-05-08,2026-08-21,Battery Failure,Battery Failure reported by customer.,Electrical Fault,2026-08-26,475,True,True,True,True,1,False,False,False,ManualReview
CLM-00979,PRD-00979,Furniture,Office Chair,SN-C7541DC6A1,2024-12-26,1248.22,2024-12-26,365,2025-12-26,2025-07-18,Misuse Damage,Misuse Damage - not covered under warranty terms.,Cosmetic Damage,2025-07-23,209,True,True,True,True,1,True,False,False,Invalid
CLM-00535,PRD-00535,Furniture,Dining Table,SN-BD0637AA61,2022-11-05,1238.99,2022-11-05,1095,2025-11-04,2023-11-28,Material Defect,Material Defect reported by customer.,Structural Damage,2023-12-03,393,True,True,True,False,1,True,False,False,Invalid
CLM-01001,PRD-01001,Appliances,Refrigerator,SN-34D28B8F27,2024-02-18,549.6,2024-02-18,1095,2027-02-17,2026-07-27,Compressor Fault,Makes strange noise occasionally,Wear and Tear,2026-07-30,893,True,True,True,True,1,True,False,False,ManualReview
CLM-00222,PRD-00222,Appliances,Microwave Oven,SN-98E358D801,2026-03-22,1381.09,2026-03-22,1095,2029-03-21,2028-11-06,Drainage Issue,Drainage Issue reported by customer during normal use.,Wear and Tear,2028-11-09,963,True,True,True,True,1,True,False,False,Valid
CLM-00114,PRD-00114,Furniture,Office Chair,SN-694853220F,2025-04-02,2409.09,2025-04-02,365,2026-04-02,2026-01-14,Material Defect,Material Defect reported by customer during normal use.,Wear and Tear,2026-01-17,290,True,True,True,True,0,True,False,False,Valid
CLM-00673,PRD-00673,Electronics,Tablet,SN-C9937CD71C,2026-07-06,1842.88,2026-07-06,365,2027-07-06,2026-11-09,Charging Port Issue,Charging Port Issue reported by customer.,Wear and Tear,2026-11-10,127,True,True,True,False,0,True,False,False,Invalid
CLM-00584,PRD-00584,Appliances,Air Conditioner,SN-0CF1A96A0F,2025-09-03,2028.26,2025-09-03,1095,2028-09-02,2028-05-05,Rust/Corrosion,Rust/Corrosion - not covered under warranty terms.,Wear and Tear,2028-05-09,979,True,True,True,True,1,True,False,False,Invalid
CLM-00175,PRD-00175,Appliances,Refrigerator,SN-F6677A4072,2023-09-29,2220.19,2023-09-29,730,2025-09-28,2024-11-09,Drainage Issue,Drainage Issue reported by customer during normal use.,Accidental Damage,2024-11-14,412,True,True,True,True,1,True,False,False,Valid
CLM-00536,PRD-00536,Electronics,Tablet,SN-86FCE21E01,2024-06-09,1844.39,2024-06-09,730,2026-06-09,2025-12-07,Water Damage,Water Damage - not covered under warranty terms.,Structural Damage,2025-12-09,548,True,True,True,True,1,True,False,False,Invalid
CLM-01079,PRD-01079,Appliances,Dishwasher,SN-9767ADDB1F,2024-02-20,1761.73,2024-02-20,1095,2027-02-19,2024-11-06,Motor Failure,Makes strange noise occasionally,Structural Damage,2024-11-09,263,True,True,True,True,0,True,False,False,ManualReview
CLM-01177,PRD-01177,Furniture,Dining Table,SN-02DA6AFE7A,2025-01-22,214.79,2025-01-22,365,2026-01-22,2025-08-26,Structural Frame Defect,Structural Frame Defect reported by customer.,Cosmetic Damage,2025-08-29,219,True,True,True,True,3,False,False,False,ManualReview
CLM-01107,PRD-01107,Furniture,Office Chair,SN-E2A362A231,2024-08-11,1097.79,2024-08-11,1095,2027-08-11,2024-10-05,Structural Frame Defect,Not working properly sometimes,Electrical Fault,2024-10-09,59,True,True,True,True,1,True,False,False,ManualReview
CLM-00983,PRD-00983,Appliances,Refrigerator,SN-7C5929F555,2023-09-27,1211.04,2023-09-27,1095,2026-09-26,2024-07-30,Improper Installation Damage,Improper Installation Damage - not covered under warranty terms.,Cosmetic Damage,2024-08-01,309,True,True,True,True,0,True,False,False,Invalid
CLM-00286,PRD-00286,Furniture,Bed Frame,SN-6E8FD78F5A,2022-08-26,1776.6,2022-08-26,1095,2025-08-25,2023-03-22,Structural Frame Defect,Structural Frame Defect reported by customer during normal use.,Accidental Damage,2023-03-27,213,True,True,True,True,0,True,False,False,Valid
CLM-00868,PRD-00868,Appliances,Dishwasher,SN-595BB22487,2023-10-15,587.84,2023-10-15,730,2025-10-14,2024-05-27,Power Surge Damage,Power Surge Damage - not covered under warranty terms.,Electrical Fault,2024-05-30,228,True,True,True,True,0,True,False,False,Invalid
CLM-00375,PRD-00375,Furniture,Bookshelf,SN-D2108F1264,2023-04-04,1065.38,2023-04-04,1095,2026-04-03,2023-11-06,Structural Frame Defect,Structural Frame Defect reported by customer during normal use.,Structural Damage,2023-11-11,221,True,True,True,True,0,True,False,False,Valid
CLM-01197,PRD-01197,Electronics,Headphones,SN-5052EC3AD4,2024-09-24,361.84,2024-09-24,365,2025-09-24,2024-12-21,Screen Malfunction,Screen Malfunction reported by customer.,Wear and Tear,2024-12-23,90,True,True,True,True,0,True,False,True,ManualReview
CLM-00032,PRD-00032,Appliances,Dishwasher,SN-2625EDAA78,2023-01-14,1367.2,2023-01-14,730,2025-01-13,2023-03-28,Electrical Short Circuit,Electrical Short Circuit reported by customer during normal use.,Wear and Tear,2023-03-30,75,True,True,True,True,1,True,False,False,Valid
CLM-00552,PRD-00552,Electronics,Smartphone,SN-E800C50268,2024-07-29,2205.49,2024-07-29,730,2026-07-29,2027-02-01,Battery Failure,Battery Failure reported by customer.,Electrical Fault,2027-02-06,922,True,True,True,True,1,True,False,False,Invalid
CLM-00211,PRD-00211,Appliances,Microwave Oven,SN-D7E266C2B6,2023-06-23,1061.75,2023-06-23,1095,2026-06-22,2026-02-16,Drainage Issue,Drainage Issue reported by customer during normal use.,Electrical Fault,2026-02-17,970,True,True,True,True,0,True,False,False,Valid
CLM-01047,PRD-01047,Furniture,Bookshelf,SN-9AB1B13EB6,2024-09-13,2043.76,2024-09-13,365,2025-09-13,2025-09-14,Structural Frame Defect,Structural Frame Defect reported by customer.,Accidental Damage,2025-09-16,368,True,True,True,True,0,True,False,False,ManualReview
CLM-00924,PRD-00924,Furniture,Dining Table,SN-E5BEEE9570,2024-01-30,2458.22,2024-01-30,365,2025-01-29,2025-02-16,Upholstery Tear,Upholstery Tear reported by customer.,Electrical Fault,2025-02-19,386,True,True,True,True,1,True,False,False,Invalid
CLM-00810,PRD-00810,Electronics,Smartphone,SN-ACB6F33F46,2024-04-18,1452.47,2024-04-18,730,2026-04-18,2025-12-04,Battery Failure,Battery Failure reported by customer.,Electrical Fault,2025-12-09,600,True,True,True,False,0,True,False,False,Invalid
CLM-00618,PRD-00618,Electronics,Laptop,SN-8214D420D9,2025-08-09,764.18,2025-08-09,730,2027-08-09,2026-07-01,Unauthorized Modification,Unauthorized Modification - not covered under warranty terms.,Wear and Tear,2026-07-04,329,True,True,True,True,1,True,False,False,Invalid
CLM-00933,PRD-00933,Appliances,Dishwasher,SN-345032B0FD,2023-07-27,2246.2,2023-07-27,1095,2026-07-26,2024-10-05,Improper Installation Damage,Improper Installation Damage - not covered under warranty terms.,Electrical Fault,2024-10-07,438,True,True,True,True,0,True,False,False,Invalid
CLM-00620,PRD-00620,Electronics,Television,SN-C5E7891AE9,2022-08-18,1773.22,2022-08-18,365,2023-08-18,2022-12-17,Screen Malfunction,Screen Malfunction reported by customer.,Manufacturing Defect,2022-12-21,125,True,True,True,False,1,True,False,False,Invalid
CLM-00189,PRD-00189,Electronics,Smartphone,SN-D4C69DEADF,2024-11-09,2499.01,2024-11-09,730,2026-11-09,2026-01-02,Software Fault,Software Fault reported by customer during normal use.,Structural Damage,2026-01-07,424,True,True,True,True,1,True,False,False,Valid
CLM-00711,PRD-00711,Appliances,Washing Machine,SN-848B9C1271,2023-04-27,2304.24,2023-04-27,730,2025-04-26,2025-03-15,Improper Installation Damage,Improper Installation Damage - not covered under warranty terms.,Structural Damage,2025-03-18,691,True,True,True,True,0,True,False,False,Invalid
CLM-00937,PRD-00937,Electronics,Television,SN-088C3C72CB,2023-04-02,268.39,2023-04-02,365,2024-04-01,2024-07-03,Overheating,Overheating reported by customer.,Cosmetic Damage,2024-07-05,460,True,True,True,True,0,True,False,False,Invalid
CLM-01169,PRD-01169,Appliances,Dishwasher,SN-365250D21A,2023-03-08,901.0,2023-03-08,1095,2026-03-07,2026-03-02,Electrical Short Circuit,Electrical Short Circuit reported by customer.,Manufacturing Defect,2026-03-03,1091,True,True,True,True,0,True,False,False,ManualReview
CLM-01220,PRD-01220,Furniture,Sofa,SN-BC026216F4,2024-05-28,1498.31,2024-05-28,365,2025-05-28,2025-04-21,Upholstery Tear,Upholstery Tear reported by customer.,Wear and Tear,2025-04-24,331,True,False,True,True,0,True,False,False,ManualReview
CLM-01098,PRD-01098,Electronics,Television,SN-1AB2760A38,2025-07-31,478.63,2025-07-31,730,2027-07-31,2026-10-03,Overheating,"Stopped working, not sure why",Accidental Damage,2026-10-06,432,True,True,True,True,1,True,False,False,ManualReview
CLM-00902,PRD-00902,Furniture,Dining Table,SN-F331CA5969,2023-08-11,1606.62,2023-08-11,1095,2026-08-10,2025-07-01,Structural Frame Defect,Structural Frame Defect reported by customer.,Cosmetic Damage,2025-07-02,691,True,True,True,True,1,True,True,False,Invalid
CLM-00084,PRD-00084,Electronics,Laptop,SN-7BE1263C0E,2025-09-20,233.91,2025-09-20,365,2026-09-20,2026-07-22,Software Fault,Software Fault reported by customer during normal use.,Electrical Fault,2026-07-26,309,True,True,True,True,0,True,False,False,Valid
CLM-00702,PRD-00702,Electronics,Laptop,SN-3DD5DD8317,2025-03-18,2201.88,2025-03-18,730,2027-03-18,2025-12-24,Water Damage,Water Damage - not covered under warranty terms.,Accidental Damage,2025-12-27,284,True,True,True,True,0,True,False,False,Invalid
CLM-00049,PRD-00049,Electronics,Headphones,SN-0D5A447125,2025-03-26,1132.38,2025-03-26,730,2027-03-26,2025-09-19,Software Fault,Software Fault reported by customer during normal use.,Structural Damage,2025-09-20,178,True,True,True,True,0,True,False,False,Valid
CLM-01284,PRD-01284,Electronics,Headphones,SN-447AB78C47,2024-05-31,2238.75,2024-05-31,365,2025-05-31,2024-07-04,Battery Failure,Battery Failure reported by customer.,Electrical Fault,2024-07-08,38,True,True,True,True,3,False,False,False,ManualReview
CLM-00156,PRD-00156,Appliances,Microwave Oven,SN-25868A1483,2024-06-29,249.68,2024-06-29,730,2026-06-29,2026-05-02,Electrical Short Circuit,Electrical Short Circuit reported by customer during normal use.,Accidental Damage,2026-05-06,676,True,True,True,True,0,True,False,False,Valid
CLM-01152,PRD-01152,Furniture,Office Chair,SN-C8B610815A,2025-09-23,1807.53,2025-09-23,365,2026-09-23,2026-09-21,Joint/Hinge Failure,Joint/Hinge Failure reported by customer.,Cosmetic Damage,2026-09-24,366,True,True,True,True,0,True,False,False,ManualReview
CLM-01142,PRD-01142,Appliances,Washing Machine,SN-F856DCB75D,2025-06-03,2099.0,2025-06-03,730,2027-06-03,2026-04-10,Thermostat Malfunction,Thermostat Malfunction reported by customer.,Accidental Damage,2026-04-11,312,True,True,True,True,1,True,False,True,ManualReview
CLM-00975,PRD-00975,Electronics,Headphones,SN-E46AA7531E,2023-09-25,257.62,2023-09-25,730,2025-09-24,2025-09-24,Software Fault,Software Fault reported by customer.,Electrical Fault,2025-09-26,732,True,True,True,True,0,True,False,False,Invalid
CLM-01058,PRD-01058,Furniture,Bookshelf,SN-1B74F21E08,2025-10-31,986.89,2025-10-31,365,2026-10-31,2026-10-27,Upholstery Tear,Upholstery Tear reported by customer.,Electrical Fault,2026-10-28,362,True,True,True,True,0,True,False,False,ManualReview
CLM-00808,PRD-00808,Electronics,Smartphone,SN-681BE8EACF,2025-07-19,884.74,2025-07-19,730,2027-07-19,2027-12-15,Overheating,Overheating reported by customer.,Manufacturing Defect,2027-12-18,882,True,True,True,True,0,True,False,False,Invalid
CLM-01230,PRD-01230,Appliances,Dishwasher,SN-1AACEE345C,2025-12-13,119.96,2025-12-13,1095,2028-12-12,2027-01-23,Drainage Issue,Drainage Issue reported by customer.,Accidental Damage,2027-01-28,411,True,True,True,True,0,True,False,True,ManualReview
CLM-01481,PRD-01481,Appliances,Air Conditioner,SN-3E0C2128BE,2026-01-09,2099.11,2026-01-09,1095,2029-01-08,2028-11-18,Thermostat Malfunction,Thermostat Malfunction reported by customer.,Cosmetic Damage,2028-11-22,1048,True,True,True,True,3,False,False,False,ManualReview
CLM-01437,PRD-01437,Electronics,Tablet,SN-13A7BFD735,2022-12-02,1625.11,2022-12-02,365,2023-12-02,2023-03-27,Screen Malfunction,Screen Malfunction reported by customer.,Electrical Fault,2023-03-29,117,False,True,True,True,0,True,False,False,ManualReview
CLM-00180,PRD-00180,Electronics,Headphones,SN-42016EA78A,2025-02-17,153.77,2025-02-17,730,2027-02-17,2025-11-29,Software Fault,Software Fault reported by customer during normal use.,Structural Damage,2025-11-30,286,True,True,True,True,1,True,False,False,Valid
CLM-01356,PRD-01356,Furniture,Bed Frame,SN-08DA7485F7,2023-09-19,659.56,2023-09-19,365,2024-09-18,2023-11-21,Material Defect,Material Defect reported by customer.,Wear and Tear,2023-11-24,66,False,True,True,True,0,True,False,False,ManualReview
CLM-01247,PRD-01247,Appliances,Washing Machine,SN-2D734BCF41,2024-06-15,963.35,2024-06-15,730,2026-06-15,2025-11-25,Thermostat Malfunction,Thermostat Malfunction reported by customer.,Structural Damage,2025-11-26,529,True,False,True,True,0,True,False,False,ManualReview
CLM-01041,PRD-01041,Electronics,Headphones,SN-EF73A5D107,2024-01-15,1607.43,2024-01-15,730,2026-01-14,2025-03-08,Charging Port Issue,Charging Port Issue reported by customer.,Wear and Tear,2025-03-09,419,True,False,True,True,0,True,False,False,ManualReview
CLM-00950,PRD-00950,Appliances,Dishwasher,SN-657E0A5FD0,2022-10-03,1487.78,2022-10-03,730,2024-10-02,2024-11-14,Drainage Issue,Drainage Issue reported by customer.,Accidental Damage,2024-11-18,777,True,True,True,True,1,True,False,False,Invalid
CLM-00817,PRD-00817,Electronics,Tablet,SN-6B48E224BA,2023-04-15,960.1,2023-04-15,365,2024-04-14,2023-05-02,Software Fault,Software Fault reported by customer.,Accidental Damage,2023-05-04,19,True,True,True,False,1,True,False,False,Invalid
CLM-00364,PRD-00364,Furniture,Bed Frame,SN-621DDA1991,2022-12-04,298.08,2022-12-04,365,2023-12-04,2023-09-13,Material Defect,Material Defect reported by customer during normal use.,Wear and Tear,2023-09-18,288,True,True,True,True,0,True,False,False,Valid
CLM-01178,PRD-01178,Appliances,Dishwasher,SN-8D968FEAE6,2026-03-15,904.32,2026-03-15,730,2028-03-14,2028-01-29,Electrical Short Circuit,Electrical Short Circuit reported by customer.,Accidental Damage,2028-02-02,689,True,True,True,True,2,False,False,False,ManualReview
CLM-01199,PRD-01199,Appliances,Washing Machine,SN-1478060F54,2024-04-10,1813.86,2024-04-10,1095,2027-04-10,2027-04-12,Drainage Issue,Drainage Issue reported by customer.,Structural Damage,2027-04-13,1098,True,True,True,True,1,True,False,False,ManualReview
CLM-00347,PRD-00347,Furniture,Office Chair,SN-91E5DC07AE,2025-09-05,1964.52,2025-09-05,1095,2028-09-04,2027-11-11,Joint/Hinge Failure,Joint/Hinge Failure reported by customer during normal use.,Structural Damage,2027-11-14,800,True,True,True,True,1,True,False,False,Valid
CLM-01011,PRD-01011,Appliances,Microwave Oven,SN-2BE4A2E2DD,2024-02-23,2294.77,2024-02-23,730,2026-02-22,2024-07-27,Motor Failure,Motor Failure reported by customer.,Accidental Damage,2024-07-29,157,True,False,True,True,1,True,False,False,ManualReview
CLM-00615,PRD-00615,Appliances,Air Conditioner,SN-90DF231356,2025-09-05,1750.63,2025-09-05,1095,2028-09-04,2029-01-06,Drainage Issue,Drainage Issue reported by customer.,Cosmetic Damage,2029-01-07,1220,True,True,True,True,0,True,False,False,Invalid
CLM-00966,PRD-00966,Furniture,Bed Frame,SN-BBBFBD70C0,2025-01-31,2466.3,2025-01-31,365,2026-01-31,2025-09-07,Joint/Hinge Failure,Joint/Hinge Failure reported by customer.,Structural Damage,2025-09-12,224,True,True,True,False,1,True,False,False,Invalid
CLM-01274,PRD-01274,Appliances,Refrigerator,SN-55E747BE36,2023-08-11,1235.8,2023-08-11,1095,2026-08-10,2024-11-15,Electrical Short Circuit,Electrical Short Circuit reported by customer.,Manufacturing Defect,2024-11-18,465,False,True,True,True,1,True,False,False,ManualReview
CLM-00590,PRD-00590,Appliances,Dishwasher,SN-34B8A58B0F,2026-07-12,562.17,2026-07-12,730,2028-07-11,2029-01-08,Thermostat Malfunction,Thermostat Malfunction reported by customer.,Manufacturing Defect,2029-01-13,916,True,True,True,True,0,True,False,False,Invalid
CLM-01289,PRD-01289,Appliances,Air Conditioner,SN-9BFE812148,2024-11-21,185.5,2024-11-21,730,2026-11-21,2025-09-01,Thermostat Malfunction,Thermostat Malfunction reported by customer.,Accidental Damage,2025-09-02,285,True,True,True,True,3,False,False,False,ManualReview
CLM-00632,PRD-00632,Furniture,Office Chair,SN-5DA2B4E400,2024-01-25,84.8,2024-01-25,1095,2027-01-24,2024-11-30,Normal Wear and Tear,Normal Wear and Tear - not covered under warranty terms.,Structural Damage,2024-12-04,314,True,True,True,True,0,True,False,False,Invalid
CLM-00244,PRD-00244,Furniture,Bed Frame,SN-D92B2D4708,2025-10-01,1348.48,2025-10-01,1095,2028-09-30,2026-11-23,Joint/Hinge Failure,Joint/Hinge Failure reported by customer during normal use.,Wear and Tear,2026-11-26,421,True,True,True,True,1,True,False,False,Valid
CLM-01375,PRD-01375,Furniture,Sofa,SN-D5FA8F2573,2023-07-08,2260.43,2023-07-08,365,2024-07-07,2023-10-03,Joint/Hinge Failure,Joint/Hinge Failure reported by customer.,Manufacturing Defect,2023-10-06,90,True,True,True,True,3,False,False,False,ManualReview
CLM-01452,PRD-01452,Electronics,Television,SN-A7FD9694AA,2026-08-28,1223.97,2026-08-28,730,2028-08-27,2028-08-17,Battery Failure,Battery Failure reported by customer.,Manufacturing Defect,2028-08-20,723,True,True,True,True,1,True,False,False,ManualReview
CLM-00765,PRD-00765,Furniture,Bookshelf,SN-31EAAF6244,2023-06-03,687.99,2023-06-03,1095,2026-06-02,2024-12-31,Misuse Damage,Misuse Damage - not covered under warranty terms.,Manufacturing Defect,2025-01-03,580,True,True,True,True,1,True,False,False,Invalid
CLM-00988,PRD-00988,Electronics,Headphones,SN-9BCCCDE61E,2024-01-15,2373.4,2024-01-15,365,2025-01-14,2024-03-08,Screen Malfunction,Screen Malfunction reported by customer.,Accidental Damage,2024-03-09,54,True,True,True,False,1,True,False,False,Invalid
CLM-00412,PRD-00412,Electronics,Smartphone,SN-2DACAB42F2,2024-08-23,2013.91,2024-08-23,730,2026-08-23,2024-12-02,Screen Malfunction,Screen Malfunction reported by customer during normal use.,Electrical Fault,2024-12-03,102,True,True,True,True,1,True,False,False,Valid
CLM-01421,PRD-01421,Appliances,Refrigerator,SN-ADDE883089,2025-07-14,2361.18,2025-07-14,730,2027-07-14,2026-05-28,Motor Failure,"Stopped working, not sure why",Electrical Fault,2026-05-30,320,True,True,True,True,0,True,False,False,ManualReview
CLM-01226,PRD-01226,Electronics,Headphones,SN-4F9B0D5C68,2024-09-17,1431.24,2024-09-17,730,2026-09-17,2024-09-28,Charging Port Issue,Charging Port Issue reported by customer.,Accidental Damage,2024-09-30,13,True,False,True,True,0,True,False,False,ManualReview
CLM-00309,PRD-00309,Electronics,Headphones,SN-497A1C65E4,2023-05-15,1504.51,2023-05-15,365,2024-05-14,2023-11-10,Screen Malfunction,Screen Malfunction reported by customer during normal use.,Manufacturing Defect,2023-11-11,180,True,True,True,True,1,True,False,False,Valid
CLM-00882,PRD-00882,Appliances,Refrigerator,SN-1B53791A1C,2024-04-04,1665.95,2024-04-04,730,2026-04-04,2026-08-14,Electrical Short Circuit,Electrical Short Circuit reported by customer.,Electrical Fault,2026-08-15,863,True,True,True,True,0,True,False,False,Invalid
CLM-00399,PRD-00399,Electronics,Tablet,SN-5B04995A76,2026-03-06,1102.05,2026-03-06,730,2028-03-05,2026-03-14,Software Fault,Software Fault reported by customer during normal use.,Electrical Fault,2026-03-15,9,True,True,True,True,1,True,False,False,Valid
CLM-00371,PRD-00371,Furniture,Bed Frame,SN-2CD153BEDB,2025-04-18,782.19,2025-04-18,365,2026-04-18,2025-12-31,Structural Frame Defect,Structural Frame Defect reported by customer during normal use.,Cosmetic Damage,2026-01-05,262,True,True,True,True,1,True,False,False,Valid
CLM-00055,PRD-00055,Appliances,Microwave Oven,SN-BAADA0F41F,2026-03-14,729.41,2026-03-14,730,2028-03-13,2026-12-21,Compressor Fault,Compressor Fault reported by customer during normal use.,Cosmetic Damage,2026-12-25,286,True,True,True,True,1,True,False,False,Valid
CLM-01339,PRD-01339,Furniture,Bed Frame,SN-788E25B648,2023-11-02,1438.98,2023-11-02,365,2024-11-01,2024-10-22,Structural Frame Defect,Structural Frame Defect reported by customer.,Cosmetic Damage,2024-10-25,358,True,True,True,True,0,True,False,False,ManualReview
CLM-01183,PRD-01183,Appliances,Refrigerator,SN-C4F4A599A5,2026-03-12,2055.39,2026-03-12,1095,2029-03-11,2027-02-16,Compressor Fault,Makes strange noise occasionally,Electrical Fault,2027-02-21,346,True,True,True,True,1,True,False,False,ManualReview
CLM-00313,PRD-00313,Furniture,Bed Frame,SN-DA9289BF36,2023-02-10,2246.65,2023-02-10,365,2024-02-10,2023-08-09,Material Defect,Material Defect reported by customer during normal use.,Manufacturing Defect,2023-08-13,184,True,True,True,True,0,True,False,False,Valid
CLM-00922,PRD-00922,Electronics,Smartphone,SN-4FA6037A5A,2026-07-13,1073.71,2026-07-13,365,2027-07-13,2026-10-11,Software Fault,Software Fault reported by customer.,Cosmetic Damage,2026-10-13,92,True,True,True,False,1,True,False,False,Invalid
CLM-00110,PRD-00110,Appliances,Washing Machine,SN-930DAB974E,2026-01-09,1875.67,2026-01-09,730,2028-01-09,2027-01-07,Drainage Issue,Drainage Issue reported by customer during normal use.,Wear and Tear,2027-01-09,365,True,True,True,True,1,True,False,False,Valid
CLM-00719,PRD-00719,Furniture,Sofa,SN-309CB9C1BC,2025-01-30,1330.52,2025-01-30,1095,2028-01-30,2027-04-30,Misuse Damage,Misuse Damage - not covered under warranty terms.,Manufacturing Defect,2027-05-05,825,True,True,True,True,0,True,False,False,Invalid
CLM-00692,PRD-00692,Electronics,Tablet,SN-47728695FA,2026-06-03,1695.32,2026-06-03,730,2028-06-02,2027-10-20,Battery Failure,Battery Failure reported by customer.,Structural Damage,2027-10-23,507,True,True,True,True,0,True,True,False,Invalid
CLM-00101,PRD-00101,Appliances,Washing Machine,SN-A12C42569C,2024-12-03,2183.79,2024-12-03,730,2026-12-03,2025-09-02,Thermostat Malfunction,Thermostat Malfunction reported by customer during normal use.,Manufacturing Defect,2025-09-05,276,True,True,True,True,0,True,False,False,Valid
CLM-01126,PRD-01126,Furniture,Sofa,SN-A5A21704FA,2022-10-24,2034.52,2022-10-24,365,2023-10-24,2023-04-19,Structural Frame Defect,"Minor issue, hard to describe",Accidental Damage,2023-04-21,179,True,True,True,True,0,True,False,False,ManualReview
CLM-00670,PRD-00670,Furniture,Dining Table,SN-2678962BF9,2024-12-07,2149.59,2024-12-07,365,2025-12-07,2025-05-02,Material Defect,Material Defect reported by customer.,Wear and Tear,2025-05-03,147,True,True,True,True,1,True,True,False,Invalid
CLM-01376,PRD-01376,Furniture,Bed Frame,SN-4E04CE61EB,2025-08-19,751.78,2025-08-19,1095,2028-08-18,2026-10-10,Material Defect,Material Defect reported by customer.,Manufacturing Defect,2026-10-11,418,True,True,False,True,1,True,False,False,ManualReview
CLM-00267,PRD-00267,Electronics,Smartphone,SN-FBBC27D5C2,2024-05-09,1139.6,2024-05-09,365,2025-05-09,2024-06-25,Battery Failure,Battery Failure reported by customer during normal use.,Manufacturing Defect,2024-06-27,49,True,True,True,True,1,True,False,False,Valid
CLM-00679,PRD-00679,Appliances,Microwave Oven,SN-E2529B8008,2024-03-06,183.43,2024-03-06,1095,2027-03-06,2026-12-27,Thermostat Malfunction,Thermostat Malfunction reported by customer.,Accidental Damage,2027-01-01,1031,True,True,True,True,1,True,True,False,Invalid
CLM-00297,PRD-00297,Electronics,Headphones,SN-725356F7A0,2023-12-15,564.2,2023-12-15,365,2024-12-14,2024-11-03,Overheating,Overheating reported by customer during normal use.,Cosmetic Damage,2024-11-07,328,True,True,True,True,1,True,False,False,Valid
CLM-00530,PRD-00530,Furniture,Sofa,SN-82E3AA336C,2025-04-28,1614.37,2025-04-28,1095,2028-04-27,2028-05-24,Upholstery Tear,Upholstery Tear reported by customer.,Accidental Damage,2028-05-26,1124,True,True,True,True,0,True,False,False,Invalid
CLM-00945,PRD-00945,Appliances,Refrigerator,SN-7C4A1D3061,2025-02-06,1755.09,2025-02-06,730,2027-02-06,2025-08-29,Improper Installation Damage,Improper Installation Damage - not covered under warranty terms.,Wear and Tear,2025-08-30,205,True,True,True,True,1,True,False,False,Invalid
CLM-01014,PRD-01014,Furniture,Office Chair,SN-8DF664B2F0,2026-04-17,2307.93,2026-04-17,365,2027-04-17,2027-01-17,Material Defect,Material Defect reported by customer.,Electrical Fault,2027-01-22,280,True,True,True,True,1,True,False,True,ManualReview
CLM-00951,PRD-00951,Appliances,Air Conditioner,SN-FB109CF4AC,2025-10-30,356.83,2025-10-30,1095,2028-10-29,2025-12-10,Power Surge Damage,Power Surge Damage - not covered under warranty terms.,Manufacturing Defect,2025-12-14,45,True,True,True,True,1,True,False,False,Invalid
CLM-00378,PRD-00378,Electronics,Headphones,SN-FC712C4D1E,2024-09-17,99.57,2024-09-17,730,2026-09-17,2026-02-06,Charging Port Issue,Charging Port Issue reported by customer during normal use.,Accidental Damage,2026-02-07,508,True,True,True,True,1,True,False,False,Valid
CLM-00287,PRD-00287,Electronics,Television,SN-4E107C5119,2023-09-24,1171.0,2023-09-24,730,2025-09-23,2025-03-19,Software Fault,Software Fault reported by customer during normal use.,Cosmetic Damage,2025-03-22,545,True,True,True,True,1,True,False,False,Valid
CLM-01439,PRD-01439,Furniture,Bed Frame,SN-3B53255F74,2022-11-07,540.3,2022-11-07,365,2023-11-07,2022-11-12,Material Defect,Material Defect reported by customer.,Wear and Tear,2022-11-15,8,True,True,True,True,3,False,False,False,ManualReview
CLM-00731,PRD-00731,Furniture,Office Chair,SN-BEF77A6054,2026-06-26,210.48,2026-06-26,365,2027-06-26,2026-07-06,Upholstery Tear,Upholstery Tear reported by customer.,Manufacturing Defect,2026-07-11,15,True,True,True,False,1,True,False,False,Invalid
CLM-00127,PRD-00127,Appliances,Air Conditioner,SN-E71D342B28,2022-12-19,2496.54,2022-12-19,730,2024-12-18,2024-05-05,Motor Failure,Motor Failure reported by customer during normal use.,Electrical Fault,2024-05-09,507,True,True,True,True,1,True,False,False,Valid
CLM-00328,PRD-00328,Electronics,Tablet,SN-263D11937E,2023-08-19,596.8,2023-08-19,365,2024-08-18,2024-04-15,Screen Malfunction,Screen Malfunction reported by customer during normal use.,Electrical Fault,2024-04-18,243,True,True,True,True,0,True,False,False,Valid
CLM-00293,PRD-00293,Furniture,Bed Frame,SN-3C97FD5FA1,2026-08-10,2107.73,2026-08-10,1095,2029-08-09,2026-10-15,Structural Frame Defect,Structural Frame Defect reported by customer during normal use.,Wear and Tear,2026-10-17,68,True,True,True,True,1,True,False,False,Valid
CLM-00549,PRD-00549,Appliances,Washing Machine,SN-566DDB18DD,2025-09-23,1302.62,2025-09-23,1095,2028-09-22,2028-12-21,Thermostat Malfunction,Thermostat Malfunction reported by customer.,Manufacturing Defect,2028-12-23,1187,True,True,True,True,0,True,False,False,Invalid
CLM-00728,PRD-00728,Furniture,Bed Frame,SN-822C3AC35E,2025-10-11,2143.16,2025-10-11,1095,2028-10-10,2027-11-23,Material Defect,Material Defect reported by customer.,Electrical Fault,2027-11-28,778,True,True,True,False,0,True,False,False,Invalid
CLM-00909,PRD-00909,Electronics,Tablet,SN-E88750FF27,2023-12-13,1293.19,2023-12-13,365,2024-12-12,2024-03-09,Charging Port Issue,Charging Port Issue reported by customer.,Cosmetic Damage,2024-03-11,89,True,True,True,True,1,True,True,False,Invalid
CLM-00356,PRD-00356,Furniture,Bookshelf,SN-2EE42F9DD8,2023-11-17,1680.55,2023-11-17,1095,2026-11-16,2025-07-15,Joint/Hinge Failure,Joint/Hinge Failure reported by customer during normal use.,Electrical Fault,2025-07-17,608,True,True,True,True,0,True,False,False,Valid
CLM-00171,PRD-00171,Appliances,Refrigerator,SN-1471724753,2025-07-24,2437.9,2025-07-24,730,2027-07-24,2026-12-25,Drainage Issue,Drainage Issue reported by customer during normal use.,Structural Damage,2026-12-30,524,True,True,True,True,0,True,False,False,Valid
CLM-00967,PRD-00967,Furniture,Dining Table,SN-2AB88FA70D,2026-03-10,2151.91,2026-03-10,1095,2029-03-09,2026-08-23,Structural Frame Defect,Structural Frame Defect reported by customer.,Electrical Fault,2026-08-24,167,True,True,True,False,1,True,False,False,Invalid
CLM-01134,PRD-01134,Appliances,Microwave Oven,SN-3B35CE3657,2022-09-29,2331.55,2022-09-29,730,2024-09-28,2023-10-26,Drainage Issue,Drainage Issue reported by customer.,Wear and Tear,2023-10-27,393,True,True,True,True,0,True,False,True,ManualReview
CLM-00652,PRD-00652,Furniture,Office Chair,SN-126802E570,2025-08-14,2414.14,2025-08-14,1095,2028-08-13,2028-08-25,Joint/Hinge Failure,Joint/Hinge Failure reported by customer.,Manufacturing Defect,2028-08-28,1110,True,True,True,True,1,True,False,False,Invalid
CLM-00210,PRD-00210,Furniture,Bookshelf,SN-3D0ED075EF,2023-06-15,2063.07,2023-06-15,1095,2026-06-14,2024-07-13,Structural Frame Defect,Structural Frame Defect reported by customer during normal use.,Manufacturing Defect,2024-07-14,395,True,True,True,True,0,True,False,False,Valid
CLM-01398,PRD-01398,Appliances,Air Conditioner,SN-38F728748C,2025-04-19,467.62,2025-04-19,1095,2028-04-18,2028-04-09,Thermostat Malfunction,Thermostat Malfunction reported by customer.,Structural Damage,2028-04-11,1088,True,True,True,True,0,True,False,False,ManualReview
CLM-00141,PRD-00141,Furniture,Bookshelf,SN-38B0239F24,2025-07-31,1684.47,2025-07-31,1095,2028-07-30,2025-11-24,Material Defect,Material Defect reported by customer during normal use.,Wear and Tear,2025-11-25,117,True,True,True,True,0,True,False,False,Valid
CLM-01084,PRD-01084,Appliances,Dishwasher,SN-5857B33F81,2024-11-13,510.49,2024-11-13,730,2026-11-13,2026-07-01,Electrical Short Circuit,Electrical Short Circuit reported by customer.,Electrical Fault,2026-07-02,596,True,True,True,True,1,False,False,False,ManualReview
CLM-00991,PRD-00991,Electronics,Headphones,SN-859CA564F3,2023-01-17,2357.45,2023-01-17,365,2024-01-17,2023-10-20,Battery Failure,Battery Failure reported by customer.,Accidental Damage,2023-10-22,278,True,True,True,True,1,True,True,False,Invalid
CLM-00651,PRD-00651,Appliances,Washing Machine,SN-6BC3DDE8FE,2023-09-09,392.86,2023-09-09,1095,2026-09-08,2025-11-17,Power Surge Damage,Power Surge Damage - not covered under warranty terms.,Manufacturing Defect,2025-11-18,801,True,True,True,True,0,True,False,False,Invalid
CLM-01189,PRD-01189,Furniture,Bookshelf,SN-DD312024B4,2023-02-28,1852.89,2023-02-28,365,2024-02-28,2023-08-13,Joint/Hinge Failure,Joint/Hinge Failure reported by customer.,Wear and Tear,2023-08-17,170,True,True,True,True,1,True,False,True,ManualReview
CLM-01499,PRD-01499,Furniture,Office Chair,SN-B7A5442FDC,2026-05-26,1254.22,2026-05-26,365,2027-05-26,2027-02-09,Material Defect,Material Defect reported by customer.,Accidental Damage,2027-02-14,264,True,False,True,True,1,True,False,False,ManualReview
CLM-00486,PRD-00486,Appliances,Dishwasher,SN-3B13C2CEF7,2026-07-31,1025.42,2026-07-31,1095,2029-07-30,2027-11-14,Motor Failure,Motor Failure reported by customer during normal use.,Cosmetic Damage,2027-11-18,475,True,True,True,True,0,True,False,False,Valid
CLM-00528,PRD-00528,Appliances,Washing Machine,SN-93D96F0C74,2026-08-19,659.96,2026-08-19,730,2028-08-18,2028-12-13,Compressor Fault,Compressor Fault reported by customer.,Wear and Tear,2028-12-14,848,True,True,True,True,1,True,False,False,Invalid
CLM-00200,PRD-00200,Furniture,Office Chair,SN-446B62B1FA,2023-07-09,1270.75,2023-07-09,365,2024-07-08,2024-03-23,Joint/Hinge Failure,Joint/Hinge Failure reported by customer during normal use.,Electrical Fault,2024-03-24,259,True,True,True,True,1,True,False,False,Valid
CLM-00890,PRD-00890,Appliances,Air Conditioner,SN-B1F8A52391,2024-01-16,558.06,2024-01-16,730,2026-01-15,2026-06-24,Motor Failure,Motor Failure reported by customer.,Electrical Fault,2026-06-28,894,True,True,True,True,0,True,False,False,Invalid
CLM-00845,PRD-00845,Appliances,Dishwasher,SN-3AC736D6B6,2024-05-25,62.64,2024-05-25,1095,2027-05-25,2027-05-30,Drainage Issue,Drainage Issue reported by customer.,Accidental Damage,2027-06-01,1102,True,True,True,True,0,True,False,False,Invalid
CLM-01069,PRD-01069,Electronics,Television,SN-B078E05512,2023-01-12,577.2,2023-01-12,365,2024-01-12,2023-03-19,Charging Port Issue,Charging Port Issue reported by customer.,Accidental Damage,2023-03-20,67,True,True,True,True,2,False,False,False,ManualReview
CLM-01206,PRD-01206,Appliances,Dishwasher,SN-E091FC9A67,2026-01-29,1687.82,2026-01-29,1095,2029-01-28,2027-05-21,Motor Failure,Motor Failure reported by customer.,Wear and Tear,2027-05-23,479,True,True,True,True,1,False,False,False,ManualReview
CLM-01055,PRD-01055,Appliances,Refrigerator,SN-D3A688060A,2022-11-30,2013.26,2022-11-30,1095,2025-11-29,2025-03-06,Compressor Fault,"Minor issue, hard to describe",Wear and Tear,2025-03-09,830,True,True,True,True,1,True,False,False,ManualReview
CLM-00011,PRD-00011,Furniture,Bookshelf,SN-6B54B154FE,2025-11-26,1099.66,2025-11-26,1095,2028-11-25,2026-09-05,Upholstery Tear,Upholstery Tear reported by customer during normal use.,Accidental Damage,2026-09-10,288,True,True,True,True,1,True,False,False,Valid
CLM-00148,PRD-00148,Electronics,Smartphone,SN-81EC536A2D,2024-01-23,533.32,2024-01-23,365,2025-01-22,2024-04-23,Screen Malfunction,Screen Malfunction reported by customer during normal use.,Cosmetic Damage,2024-04-27,95,True,True,True,True,0,True,False,False,Valid
CLM-00722,PRD-00722,Appliances,Air Conditioner,SN-2EA7759943,2023-06-14,1931.6,2023-06-14,1095,2026-06-13,2026-03-31,Thermostat Malfunction,Thermostat Malfunction reported by customer.,Manufacturing Defect,2026-04-02,1023,True,True,True,False,0,True,False,False,Invalid
CLM-00283,PRD-00283,Electronics,Headphones,SN-F7AD119045,2024-05-31,214.58,2024-05-31,730,2026-05-31,2024-06-25,Screen Malfunction,Screen Malfunction reported by customer during normal use.,Cosmetic Damage,2024-06-28,28,True,True,True,True,0,True,False,False,Valid
CLM-00299,PRD-00299,Furniture,Bookshelf,SN-D48E9B465C,2024-06-09,2448.55,2024-06-09,365,2025-06-09,2025-03-03,Joint/Hinge Failure,Joint/Hinge Failure reported by customer during normal use.,Accidental Damage,2025-03-04,268,True,True,True,True,1,True,False,False,Valid
CLM-00614,PRD-00614,Electronics,Tablet,SN-68F2405A8D,2025-09-12,439.6,2025-09-12,365,2026-09-12,2026-10-31,Charging Port Issue,Charging Port Issue reported by customer.,Electrical Fault,2026-11-05,419,True,True,True,True,1,True,False,False,Invalid
CLM-00292,PRD-00292,Appliances,Washing Machine,SN-A0586719EA,2023-05-23,528.06,2023-05-23,1095,2026-05-22,2026-03-02,Drainage Issue,Drainage Issue reported by customer during normal use.,Structural Damage,2026-03-06,1018,True,True,True,True,1,True,False,False,Valid
CLM-00650,PRD-00650,Electronics,Tablet,SN-FFC16FAEAC,2024-10-11,1668.8,2024-10-11,365,2025-10-11,2025-08-31,Screen Malfunction,Screen Malfunction reported by customer.,Cosmetic Damage,2025-09-03,327,True,True,True,True,1,True,True,False,Invalid
CLM-00599,PRD-00599,Electronics,Tablet,SN-6E57EDD710,2024-05-09,1777.9,2024-05-09,365,2025-05-09,2025-08-22,Charging Port Issue,Charging Port Issue reported by customer.,Cosmetic Damage,2025-08-23,471,True,True,True,True,1,True,False,False,Invalid
CLM-01044,PRD-01044,Electronics,Tablet,SN-05F087A3A6,2023-01-23,1820.67,2023-01-23,365,2024-01-23,2024-01-16,Screen Malfunction,Screen Malfunction reported by customer.,Accidental Damage,2024-01-18,360,True,True,True,True,0,True,False,False,ManualReview
CLM-00553,PRD-00553,Electronics,Headphones,SN-11B442EFF6,2024-05-02,1334.74,2024-05-02,365,2025-05-02,2025-01-17,Physical Impact Damage,Physical Impact Damage - not covered under warranty terms.,Structural Damage,2025-01-19,262,True,True,True,True,1,True,False,False,Invalid
CLM-01299,PRD-01299,Furniture,Sofa,SN-90B8F64BE0,2025-08-10,437.65,2025-08-10,365,2026-08-10,2025-09-17,Upholstery Tear,"Stopped working, not sure why",Structural Damage,2025-09-21,42,True,True,True,True,0,True,False,False,ManualReview
CLM-00130,PRD-00130,Furniture,Bookshelf,SN-D83AB564AB,2025-01-13,1156.31,2025-01-13,365,2026-01-13,2025-09-03,Joint/Hinge Failure,Joint/Hinge Failure reported by customer during normal use.,Electrical Fault,2025-09-07,237,True,True,True,True,0,True,False,False,Valid
CLM-01062,PRD-01062,Electronics,Television,SN-A162E2C9E5,2023-08-17,1666.18,2023-08-17,365,2024-08-16,2024-08-15,Charging Port Issue,Charging Port Issue reported by customer.,Manufacturing Defect,2024-08-18,367,True,True,True,True,0,True,False,False,ManualReview
CLM-00332,PRD-00332,Furniture,Office Chair,SN-C7CC9472A6,2023-10-11,1348.05,2023-10-11,365,2024-10-10,2023-11-13,Material Defect,Material Defect reported by customer during normal use.,Electrical Fault,2023-11-15,35,True,True,True,True,0,True,False,False,Valid
CLM-00324,PRD-00324,Furniture,Bookshelf,SN-E68CC714B9,2025-05-29,1165.23,2025-05-29,365,2026-05-29,2026-03-18,Material Defect,Material Defect reported by customer during normal use.,Manufacturing Defect,2026-03-20,295,True,True,True,True,1,True,False,False,Valid
CLM-00681,PRD-00681,Electronics,Television,SN-8890B5ADF7,2023-03-28,453.68,2023-03-28,365,2024-03-27,2023-06-16,Physical Impact Damage,Physical Impact Damage - not covered under warranty terms.,Cosmetic Damage,2023-06-18,82,True,True,True,True,0,True,False,False,Invalid
CLM-00479,PRD-00479,Appliances,Dishwasher,SN-EB8E33E00C,2025-08-09,1283.16,2025-08-09,730,2027-08-09,2027-06-18,Thermostat Malfunction,Thermostat Malfunction reported by customer during normal use.,Manufacturing Defect,2027-06-20,680,True,True,True,True,0,True,False,False,Valid
CLM-00562,PRD-00562,Appliances,Dishwasher,SN-046EC396F1,2024-01-22,467.28,2024-01-22,730,2026-01-21,2025-05-16,Motor Failure,Motor Failure reported by customer.,Wear and Tear,2025-05-17,481,True,True,True,False,1,True,False,False,Invalid
CLM-00136,PRD-00136,Furniture,Office Chair,SN-0C8BFC9D30,2023-08-21,719.51,2023-08-21,365,2024-08-20,2023-08-27,Joint/Hinge Failure,Joint/Hinge Failure reported by customer during normal use.,Accidental Damage,2023-08-29,8,True,True,True,True,1,True,False,False,Valid
CLM-00507,PRD-00507,Appliances,Refrigerator,SN-4A02BF1342,2023-06-19,1208.82,2023-06-19,730,2025-06-18,2023-11-03,Thermostat Malfunction,Thermostat Malfunction reported by customer.,Wear and Tear,2023-11-08,142,True,True,True,True,0,True,True,False,Invalid
CLM-00514,PRD-00514,Appliances,Refrigerator,SN-F82ED33C3F,2022-10-03,356.35,2022-10-03,730,2024-10-02,2023-05-09,Motor Failure,Motor Failure reported by customer.,Cosmetic Damage,2023-05-11,220,True,True,True,False,0,True,False,False,Invalid
CLM-01372,PRD-01372,Appliances,Refrigerator,SN-4A30EEC50F,2023-11-27,960.87,2023-11-27,1095,2026-11-26,2025-04-14,Compressor Fault,Compressor Fault reported by customer.,Manufacturing Defect,2025-04-19,509,True,True,True,True,3,False,False,False,ManualReview
CLM-00436,PRD-00436,Electronics,Smartphone,SN-B9B5717F8C,2023-10-08,1896.31,2023-10-08,730,2025-10-07,2024-01-20,Software Fault,Software Fault reported by customer during normal use.,Accidental Damage,2024-01-25,109,True,True,True,True,0,True,False,False,Valid
CLM-00874,PRD-00874,Furniture,Bookshelf,SN-7A6E2BEBB2,2022-09-03,1936.69,2022-09-03,1095,2025-09-02,2022-09-28,Material Defect,Material Defect reported by customer.,Accidental Damage,2022-10-02,29,True,True,True,True,1,True,True,False,Invalid
CLM-01463,PRD-01463,Appliances,Washing Machine,SN-C6315B1804,2024-07-19,999.98,2024-07-19,1095,2027-07-19,2027-03-25,Drainage Issue,"Minor issue, hard to describe",Accidental Damage,2027-03-30,984,True,True,True,True,0,True,False,False,ManualReview
CLM-00753,PRD-00753,Furniture,Bed Frame,SN-7BF43C8253,2022-08-23,1031.62,2022-08-23,365,2023-08-23,2023-10-01,Structural Frame Defect,Structural Frame Defect reported by customer.,Accidental Damage,2023-10-03,406,True,True,True,True,1,True,False,False,Invalid
CLM-00666,PRD-00666,Electronics,Television,SN-E937D642D6,2023-03-05,630.94,2023-03-05,365,2024-03-04,2023-04-12,Battery Failure,Battery Failure reported by customer.,Wear and Tear,2023-04-16,42,True,True,True,True,1,True,True,False,Invalid
CLM-00159,PRD-00159,Electronics,Laptop,SN-00EBD3F8A7,2024-04-13,2118.85,2024-04-13,365,2025-04-13,2025-01-11,Overheating,Overheating reported by customer during normal use.,Structural Damage,2025-01-12,274,True,True,True,True,0,True,False,False,Valid
CLM-01254,PRD-01254,Furniture,Dining Table,SN-6335232901,2024-01-22,1037.2,2024-01-22,1095,2027-01-21,2024-07-13,Joint/Hinge Failure,"Minor issue, hard to describe",Cosmetic Damage,2024-07-15,175,True,True,True,True,0,True,False,False,ManualReview
CLM-01293,PRD-01293,Appliances,Washing Machine,SN-1ECC944510,2022-12-09,1617.09,2022-12-09,730,2024-12-08,2024-12-07,Thermostat Malfunction,Thermostat Malfunction reported by customer.,Structural Damage,2024-12-08,730,True,True,True,True,1,True,False,False,ManualReview
CLM-00576,PRD-00576,Furniture,Bed Frame,SN-86C04E9539,2024-11-01,1548.19,2024-11-01,1095,2027-11-01,2028-02-25,Material Defect,Material Defect reported by customer.,Structural Damage,2028-02-26,1212,True,True,True,True,0,True,False,False,Invalid
CLM-00353,PRD-00353,Furniture,Dining Table,SN-7B14AA7DDE,2024-07-14,1806.5,2024-07-14,365,2025-07-14,2024-09-27,Structural Frame Defect,Structural Frame Defect reported by customer during normal use.,Manufacturing Defect,2024-10-02,80,True,True,True,True,1,True,False,False,Valid
CLM-00938,PRD-00938,Appliances,Air Conditioner,SN-0D5EAE274D,2024-05-14,201.62,2024-05-14,730,2026-05-14,2025-05-25,Electrical Short Circuit,Electrical Short Circuit reported by customer.,Electrical Fault,2025-05-27,378,True,True,True,True,0,True,True,False,Invalid
CLM-01296,PRD-01296,Appliances,Refrigerator,SN-A3344EFCDD,2024-06-04,1197.4,2024-06-04,730,2026-06-04,2026-05-29,Compressor Fault,Compressor Fault reported by customer.,Accidental Damage,2026-06-01,727,True,True,True,True,1,True,False,False,ManualReview
CLM-01393,PRD-01393,Furniture,Dining Table,SN-2330758D7C,2024-12-06,825.4,2024-12-06,365,2025-12-06,2025-05-16,Material Defect,Material Defect reported by customer.,Cosmetic Damage,2025-05-21,166,True,True,True,True,3,False,False,False,ManualReview
CLM-01301,PRD-01301,Furniture,Bed Frame,SN-E5C34EB1CB,2024-11-16,1458.11,2024-11-16,365,2025-11-16,2024-11-23,Structural Frame Defect,"Stopped working, not sure why",Structural Damage,2024-11-25,9,True,True,True,True,0,True,False,False,ManualReview
CLM-00592,PRD-00592,Furniture,Bed Frame,SN-D6CDCBB0A0,2023-08-20,2214.98,2023-08-20,1095,2026-08-19,2023-08-27,Upholstery Tear,Upholstery Tear reported by customer.,Cosmetic Damage,2023-08-28,8,True,True,True,False,0,True,False,False,Invalid
CLM-00665,PRD-00665,Furniture,Sofa,SN-45D19AE2C3,2023-12-11,1817.44,2023-12-11,365,2024-12-10,2024-05-28,Normal Wear and Tear,Normal Wear and Tear - not covered under warranty terms.,Electrical Fault,2024-05-30,171,True,True,True,True,1,True,False,False,Invalid
CLM-00196,PRD-00196,Furniture,Bed Frame,SN-0E962610BA,2025-03-02,228.78,2025-03-02,1095,2028-03-01,2027-07-02,Material Defect,Material Defect reported by customer during normal use.,Wear and Tear,2027-07-06,856,True,True,True,True,0,True,False,False,Valid
CLM-01241,PRD-01241,Appliances,Washing Machine,SN-526F422D8A,2025-06-10,963.42,2025-06-10,1095,2028-06-09,2028-06-02,Drainage Issue,Drainage Issue reported by customer.,Cosmetic Damage,2028-06-04,1090,True,True,True,True,1,True,False,False,ManualReview
CLM-01049,PRD-01049,Electronics,Tablet,SN-054D60A0CB,2025-09-01,1117.9,2025-09-01,365,2026-09-01,2026-08-26,Charging Port Issue,Not working properly sometimes,Cosmetic Damage,2026-08-31,364,True,True,True,True,1,True,False,False,ManualReview
CLM-00439,PRD-00439,Appliances,Refrigerator,SN-AC323509FF,2025-12-04,1389.21,2025-12-04,1095,2028-12-03,2027-07-30,Compressor Fault,Compressor Fault reported by customer during normal use.,Cosmetic Damage,2027-08-03,607,True,True,True,True,0,True,False,False,Valid
CLM-01436,PRD-01436,Furniture,Bed Frame,SN-37155675D6,2025-09-12,2065.97,2025-09-12,365,2026-09-12,2026-01-26,Structural Frame Defect,Structural Frame Defect reported by customer.,Electrical Fault,2026-01-28,138,True,True,True,True,1,False,False,False,ManualReview
CLM-00644,PRD-00644,Electronics,Headphones,SN-02CD71898A,2025-05-20,2449.58,2025-05-20,365,2026-05-20,2026-04-16,Battery Failure,Battery Failure reported by customer.,Structural Damage,2026-04-20,335,True,True,True,True,0,True,True,False,Invalid
CLM-00097,PRD-00097,Electronics,Tablet,SN-8AC86B5B20,2023-01-06,726.81,2023-01-06,365,2024-01-06,2023-05-26,Overheating,Overheating reported by customer during normal use.,Accidental Damage,2023-05-27,141,True,True,True,True,1,True,False,False,Valid
CLM-00585,PRD-00585,Appliances,Air Conditioner,SN-51D77242AF,2025-12-30,1520.25,2025-12-30,730,2027-12-30,2027-10-04,Drainage Issue,Drainage Issue reported by customer.,Structural Damage,2027-10-09,648,True,True,True,False,0,True,False,False,Invalid
CLM-01215,PRD-01215,Electronics,Television,SN-8B00ABA951,2026-01-23,2240.95,2026-01-23,365,2027-01-23,2026-03-07,Battery Failure,Battery Failure reported by customer.,Cosmetic Damage,2026-03-11,47,True,True,True,True,1,False,False,False,ManualReview
CLM-00157,PRD-00157,Electronics,Tablet,SN-96362AE3B9,2024-05-12,1419.36,2024-05-12,365,2025-05-12,2024-06-29,Overheating,Overheating reported by customer during normal use.,Wear and Tear,2024-07-03,52,True,True,True,True,1,True,False,False,Valid
CLM-00420,PRD-00420,Appliances,Refrigerator,SN-51F1226611,2025-05-19,835.55,2025-05-19,730,2027-05-19,2026-10-23,Motor Failure,Motor Failure reported by customer during normal use.,Accidental Damage,2026-10-25,524,True,True,True,True,1,True,False,False,Valid
CLM-00411,PRD-00411,Furniture,Sofa,SN-9FE0A91C82,2026-03-28,616.34,2026-03-28,1095,2029-03-27,2026-07-12,Material Defect,Material Defect reported by customer during normal use.,Accidental Damage,2026-07-13,107,True,True,True,True,1,True,False,False,Valid
CLM-01223,PRD-01223,Appliances,Air Conditioner,SN-BB7119FA62,2023-02-22,1250.22,2023-02-22,1095,2026-02-21,2024-02-10,Thermostat Malfunction,Thermostat Malfunction reported by customer.,Accidental Damage,2024-02-11,354,True,True,True,True,1,True,False,True,ManualReview
CLM-00478,PRD-00478,Electronics,Smartphone,SN-93F97D287E,2025-07-22,2156.0,2025-07-22,365,2026-07-22,2025-09-12,Overheating,Overheating reported by customer during normal use.,Wear and Tear,2025-09-14,54,True,True,True,True,1,True,False,False,Valid
CLM-00515,PRD-00515,Appliances,Washing Machine,SN-12D53799F8,2022-12-25,2345.14,2022-12-25,730,2024-12-24,2025-07-06,Motor Failure,Motor Failure reported by customer.,Structural Damage,2025-07-10,928,True,True,True,True,1,True,False,False,Invalid
CLM-01286,PRD-01286,Appliances,Microwave Oven,SN-B36A027527,2023-03-15,1727.63,2023-03-15,1095,2026-03-14,2024-02-01,Electrical Short Circuit,Electrical Short Circuit reported by customer.,Structural Damage,2024-02-03,325,True,True,True,True,2,False,False,False,ManualReview
CLM-01454,PRD-01454,Appliances,Air Conditioner,SN-73921CDF9A,2025-09-05,451.54,2025-09-05,1095,2028-09-04,2026-07-02,Drainage Issue,Drainage Issue reported by customer.,Cosmetic Damage,2026-07-05,303,True,True,True,True,1,True,False,True,ManualReview
CLM-01119,PRD-01119,Electronics,Television,SN-2159152AA7,2025-07-02,203.78,2025-07-02,730,2027-07-02,2026-10-18,Charging Port Issue,Charging Port Issue reported by customer.,Accidental Damage,2026-10-20,475,True,True,True,True,0,True,False,True,ManualReview
CLM-00448,PRD-00448,Furniture,Bookshelf,SN-BF8803F8BB,2026-02-20,210.41,2026-02-20,365,2027-02-20,2026-04-17,Material Defect,Material Defect reported by customer during normal use.,Cosmetic Damage,2026-04-19,58,True,True,True,True,0,True,False,False,Valid
CLM-00179,PRD-00179,Appliances,Microwave Oven,SN-603B8E8FA5,2023-01-27,853.4,2023-01-27,730,2025-01-26,2024-10-06,Thermostat Malfunction,Thermostat Malfunction reported by customer during normal use.,Accidental Damage,2024-10-10,622,True,True,True,True,1,True,False,False,Valid
CLM-00391,PRD-00391,Appliances,Microwave Oven,SN-68D526067D,2024-11-22,1001.27,2024-11-22,1095,2027-11-22,2025-12-17,Drainage Issue,Drainage Issue reported by customer during normal use.,Structural Damage,2025-12-20,393,True,True,True,True,0,True,False,False,Valid
CLM-01290,PRD-01290,Electronics,Laptop,SN-6423C4F32E,2024-04-11,2089.75,2024-04-11,730,2026-04-11,2025-03-10,Software Fault,"Minor issue, hard to describe",Accidental Damage,2025-03-15,338,True,True,True,True,0,True,False,False,ManualReview
CLM-01308,PRD-01308,Appliances,Air Conditioner,SN-D6DEA25D36,2025-06-23,324.38,2025-06-23,1095,2028-06-22,2027-11-01,Thermostat Malfunction,Thermostat Malfunction reported by customer.,Manufacturing Defect,2027-11-05,865,False,True,True,True,1,True,False,False,ManualReview
CLM-01367,PRD-01367,Appliances,Washing Machine,SN-4FF80973AC,2023-03-18,837.71,2023-03-18,1095,2026-03-17,2026-01-02,Electrical Short Circuit,Not working properly sometimes,Structural Damage,2026-01-05,1024,True,True,True,True,1,True,False,False,ManualReview
CLM-01048,PRD-01048,Appliances,Air Conditioner,SN-05FBB41F0D,2024-08-07,2079.06,2024-08-07,1095,2027-08-07,2027-08-04,Motor Failure,Motor Failure reported by customer.,Structural Damage,2027-08-06,1094,True,True,True,True,1,True,False,False,ManualReview
CLM-01143,PRD-01143,Electronics,Television,SN-53CBEDFECE,2025-05-27,96.18,2025-05-27,730,2027-05-27,2026-01-14,Screen Malfunction,Performance seems inconsistent,Electrical Fault,2026-01-16,234,True,True,True,True,1,True,False,False,ManualReview
CLM-00635,PRD-00635,Furniture,Office Chair,SN-34C66CA5DD,2026-03-24,697.77,2026-03-24,365,2027-03-24,2026-10-15,Misuse Damage,Misuse Damage - not covered under warranty terms.,Manufacturing Defect,2026-10-19,209,True,True,True,True,0,True,False,False,Invalid
CLM-00866,PRD-00866,Appliances,Refrigerator,SN-C1F1668D4E,2025-04-06,1987.94,2025-04-06,730,2027-04-06,2026-04-25,Drainage Issue,Drainage Issue reported by customer.,Wear and Tear,2026-04-29,388,True,True,True,True,0,True,True,False,Invalid
CLM-00788,PRD-00788,Electronics,Laptop,SN-BAAF3FDD52,2025-05-06,1205.15,2025-05-06,730,2027-05-06,2026-03-03,Water Damage,Water Damage - not covered under warranty terms.,Structural Damage,2026-03-08,306,True,True,True,True,1,True,False,False,Invalid
CLM-00745,PRD-00745,Electronics,Smartphone,SN-D07995F435,2025-07-20,1677.33,2025-07-20,365,2026-07-20,2026-12-20,Battery Failure,Battery Failure reported by customer.,Electrical Fault,2026-12-21,519,True,True,True,True,1,True,False,False,Invalid
CLM-00860,PRD-00860,Electronics,Tablet,SN-E210DA1CE9,2022-11-14,2439.51,2022-11-14,730,2024-11-13,2023-06-28,Battery Failure,Battery Failure reported by customer.,Wear and Tear,2023-07-01,229,True,True,True,False,0,True,False,False,Invalid
CLM-00295,PRD-00295,Furniture,Sofa,SN-479B21B38B,2024-02-16,1949.03,2024-02-16,365,2025-02-15,2024-09-28,Structural Frame Defect,Structural Frame Defect reported by customer during normal use.,Structural Damage,2024-10-03,230,True,True,True,True,1,True,False,False,Valid
CLM-00545,PRD-00545,Appliances,Air Conditioner,SN-14C6BB78BF,2023-03-18,458.68,2023-03-18,1095,2026-03-17,2025-02-09,Drainage Issue,Drainage Issue reported by customer.,Structural Damage,2025-02-11,696,True,True,True,True,0,True,True,False,Invalid
CLM-01363,PRD-01363,Furniture,Dining Table,SN-946D2A2DE4,2023-03-09,1269.25,2023-03-09,365,2024-03-08,2024-03-05,Material Defect,Material Defect reported by customer.,Structural Damage,2024-03-07,364,True,True,True,True,0,True,False,False,ManualReview
CLM-00089,PRD-00089,Electronics,Laptop,SN-0F7363934E,2026-05-24,2062.48,2026-05-24,365,2027-05-24,2027-02-14,Software Fault,Software Fault reported by customer during normal use.,Wear and Tear,2027-02-18,270,True,True,True,True,0,True,False,False,Valid
CLM-01032,PRD-01032,Furniture,Bookshelf,SN-A5D5CA554F,2023-06-25,1438.91,2023-06-25,365,2024-06-24,2023-11-30,Upholstery Tear,Upholstery Tear reported by customer.,Manufacturing Defect,2023-12-05,163,False,True,True,True,1,True,False,False,ManualReview
CLM-01380,PRD-01380,Furniture,Sofa,SN-38E8144C15,2024-10-03,425.09,2024-10-03,1095,2027-10-03,2025-10-17,Upholstery Tear,Upholstery Tear reported by customer.,Structural Damage,2025-10-19,381,True,False,True,True,1,True,False,False,ManualReview
CLM-00577,PRD-00577,Electronics,Tablet,SN-FE4E09E312,2022-11-05,1416.37,2022-11-05,730,2024-11-04,2023-12-19,Software Fault,Software Fault reported by customer.,Wear and Tear,2023-12-22,412,True,True,True,False,0,True,False,False,Invalid
CLM-00907,PRD-00907,Furniture,Sofa,SN-54E7C05A9E,2026-06-24,1755.88,2026-06-24,365,2027-06-24,2026-09-26,Joint/Hinge Failure,Joint/Hinge Failure reported by customer.,Structural Damage,2026-09-30,98,True,True,True,True,0,True,True,False,Invalid
CLM-01388,PRD-01388,Appliances,Refrigerator,SN-009C959753,2023-10-17,2357.61,2023-10-17,1095,2026-10-16,2026-04-14,Thermostat Malfunction,Performance seems inconsistent,Electrical Fault,2026-04-18,914,True,True,True,True,1,True,False,False,ManualReview
CLM-01092,PRD-01092,Electronics,Laptop,SN-146E80827C,2025-03-06,397.49,2025-03-06,730,2027-03-06,2026-02-15,Software Fault,Makes strange noise occasionally,Cosmetic Damage,2026-02-16,347,True,True,True,True,0,True,False,False,ManualReview
CLM-00944,PRD-00944,Furniture,Office Chair,SN-E636DEA7F2,2026-07-13,2311.51,2026-07-13,1095,2029-07-12,2026-11-02,Misuse Damage,Misuse Damage - not covered under warranty terms.,Manufacturing Defect,2026-11-05,115,True,True,True,True,1,True,False,False,Invalid
CLM-00291,PRD-00291,Furniture,Dining Table,SN-C136A77E05,2025-05-15,757.65,2025-05-15,365,2026-05-15,2026-04-01,Material Defect,Material Defect reported by customer during normal use.,Accidental Damage,2026-04-02,322,True,True,True,True,0,True,False,False,Valid
CLM-01419,PRD-01419,Appliances,Refrigerator,SN-DCD019D146,2025-05-31,1010.97,2025-05-31,730,2027-05-31,2027-05-30,Compressor Fault,Compressor Fault reported by customer.,Structural Damage,2027-06-02,732,True,True,True,True,1,True,False,False,ManualReview
CLM-01019,PRD-01019,Electronics,Tablet,SN-12213BCD24,2025-04-19,2101.72,2025-04-19,365,2026-04-19,2025-07-04,Charging Port Issue,Charging Port Issue reported by customer.,Manufacturing Defect,2025-07-05,77,True,True,True,True,1,False,False,False,ManualReview
CLM-00349,PRD-00349,Furniture,Dining Table,SN-3F415CF576,2023-03-10,657.25,2023-03-10,365,2024-03-09,2023-06-30,Structural Frame Defect,Structural Frame Defect reported by customer during normal use.,Accidental Damage,2023-07-05,117,True,True,True,True,0,True,False,False,Valid
CLM-00568,PRD-00568,Furniture,Dining Table,SN-B4AE809290,2023-12-22,1453.6,2023-12-22,1095,2026-12-21,2024-09-19,Material Defect,Material Defect reported by customer.,Accidental Damage,2024-09-21,274,True,True,True,False,1,True,False,False,Invalid
CLM-01413,PRD-01413,Electronics,Smartphone,SN-E77A02A00C,2022-12-23,1260.11,2022-12-23,365,2023-12-23,2023-12-04,Screen Malfunction,Not working properly sometimes,Structural Damage,2023-12-08,350,True,True,True,True,0,True,False,False,ManualReview
CLM-01059,PRD-01059,Furniture,Dining Table,SN-512ABF85B6,2024-02-01,1665.18,2024-02-01,1095,2027-01-31,2024-09-03,Structural Frame Defect,Structural Frame Defect reported by customer.,Manufacturing Defect,2024-09-04,216,True,True,True,True,2,False,False,False,ManualReview
CLM-00600,PRD-00600,Appliances,Refrigerator,SN-43155F3D46,2025-02-27,2082.17,2025-02-27,1095,2028-02-27,2025-10-16,Compressor Fault,Compressor Fault reported by customer.,Wear and Tear,2025-10-19,234,True,True,True,False,1,True,False,False,Invalid
CLM-00459,PRD-00459,Electronics,Television,SN-57128C6E2F,2025-02-24,854.45,2025-02-24,730,2027-02-24,2025-07-30,Overheating,Overheating reported by customer during normal use.,Cosmetic Damage,2025-08-04,161,True,True,True,True,1,True,False,False,Valid
CLM-00376,PRD-00376,Electronics,Television,SN-DD982BE475,2024-12-05,697.13,2024-12-05,730,2026-12-05,2026-04-07,Overheating,Overheating reported by customer during normal use.,Structural Damage,2026-04-08,489,True,True,True,True,1,True,False,False,Valid
CLM-00334,PRD-00334,Furniture,Sofa,SN-054BE8DA2C,2026-03-14,2058.91,2026-03-14,365,2027-03-14,2026-10-25,Structural Frame Defect,Structural Frame Defect reported by customer during normal use.,Structural Damage,2026-10-27,227,True,True,True,True,0,True,False,False,Valid
CLM-00757,PRD-00757,Appliances,Dishwasher,SN-2911210220,2023-06-18,268.2,2023-06-18,1095,2026-06-17,2026-12-13,Motor Failure,Motor Failure reported by customer.,Wear and Tear,2026-12-18,1279,True,True,True,True,1,True,False,False,Invalid
CLM-01324,PRD-01324,Furniture,Office Chair,SN-9A1674C81F,2024-07-28,802.22,2024-07-28,365,2025-07-28,2025-02-16,Upholstery Tear,Upholstery Tear reported by customer.,Structural Damage,2025-02-21,208,False,True,True,True,1,True,False,False,ManualReview
CLM-00712,PRD-00712,Electronics,Smartphone,SN-267C4E87B1,2024-03-07,2374.54,2024-03-07,365,2025-03-07,2025-01-17,Unauthorized Modification,Unauthorized Modification - not covered under warranty terms.,Accidental Damage,2025-01-19,318,True,True,True,True,1,True,False,False,Invalid
CLM-01390,PRD-01390,Appliances,Dishwasher,SN-31870F910E,2024-09-22,1627.8,2024-09-22,1095,2027-09-22,2025-05-02,Thermostat Malfunction,Thermostat Malfunction reported by customer.,Electrical Fault,2025-05-07,227,True,True,True,True,3,False,False,False,ManualReview
CLM-00567,PRD-00567,Appliances,Refrigerator,SN-EF9DDF8244,2024-07-16,2248.08,2024-07-16,730,2026-07-16,2026-06-10,Drainage Issue,Drainage Issue reported by customer.,Manufacturing Defect,2026-06-15,699,True,True,True,True,0,True,True,False,Invalid
CLM-00329,PRD-00329,Appliances,Microwave Oven,SN-92E88A819F,2025-09-22,1169.03,2025-09-22,730,2027-09-22,2027-04-24,Electrical Short Circuit,Electrical Short Circuit reported by customer during normal use.,Wear and Tear,2027-04-27,582,True,True,True,True,1,True,False,False,Valid
CLM-00319,PRD-00319,Appliances,Air Conditioner,SN-3ED2523361,2023-02-01,1619.32,2023-02-01,1095,2026-01-31,2024-10-31,Motor Failure,Motor Failure reported by customer during normal use.,Accidental Damage,2024-11-01,639,True,True,True,True,0,True,False,False,Valid
CLM-01303,PRD-01303,Electronics,Laptop,SN-3420B298A1,2024-05-09,494.89,2024-05-09,365,2025-05-09,2024-07-13,Screen Malfunction,Screen Malfunction reported by customer.,Structural Damage,2024-07-18,70,True,True,True,True,0,True,False,True,ManualReview
CLM-00953,PRD-00953,Electronics,Tablet,SN-5E00F88234,2024-05-21,351.46,2024-05-21,730,2026-05-21,2024-11-06,Unauthorized Modification,Unauthorized Modification - not covered under warranty terms.,Structural Damage,2024-11-07,170,True,True,True,True,0,True,False,False,Invalid
CLM-00013,PRD-00013,Appliances,Air Conditioner,SN-BFFAB35905,2025-08-04,665.96,2025-08-04,1095,2028-08-03,2027-02-03,Motor Failure,Motor Failure reported by customer during normal use.,Cosmetic Damage,2027-02-06,551,True,True,True,True,0,True,False,False,Valid
CLM-00172,PRD-00172,Furniture,Sofa,SN-E331CE869E,2025-04-05,156.66,2025-04-05,1095,2028-04-04,2025-05-10,Joint/Hinge Failure,Joint/Hinge Failure reported by customer during normal use.,Accidental Damage,2025-05-13,38,True,True,True,True,1,True,False,False,Valid
CLM-00261,PRD-00261,Furniture,Sofa,SN-92E90E125A,2024-05-22,88.36,2024-05-22,365,2025-05-22,2024-12-15,Upholstery Tear,Upholstery Tear reported by customer during normal use.,Structural Damage,2024-12-16,208,True,True,True,True,0,True,False,False,Valid
CLM-00820,PRD-00820,Appliances,Air Conditioner,SN-C9BE25F07B,2023-05-27,1286.67,2023-05-27,730,2025-05-26,2024-04-28,Compressor Fault,Compressor Fault reported by customer.,Electrical Fault,2024-04-29,338,True,True,True,True,1,True,True,False,Invalid
CLM-01495,PRD-01495,Electronics,Smartphone,SN-507C6A6F06,2023-11-10,471.01,2023-11-10,730,2025-11-09,2023-11-30,Overheating,Overheating reported by customer.,Wear and Tear,2023-12-02,22,True,True,True,True,1,True,False,True,ManualReview
CLM-00797,PRD-00797,Electronics,Tablet,SN-113E7ADAC3,2023-04-21,1426.85,2023-04-21,365,2024-04-20,2023-05-14,Charging Port Issue,Charging Port Issue reported by customer.,Accidental Damage,2023-05-19,28,True,True,True,False,1,True,False,False,Invalid
CLM-00139,PRD-00139,Electronics,Laptop,SN-60846CA07C,2026-05-28,249.87,2026-05-28,365,2027-05-28,2027-01-31,Software Fault,Software Fault reported by customer during normal use.,Cosmetic Damage,2027-02-05,253,True,True,True,True,1,True,False,False,Valid
CLM-00550,PRD-00550,Electronics,Television,SN-0565F78DC1,2025-11-21,662.15,2025-11-21,730,2027-11-21,2028-02-27,Overheating,Overheating reported by customer.,Accidental Damage,2028-03-03,833,True,True,True,True,1,True,False,False,Invalid
CLM-00616,PRD-00616,Furniture,Bookshelf,SN-AA6796306B,2024-06-13,1409.96,2024-06-13,1095,2027-06-13,2024-11-02,Material Defect,Material Defect reported by customer.,Wear and Tear,2024-11-07,147,True,True,True,False,1,True,False,False,Invalid
CLM-00846,PRD-00846,Furniture,Bed Frame,SN-947CB60B05,2024-01-10,532.35,2024-01-10,365,2025-01-09,2025-01-13,Structural Frame Defect,Structural Frame Defect reported by customer.,Accidental Damage,2025-01-17,373,True,True,True,True,1,True,False,False,Invalid
CLM-00778,PRD-00778,Electronics,Tablet,SN-405E8AC8D7,2025-03-23,1707.28,2025-03-23,730,2027-03-23,2027-07-17,Charging Port Issue,Charging Port Issue reported by customer.,Electrical Fault,2027-07-21,850,True,True,True,True,0,True,False,False,Invalid
CLM-00559,PRD-00559,Electronics,Headphones,SN-8288BCC4B3,2023-12-08,539.23,2023-12-08,365,2024-12-07,2025-06-14,Screen Malfunction,Screen Malfunction reported by customer.,Wear and Tear,2025-06-15,555,True,True,True,True,1,True,False,False,Invalid
CLM-00140,PRD-00140,Appliances,Air Conditioner,SN-A85AFC8B6C,2023-11-01,1899.61,2023-11-01,1095,2026-10-31,2024-06-17,Thermostat Malfunction,Thermostat Malfunction reported by customer during normal use.,Accidental Damage,2024-06-20,232,True,True,True,True,0,True,False,False,Valid
CLM-01310,PRD-01310,Furniture,Office Chair,SN-FABDF74A2F,2023-06-01,2126.17,2023-06-01,365,2024-05-31,2024-02-24,Upholstery Tear,Upholstery Tear reported by customer.,Structural Damage,2024-02-26,270,False,True,True,True,0,True,False,False,ManualReview
CLM-01024,PRD-01024,Furniture,Bookshelf,SN-E54135CDFB,2026-07-05,1197.67,2026-07-05,365,2027-07-05,2026-10-01,Material Defect,"Stopped working, not sure why",Cosmetic Damage,2026-10-02,89,True,True,True,True,1,True,False,False,ManualReview
CLM-00225,PRD-00225,Appliances,Washing Machine,SN-6E5BC523A8,2023-05-31,1219.76,2023-05-31,730,2025-05-30,2024-06-29,Electrical Short Circuit,Electrical Short Circuit reported by customer during normal use.,Manufacturing Defect,2024-07-01,397,True,True,True,True,0,True,False,False,Valid
CLM-00964,PRD-00964,Appliances,Air Conditioner,SN-69158D537B,2024-07-23,2024.91,2024-07-23,730,2026-07-23,2024-08-01,Power Surge Damage,Power Surge Damage - not covered under warranty terms.,Electrical Fault,2024-08-06,14,True,True,True,True,1,True,False,False,Invalid
CLM-00410,PRD-00410,Electronics,Smartphone,SN-FB4C34C050,2023-03-31,2096.32,2023-03-31,365,2024-03-30,2023-12-21,Screen Malfunction,Screen Malfunction reported by customer during normal use.,Wear and Tear,2023-12-22,266,True,True,True,True,1,True,False,False,Valid
CLM-00326,PRD-00326,Electronics,Laptop,SN-3598BA9DD2,2025-04-09,941.74,2025-04-09,365,2026-04-09,2026-01-18,Screen Malfunction,Screen Malfunction reported by customer during normal use.,Wear and Tear,2026-01-22,288,True,True,True,True,0,True,False,False,Valid
CLM-00300,PRD-00300,Electronics,Headphones,SN-F8E037F6E6,2024-03-06,2174.27,2024-03-06,365,2025-03-06,2024-07-14,Battery Failure,Battery Failure reported by customer during normal use.,Cosmetic Damage,2024-07-16,132,True,True,True,True,0,True,False,False,Valid
CLM-00994,PRD-00994,Furniture,Sofa,SN-06A701218B,2024-11-08,1262.81,2024-11-08,365,2025-11-08,2025-08-23,Material Defect,Material Defect reported by customer.,Wear and Tear,2025-08-27,292,True,True,True,True,0,True,True,False,Invalid
CLM-01033,PRD-01033,Appliances,Washing Machine,SN-02589CD7DB,2024-05-20,465.81,2024-05-20,1095,2027-05-20,2026-06-05,Electrical Short Circuit,Electrical Short Circuit reported by customer.,Wear and Tear,2026-06-08,749,False,True,True,True,1,True,False,False,ManualReview
CLM-00671,PRD-00671,Furniture,Bed Frame,SN-643E297E12,2024-01-06,851.88,2024-01-06,365,2025-01-05,2024-01-09,Normal Wear and Tear,Normal Wear and Tear - not covered under warranty terms.,Structural Damage,2024-01-13,7,True,True,True,True,0,True,False,False,Invalid
CLM-01480,PRD-01480,Appliances,Refrigerator,SN-8DBFB6F560,2024-11-26,196.2,2024-11-26,1095,2027-11-26,2027-11-26,Thermostat Malfunction,Thermostat Malfunction reported by customer.,Manufacturing Defect,2027-11-29,1098,True,True,True,True,1,True,False,False,ManualReview
CLM-00947,PRD-00947,Appliances,Air Conditioner,SN-A0A6AC1CA2,2022-12-02,337.5,2022-12-02,730,2024-12-01,2024-09-05,Compressor Fault,Compressor Fault reported by customer.,Structural Damage,2024-09-09,647,True,True,True,True,1,True,True,False,Invalid
CLM-01270,PRD-01270,Electronics,Laptop,SN-E5A257E33F,2025-07-20,756.65,2025-07-20,365,2026-07-20,2025-12-18,Charging Port Issue,Charging Port Issue reported by customer.,Accidental Damage,2025-12-21,154,True,True,True,True,0,True,False,True,ManualReview
CLM-00574,PRD-00574,Electronics,Headphones,SN-2D4897E40F,2024-02-20,2377.99,2024-02-20,365,2025-02-19,2024-03-27,Water Damage,Water Damage - not covered under warranty terms.,Cosmetic Damage,2024-03-29,38,True,True,True,True,0,True,False,False,Invalid
CLM-00504,PRD-00504,Appliances,Dishwasher,SN-244C109F72,2024-06-13,935.93,2024-06-13,730,2026-06-13,2025-03-16,Compressor Fault,Compressor Fault reported by customer.,Wear and Tear,2025-03-20,280,True,True,True,False,1,True,False,False,Invalid
CLM-01038,PRD-01038,Appliances,Air Conditioner,SN-B1BFB9E725,2023-03-28,260.27,2023-03-28,1095,2026-03-27,2025-06-29,Compressor Fault,Not working properly sometimes,Electrical Fault,2025-07-02,827,True,True,True,True,0,True,False,False,ManualReview
CLM-00004,PRD-00004,Appliances,Refrigerator,SN-299DB3AB6E,2024-07-06,300.42,2024-07-06,730,2026-07-06,2025-06-23,Electrical Short Circuit,Electrical Short Circuit reported by customer during normal use.,Manufacturing Defect,2025-06-28,357,True,True,True,True,1,True,False,False,Valid
CLM-01469,PRD-01469,Electronics,Tablet,SN-360C0CBFDA,2023-08-08,2260.54,2023-08-08,730,2025-08-07,2025-04-16,Charging Port Issue,Charging Port Issue reported by customer.,Wear and Tear,2025-04-19,620,True,False,True,True,1,True,False,False,ManualReview
CLM-00468,PRD-00468,Appliances,Air Conditioner,SN-13F9CCE3A7,2022-11-20,147.77,2022-11-20,1095,2025-11-19,2024-06-04,Drainage Issue,Drainage Issue reported by customer during normal use.,Manufacturing Defect,2024-06-07,565,True,True,True,True,1,True,False,False,Valid
CLM-00322,PRD-00322,Furniture,Dining Table,SN-156E0096CF,2023-07-18,1266.21,2023-07-18,365,2024-07-17,2023-10-13,Joint/Hinge Failure,Joint/Hinge Failure reported by customer during normal use.,Structural Damage,2023-10-16,90,True,True,True,True,1,True,False,False,Valid
CLM-00006,PRD-00006,Appliances,Dishwasher,SN-03B899CD2A,2026-07-29,220.41,2026-07-29,730,2028-07-28,2027-03-28,Motor Failure,Motor Failure reported by customer during normal use.,Accidental Damage,2027-03-29,243,True,True,True,True,0,True,False,False,Valid
CLM-00974,PRD-00974,Furniture,Bed Frame,SN-814D507472,2024-04-19,917.04,2024-04-19,1095,2027-04-19,2026-04-19,Misuse Damage,Misuse Damage - not covered under warranty terms.,Accidental Damage,2026-04-20,731,True,True,True,True,0,True,False,False,Invalid
CLM-00548,PRD-00548,Furniture,Sofa,SN-66AB61D8E5,2025-12-19,89.94,2025-12-19,1095,2028-12-18,2029-02-11,Joint/Hinge Failure,Joint/Hinge Failure reported by customer.,Accidental Damage,2029-02-13,1152,True,True,True,True,0,True,False,False,Invalid
CLM-01477,PRD-01477,Furniture,Office Chair,SN-9ABF3B446E,2024-04-29,2206.94,2024-04-29,365,2025-04-29,2024-08-19,Material Defect,Material Defect reported by customer.,Accidental Damage,2024-08-21,114,True,True,True,True,3,False,False,False,ManualReview
CLM-00040,PRD-00040,Electronics,Headphones,SN-F74922B82A,2023-08-19,1854.58,2023-08-19,365,2024-08-18,2024-01-05,Battery Failure,Battery Failure reported by customer during normal use.,Electrical Fault,2024-01-07,141,True,True,True,True,1,True,False,False,Valid
CLM-00543,PRD-00543,Electronics,Smartphone,SN-EC35EAF3C7,2023-01-23,2364.28,2023-01-23,730,2025-01-22,2024-02-24,Unauthorized Modification,Unauthorized Modification - not covered under warranty terms.,Manufacturing Defect,2024-02-26,399,True,True,True,True,0,True,False,False,Invalid
CLM-00243,PRD-00243,Electronics,Tablet,SN-8ADF744BE7,2023-12-23,2130.89,2023-12-23,730,2025-12-22,2025-04-14,Battery Failure,Battery Failure reported by customer during normal use.,Cosmetic Damage,2025-04-15,479,True,True,True,True,1,True,False,False,Valid
CLM-00137,PRD-00137,Electronics,Tablet,SN-FBF4A37602,2023-01-06,397.59,2023-01-06,730,2025-01-05,2023-08-15,Overheating,Overheating reported by customer during normal use.,Manufacturing Defect,2023-08-19,225,True,True,True,True,0,True,False,False,Valid
CLM-00603,PRD-00603,Appliances,Dishwasher,SN-CE09708D4E,2022-08-25,811.9,2022-08-25,730,2024-08-24,2024-12-21,Electrical Short Circuit,Electrical Short Circuit reported by customer.,Cosmetic Damage,2024-12-22,850,True,True,True,True,0,True,False,False,Invalid
CLM-00773,PRD-00773,Furniture,Sofa,SN-898EAB3797,2022-11-14,1657.62,2022-11-14,1095,2025-11-13,2023-02-23,Accidental Damage,Accidental Damage - not covered under warranty terms.,Accidental Damage,2023-02-26,104,True,True,True,True,1,True,False,False,Invalid
CLM-00847,PRD-00847,Appliances,Washing Machine,SN-0F63AB9D98,2024-01-11,655.53,2024-01-11,1095,2027-01-10,2025-11-24,Motor Failure,Motor Failure reported by customer.,Wear and Tear,2025-11-29,688,True,True,True,False,1,True,False,False,Invalid
CLM-01091,PRD-01091,Furniture,Office Chair,SN-E7BA1C5FF8,2023-02-26,503.44,2023-02-26,365,2024-02-26,2024-02-28,Upholstery Tear,Upholstery Tear reported by customer.,Cosmetic Damage,2024-02-29,368,True,True,True,True,1,True,False,False,ManualReview
CLM-01366,PRD-01366,Furniture,Bed Frame,SN-A5D1317D06,2024-03-17,834.78,2024-03-17,365,2025-03-17,2025-03-15,Material Defect,Material Defect reported by customer.,Wear and Tear,2025-03-16,364,True,True,True,True,1,True,False,False,ManualReview
CLM-00582,PRD-00582,Electronics,Laptop,SN-26E2A39204,2025-10-18,2184.7,2025-10-18,730,2027-10-18,2025-12-10,Water Damage,Water Damage - not covered under warranty terms.,Wear and Tear,2025-12-14,57,True,True,True,True,0,True,False,False,Invalid
CLM-01475,PRD-01475,Appliances,Dishwasher,SN-9038F50AAC,2025-10-01,694.37,2025-10-01,1095,2028-09-30,2028-01-29,Drainage Issue,Drainage Issue reported by customer.,Cosmetic Damage,2028-01-30,851,True,True,True,True,3,False,False,False,ManualReview
CLM-00789,PRD-00789,Appliances,Washing Machine,SN-076CCF514A,2022-09-02,301.53,2022-09-02,1095,2025-09-01,2024-04-23,Drainage Issue,Drainage Issue reported by customer.,Electrical Fault,2024-04-24,600,True,True,True,True,1,True,True,False,Invalid
CLM-01389,PRD-01389,Appliances,Microwave Oven,SN-9ED65D1A92,2026-05-10,1027.26,2026-05-10,1095,2029-05-09,2027-06-12,Compressor Fault,Compressor Fault reported by customer.,Wear and Tear,2027-06-17,403,True,True,True,True,2,False,False,False,ManualReview
CLM-00377,PRD-00377,Electronics,Television,SN-49629ED114,2023-06-07,1564.7,2023-06-07,730,2025-06-06,2024-05-14,Software Fault,Software Fault reported by customer during normal use.,Manufacturing Defect,2024-05-16,344,True,True,True,True,1,True,False,False,Valid
CLM-00315,PRD-00315,Appliances,Washing Machine,SN-EC1DFDAF8E,2023-10-11,1318.49,2023-10-11,1095,2026-10-10,2025-06-11,Thermostat Malfunction,Thermostat Malfunction reported by customer during normal use.,Cosmetic Damage,2025-06-12,610,True,True,True,True,0,True,False,False,Valid
CLM-00443,PRD-00443,Electronics,Television,SN-4B90D72A51,2023-08-28,1325.49,2023-08-28,365,2024-08-27,2024-05-29,Overheating,Overheating reported by customer during normal use.,Electrical Fault,2024-06-02,279,True,True,True,True,0,True,False,False,Valid
CLM-00320,PRD-00320,Furniture,Dining Table,SN-E5F4DFF443,2025-08-19,850.54,2025-08-19,365,2026-08-19,2025-12-23,Material Defect,Material Defect reported by customer during normal use.,Accidental Damage,2025-12-24,127,True,True,True,True,0,True,False,False,Valid
CLM-01479,PRD-01479,Furniture,Dining Table,SN-FD5A39304B,2025-04-21,1307.79,2025-04-21,365,2026-04-21,2026-03-08,Upholstery Tear,Upholstery Tear reported by customer.,Structural Damage,2026-03-12,325,True,True,True,True,3,False,False,False,ManualReview
CLM-00794,PRD-00794,Appliances,Refrigerator,SN-4B29755A22,2024-03-17,1742.21,2024-03-17,730,2026-03-17,2024-09-13,Compressor Fault,Compressor Fault reported by customer.,Cosmetic Damage,2024-09-15,182,True,True,True,True,0,True,True,False,Invalid
CLM-01133,PRD-01133,Furniture,Bed Frame,SN-4B9D88A906,2024-02-22,1822.16,2024-02-22,365,2025-02-21,2025-01-21,Upholstery Tear,Performance seems inconsistent,Manufacturing Defect,2025-01-24,337,True,True,True,True,0,True,False,False,ManualReview
CLM-00425,PRD-00425,Furniture,Office Chair,SN-4F459917B8,2023-04-07,288.72,2023-04-07,1095,2026-04-06,2025-04-05,Joint/Hinge Failure,Joint/Hinge Failure reported by customer during normal use.,Manufacturing Defect,2025-04-08,732,True,True,True,True,0,True,False,False,Valid
CLM-00554,PRD-00554,Electronics,Smartphone,SN-4A774F1171,2025-02-14,1894.46,2025-02-14,730,2027-02-14,2026-03-27,Charging Port Issue,Charging Port Issue reported by customer.,Wear and Tear,2026-03-29,408,True,True,True,True,0,True,True,False,Invalid
CLM-00595,PRD-00595,Furniture,Office Chair,SN-F331445C92,2023-04-07,1730.3,2023-04-07,365,2024-04-06,2024-05-23,Upholstery Tear,Upholstery Tear reported by customer.,Electrical Fault,2024-05-26,415,True,True,True,True,1,True,False,False,Invalid
CLM-00894,PRD-00894,Furniture,Office Chair,SN-CC58EE2C45,2025-02-04,927.31,2025-02-04,365,2026-02-04,2026-05-28,Upholstery Tear,Upholstery Tear reported by customer.,Cosmetic Damage,2026-05-29,479,True,True,True,True,0,True,False,False,Invalid
CLM-01482,PRD-01482,Furniture,Dining Table,SN-19E5992CB1,2025-12-25,1327.08,2025-12-25,365,2026-12-25,2026-07-30,Structural Frame Defect,"Minor issue, hard to describe",Manufacturing Defect,2026-07-31,218,True,True,True,True,1,True,False,False,ManualReview
CLM-01218,PRD-01218,Furniture,Office Chair,SN-2AF26C7528,2023-08-05,1136.33,2023-08-05,365,2024-08-04,2023-11-05,Material Defect,Material Defect reported by customer.,Structural Damage,2023-11-06,93,True,True,True,True,2,False,False,False,ManualReview
CLM-01165,PRD-01165,Furniture,Sofa,SN-5FBB48AD8D,2023-01-15,1859.93,2023-01-15,365,2024-01-15,2023-08-28,Material Defect,Performance seems inconsistent,Electrical Fault,2023-08-31,228,True,True,True,True,1,True,False,False,ManualReview
CLM-00228,PRD-00228,Furniture,Dining Table,SN-9DBF1DF563,2023-05-17,1221.55,2023-05-17,365,2024-05-16,2023-12-15,Joint/Hinge Failure,Joint/Hinge Failure reported by customer during normal use.,Cosmetic Damage,2023-12-20,217,True,True,True,True,1,True,False,False,Valid
CLM-00715,PRD-00715,Appliances,Washing Machine,SN-190299FBF4,2024-08-12,2454.19,2024-08-12,730,2026-08-12,2024-12-07,Power Surge Damage,Power Surge Damage - not covered under warranty terms.,Wear and Tear,2024-12-10,120,True,True,True,True,1,True,False,False,Invalid
CLM-00811,PRD-00811,Furniture,Bookshelf,SN-1FC6B4D1D4,2024-08-03,783.04,2024-08-03,365,2025-08-03,2024-09-27,Upholstery Tear,Upholstery Tear reported by customer.,Cosmetic Damage,2024-09-30,58,True,True,True,True,0,True,True,False,Invalid
CLM-00980,PRD-00980,Furniture,Bed Frame,SN-220452547C,2023-03-29,2396.31,2023-03-29,365,2024-03-28,2023-12-14,Misuse Damage,Misuse Damage - not covered under warranty terms.,Wear and Tear,2023-12-15,261,True,True,True,True,0,True,False,False,Invalid
CLM-01076,PRD-01076,Electronics,Headphones,SN-D7EF91DCE1,2026-07-13,2460.72,2026-07-13,730,2028-07-12,2028-04-09,Charging Port Issue,Charging Port Issue reported by customer.,Cosmetic Damage,2028-04-10,637,False,True,True,True,1,True,False,False,ManualReview
CLM-00067,PRD-00067,Electronics,Tablet,SN-BC41341468,2023-03-13,1758.12,2023-03-13,365,2024-03-12,2023-05-13,Overheating,Overheating reported by customer during normal use.,Cosmetic Damage,2023-05-18,66,True,True,True,True,1,True,False,False,Valid
CLM-00394,PRD-00394,Appliances,Refrigerator,SN-7C8B41268F,2024-12-25,1980.82,2024-12-25,1095,2027-12-25,2026-08-20,Electrical Short Circuit,Electrical Short Circuit reported by customer during normal use.,Accidental Damage,2026-08-24,607,True,True,True,True,1,True,False,False,Valid
CLM-00580,PRD-00580,Electronics,Headphones,SN-1C0FA0E878,2025-03-05,270.94,2025-03-05,365,2026-03-05,2025-05-11,Unauthorized Modification,Unauthorized Modification - not covered under warranty terms.,Cosmetic Damage,2025-05-12,68,True,True,True,True,1,True,False,False,Invalid
CLM-00990,PRD-00990,Electronics,Tablet,SN-9EBE5AF4CD,2023-02-11,2223.62,2023-02-11,730,2025-02-10,2025-07-09,Screen Malfunction,Screen Malfunction reported by customer.,Cosmetic Damage,2025-07-11,881,True,True,True,True,0,True,False,False,Invalid
CLM-00212,PRD-00212,Furniture,Dining Table,SN-6323563811,2025-10-08,846.37,2025-10-08,365,2026-10-08,2026-03-20,Material Defect,Material Defect reported by customer during normal use.,Structural Damage,2026-03-22,165,True,True,True,True,1,True,False,False,Valid
CLM-01160,PRD-01160,Furniture,Bed Frame,SN-645EF3454E,2023-01-27,912.36,2023-01-27,1095,2026-01-26,2025-08-04,Upholstery Tear,Makes strange noise occasionally,Accidental Damage,2025-08-08,924,True,True,True,True,0,True,False,False,ManualReview
CLM-00782,PRD-00782,Electronics,Smartphone,SN-A181A1CD91,2026-07-29,779.24,2026-07-29,730,2028-07-28,2027-04-28,Overheating,Overheating reported by customer.,Cosmetic Damage,2027-05-01,276,True,True,True,True,1,True,True,False,Invalid
CLM-00537,PRD-00537,Appliances,Microwave Oven,SN-E93E572526,2025-08-30,949.43,2025-08-30,1095,2028-08-29,2025-10-07,Compressor Fault,Compressor Fault reported by customer.,Cosmetic Damage,2025-10-12,43,True,True,True,True,0,True,True,False,Invalid
CLM-00775,PRD-00775,Appliances,Washing Machine,SN-9CA8AC7A2D,2023-10-17,449.2,2023-10-17,730,2025-10-16,2024-08-18,Improper Installation Damage,Improper Installation Damage - not covered under warranty terms.,Accidental Damage,2024-08-22,310,True,True,True,True,1,True,False,False,Invalid
CLM-00662,PRD-00662,Furniture,Bookshelf,SN-8E514ED97B,2025-03-24,1937.31,2025-03-24,365,2026-03-24,2026-04-20,Upholstery Tear,Upholstery Tear reported by customer.,Accidental Damage,2026-04-22,394,True,True,True,True,0,True,False,False,Invalid
CLM-00086,PRD-00086,Furniture,Dining Table,SN-69D21DBAE3,2023-04-09,1384.18,2023-04-09,1095,2026-04-08,2023-09-06,Upholstery Tear,Upholstery Tear reported by customer during normal use.,Accidental Damage,2023-09-07,151,True,True,True,True,0,True,False,False,Valid
CLM-01350,PRD-01350,Electronics,Television,SN-8585AD3569,2023-01-21,2397.32,2023-01-21,730,2025-01-20,2024-09-07,Overheating,Overheating reported by customer.,Accidental Damage,2024-09-09,597,True,True,True,True,1,False,False,False,ManualReview
CLM-01217,PRD-01217,Furniture,Dining Table,SN-A6F2DC013B,2025-07-09,84.72,2025-07-09,1095,2028-07-08,2026-08-08,Structural Frame Defect,Structural Frame Defect reported by customer.,Electrical Fault,2026-08-13,400,False,True,True,True,1,True,False,False,ManualReview
CLM-00916,PRD-00916,Electronics,Laptop,SN-44ABCE348A,2024-01-21,1939.61,2024-01-21,730,2026-01-20,2024-03-21,Charging Port Issue,Charging Port Issue reported by customer.,Structural Damage,2024-03-25,64,True,True,True,True,1,True,True,False,Invalid
CLM-00661,PRD-00661,Furniture,Sofa,SN-010DE8A21F,2024-07-29,1076.03,2024-07-29,1095,2027-07-29,2028-01-01,Structural Frame Defect,Structural Frame Defect reported by customer.,Wear and Tear,2028-01-04,1254,True,True,True,True,0,True,False,False,Invalid
CLM-01351,PRD-01351,Furniture,Bed Frame,SN-BE134DAB55,2023-03-19,2027.77,2023-03-19,1095,2026-03-18,2026-03-19,Upholstery Tear,Upholstery Tear reported by customer.,Cosmetic Damage,2026-03-20,1097,True,True,True,True,0,True,False,False,ManualReview
CLM-00631,PRD-00631,Furniture,Bookshelf,SN-65C4ED3CB6,2024-03-26,1237.66,2024-03-26,365,2025-03-26,2025-05-28,Joint/Hinge Failure,Joint/Hinge Failure reported by customer.,Structural Damage,2025-05-30,430,True,True,True,True,0,True,False,False,Invalid
CLM-01034,PRD-01034,Electronics,Laptop,SN-3D27A5501F,2024-01-27,2466.05,2024-01-27,730,2026-01-26,2025-09-01,Screen Malfunction,Screen Malfunction reported by customer.,Electrical Fault,2025-09-05,587,True,True,True,True,1,False,False,False,ManualReview
CLM-01400,PRD-01400,Electronics,Laptop,SN-60B418E9CC,2024-04-06,1792.95,2024-04-06,730,2026-04-06,2024-04-22,Software Fault,Software Fault reported by customer.,Accidental Damage,2024-04-27,21,True,True,True,True,0,True,False,True,ManualReview
CLM-01093,PRD-01093,Appliances,Washing Machine,SN-5E9ED20AAF,2026-06-08,1912.64,2026-06-08,730,2028-06-07,2028-06-06,Thermostat Malfunction,Thermostat Malfunction reported by customer.,Structural Damage,2028-06-07,730,True,True,True,True,0,True,False,False,ManualReview
CLM-00274,PRD-00274,Appliances,Microwave Oven,SN-E1BF2B6B08,2025-11-08,1965.84,2025-11-08,1095,2028-11-07,2028-01-23,Electrical Short Circuit,Electrical Short Circuit reported by customer during normal use.,Electrical Fault,2028-01-26,809,True,True,True,True,1,True,False,False,Valid
CLM-00723,PRD-00723,Furniture,Dining Table,SN-F207A607CC,2023-03-08,1857.61,2023-03-08,365,2024-03-07,2024-06-08,Upholstery Tear,Upholstery Tear reported by customer.,Electrical Fault,2024-06-13,463,True,True,True,True,0,True,False,False,Invalid
CLM-00363,PRD-00363,Furniture,Sofa,SN-453750A4C3,2024-07-09,1505.37,2024-07-09,365,2025-07-09,2025-02-17,Structural Frame Defect,Structural Frame Defect reported by customer during normal use.,Cosmetic Damage,2025-02-19,225,True,True,True,True,1,True,False,False,Valid
CLM-00623,PRD-00623,Electronics,Smartphone,SN-2C2807EE17,2026-04-05,88.48,2026-04-05,365,2027-04-05,2026-05-21,Battery Failure,Battery Failure reported by customer.,Cosmetic Damage,2026-05-23,48,True,True,True,True,1,True,True,False,Invalid
CLM-00003,PRD-00003,Furniture,Bookshelf,SN-3D5A80AF10,2023-11-11,1150.56,2023-11-11,1095,2026-11-10,2026-03-27,Upholstery Tear,Upholstery Tear reported by customer during normal use.,Manufacturing Defect,2026-03-30,870,True,True,True,True,1,True,False,False,Valid
CLM-00007,PRD-00007,Appliances,Microwave Oven,SN-17F16B36A9,2026-03-10,2093.57,2026-03-10,1095,2029-03-09,2027-05-15,Electrical Short Circuit,Electrical Short Circuit reported by customer during normal use.,Accidental Damage,2027-05-18,434,True,True,True,True,0,True,False,False,Valid
CLM-00312,PRD-00312,Furniture,Sofa,SN-5FD6B3A76E,2025-02-03,910.41,2025-02-03,365,2026-02-03,2025-09-01,Upholstery Tear,Upholstery Tear reported by customer during normal use.,Cosmetic Damage,2025-09-06,215,True,True,True,True,0,True,False,False,Valid
CLM-01168,PRD-01168,Furniture,Bookshelf,SN-D228FC3A46,2024-03-23,840.86,2024-03-23,1095,2027-03-23,2025-05-29,Structural Frame Defect,Structural Frame Defect reported by customer.,Wear and Tear,2025-06-02,436,True,True,True,True,3,False,False,False,ManualReview
CLM-00939,PRD-00939,Furniture,Bookshelf,SN-5F14289371,2023-03-23,1018.52,2023-03-23,365,2024-03-22,2023-07-14,Misuse Damage,Misuse Damage - not covered under warranty terms.,Accidental Damage,2023-07-18,117,True,True,True,True,1,True,False,False,Invalid
CLM-01478,PRD-01478,Appliances,Air Conditioner,SN-C9BDE83DBB,2023-10-29,292.67,2023-10-29,1095,2026-10-28,2024-08-26,Motor Failure,Motor Failure reported by customer.,Structural Damage,2024-08-28,304,True,True,True,True,1,True,False,True,ManualReview
CLM-00216,PRD-00216,Electronics,Television,SN-8CC24B7925,2024-07-26,2313.82,2024-07-26,365,2025-07-26,2024-11-15,Software Fault,Software Fault reported by customer during normal use.,Cosmetic Damage,2024-11-17,114,True,True,True,True,1,True,False,False,Valid
CLM-01321,PRD-01321,Electronics,Tablet,SN-170209C978,2025-02-27,2482.11,2025-02-27,730,2027-02-27,2027-02-21,Overheating,Overheating reported by customer.,Structural Damage,2027-02-24,727,True,True,True,True,1,True,False,False,ManualReview
CLM-00028,PRD-00028,Electronics,Tablet,SN-2EF4D289A3,2025-06-11,2302.5,2025-06-11,730,2027-06-11,2025-09-04,Overheating,Overheating reported by customer during normal use.,Manufacturing Defect,2025-09-06,87,True,True,True,True,0,True,False,False,Valid
CLM-01466,PRD-01466,Furniture,Sofa,SN-EFF8203E27,2024-01-01,1824.48,2024-01-01,365,2024-12-31,2024-05-03,Joint/Hinge Failure,Performance seems inconsistent,Electrical Fault,2024-05-08,128,True,True,True,True,0,True,False,False,ManualReview
CLM-01025,PRD-01025,Furniture,Bed Frame,SN-9EC82460AF,2024-02-20,315.58,2024-02-20,365,2025-02-19,2024-03-08,Joint/Hinge Failure,Joint/Hinge Failure reported by customer.,Accidental Damage,2024-03-10,19,True,True,True,True,0,True,False,True,ManualReview
CLM-00786,PRD-00786,Electronics,Smartphone,SN-269D474BDF,2026-07-12,2427.77,2026-07-12,365,2027-07-12,2027-06-12,Battery Failure,Battery Failure reported by customer.,Wear and Tear,2027-06-14,337,True,True,True,True,0,True,True,False,Invalid
CLM-00639,PRD-00639,Appliances,Refrigerator,SN-E255FD561E,2025-09-11,75.92,2025-09-11,1095,2028-09-10,2028-10-01,Thermostat Malfunction,Thermostat Malfunction reported by customer.,Manufacturing Defect,2028-10-06,1121,True,True,True,True,0,True,False,False,Invalid
CLM-00830,PRD-00830,Appliances,Refrigerator,SN-597B942A26,2024-02-19,1407.48,2024-02-19,730,2026-02-18,2025-09-23,Power Surge Damage,Power Surge Damage - not covered under warranty terms.,Wear and Tear,2025-09-27,586,True,True,True,True,0,True,False,False,Invalid
CLM-00827,PRD-00827,Electronics,Tablet,SN-4EF05FBE80,2023-08-23,116.57,2023-08-23,730,2025-08-22,2024-07-18,Screen Malfunction,Screen Malfunction reported by customer.,Accidental Damage,2024-07-20,332,True,True,True,True,0,True,True,False,Invalid
CLM-00625,PRD-00625,Furniture,Bed Frame,SN-537725F54F,2024-08-13,603.07,2024-08-13,1095,2027-08-13,2028-02-15,Material Defect,Material Defect reported by customer.,Structural Damage,2028-02-17,1283,True,True,True,True,1,True,False,False,Invalid
CLM-00850,PRD-00850,Furniture,Sofa,SN-A90C1D6B6E,2024-04-11,2132.33,2024-04-11,365,2025-04-11,2025-02-11,Upholstery Tear,Upholstery Tear reported by customer.,Manufacturing Defect,2025-02-16,311,True,True,True,True,1,True,True,False,Invalid
CLM-00257,PRD-00257,Appliances,Microwave Oven,SN-F0F0DDC379,2024-11-06,243.6,2024-11-06,1095,2027-11-06,2026-03-22,Drainage Issue,Drainage Issue reported by customer during normal use.,Electrical Fault,2026-03-24,503,True,True,True,True,1,True,False,False,Valid
CLM-00026,PRD-00026,Electronics,Headphones,SN-4C6D83A4BB,2023-07-20,978.48,2023-07-20,365,2024-07-19,2023-12-14,Software Fault,Software Fault reported by customer during normal use.,Accidental Damage,2023-12-18,151,True,True,True,True,1,True,False,False,Valid
CLM-00337,PRD-00337,Appliances,Microwave Oven,SN-733A980D85,2023-04-21,1363.02,2023-04-21,1095,2026-04-20,2025-11-26,Electrical Short Circuit,Electrical Short Circuit reported by customer during normal use.,Electrical Fault,2025-11-29,953,True,True,True,True,0,True,False,False,Valid
CLM-00573,PRD-00573,Furniture,Bed Frame,SN-435AE6AF31,2023-08-28,2137.72,2023-08-28,1095,2026-08-27,2024-09-29,Accidental Damage,Accidental Damage - not covered under warranty terms.,Electrical Fault,2024-10-01,400,True,True,True,True,1,True,False,False,Invalid
CLM-00048,PRD-00048,Furniture,Bed Frame,SN-59245D5374,2026-01-28,1444.31,2026-01-28,365,2027-01-28,2026-07-04,Structural Frame Defect,Structural Frame Defect reported by customer during normal use.,Structural Damage,2026-07-07,160,True,True,True,True,1,True,False,False,Valid
CLM-00107,PRD-00107,Furniture,Office Chair,SN-2417675DBB,2024-01-21,1683.76,2024-01-21,1095,2027-01-20,2024-06-21,Upholstery Tear,Upholstery Tear reported by customer during normal use.,Accidental Damage,2024-06-25,156,True,True,True,True,1,True,False,False,Valid
CLM-00350,PRD-00350,Appliances,Microwave Oven,SN-D9590E15E1,2023-08-12,629.55,2023-08-12,730,2025-08-11,2025-04-12,Electrical Short Circuit,Electrical Short Circuit reported by customer during normal use.,Cosmetic Damage,2025-04-13,610,True,True,True,True,1,True,False,False,Valid
CLM-00056,PRD-00056,Electronics,Television,SN-29826C18D4,2024-02-24,872.83,2024-02-24,365,2025-02-23,2024-06-22,Battery Failure,Battery Failure reported by customer during normal use.,Wear and Tear,2024-06-26,123,True,True,True,True,0,True,False,False,Valid
CLM-00809,PRD-00809,Electronics,Television,SN-B0620BD754,2025-06-16,320.58,2025-06-16,730,2027-06-16,2026-06-17,Overheating,Overheating reported by customer.,Accidental Damage,2026-06-18,367,True,True,True,False,0,True,False,False,Invalid
CLM-00214,PRD-00214,Appliances,Dishwasher,SN-87C7898736,2023-11-20,2356.64,2023-11-20,1095,2026-11-19,2026-08-19,Compressor Fault,Compressor Fault reported by customer during normal use.,Accidental Damage,2026-08-22,1006,True,True,True,True,1,True,False,False,Valid
CLM-00121,PRD-00121,Furniture,Office Chair,SN-4FB29C0F90,2024-11-09,725.91,2024-11-09,365,2025-11-09,2025-10-17,Structural Frame Defect,Structural Frame Defect reported by customer during normal use.,Electrical Fault,2025-10-19,344,True,True,True,True,0,True,False,False,Valid
CLM-00870,PRD-00870,Appliances,Refrigerator,SN-D25849A9FC,2025-03-26,1305.04,2025-03-26,730,2027-03-26,2026-06-12,Thermostat Malfunction,Thermostat Malfunction reported by customer.,Electrical Fault,2026-06-16,447,True,True,True,True,1,True,True,False,Invalid
CLM-00856,PRD-00856,Appliances,Refrigerator,SN-AF7A2AF7CA,2026-03-20,2275.83,2026-03-20,730,2028-03-19,2027-07-21,Rust/Corrosion,Rust/Corrosion - not covered under warranty terms.,Accidental Damage,2027-07-25,492,True,True,True,True,0,True,False,False,Invalid
CLM-00073,PRD-00073,Electronics,Tablet,SN-21A885165E,2023-02-08,641.32,2023-02-08,365,2024-02-08,2023-06-12,Overheating,Overheating reported by customer during normal use.,Electrical Fault,2023-06-16,128,True,True,True,True,1,True,False,False,Valid
CLM-01381,PRD-01381,Furniture,Bed Frame,SN-7D32B65B31,2025-02-04,219.99,2025-02-04,365,2026-02-04,2025-11-19,Joint/Hinge Failure,Joint/Hinge Failure reported by customer.,Structural Damage,2025-11-21,290,True,True,True,True,0,True,False,True,ManualReview
CLM-00721,PRD-00721,Furniture,Bed Frame,SN-19BEB8766C,2026-08-17,1926.63,2026-08-17,1095,2029-08-16,2029-04-17,Joint/Hinge Failure,Joint/Hinge Failure reported by customer.,Cosmetic Damage,2029-04-22,979,True,True,True,True,1,True,True,False,Invalid
CLM-00046,PRD-00046,Furniture,Dining Table,SN-510DC902B0,2025-01-16,221.44,2025-01-16,1095,2028-01-16,2025-09-30,Joint/Hinge Failure,Joint/Hinge Failure reported by customer during normal use.,Structural Damage,2025-10-03,260,True,True,True,True,1,True,False,False,Valid
CLM-01264,PRD-01264,Electronics,Laptop,SN-C8951D45F7,2025-03-14,650.37,2025-03-14,730,2027-03-14,2026-08-12,Software Fault,Software Fault reported by customer.,Wear and Tear,2026-08-13,517,True,True,True,True,3,False,False,False,ManualReview
CLM-00524,PRD-00524,Appliances,Washing Machine,SN-03AC51BD1C,2026-02-02,1159.28,2026-02-02,1095,2029-02-01,2026-12-14,Motor Failure,Motor Failure reported by customer.,Wear and Tear,2026-12-15,316,True,True,True,False,1,True,False,False,Invalid
CLM-00869,PRD-00869,Appliances,Air Conditioner,SN-84CDDE6CDA,2024-09-21,673.6,2024-09-21,730,2026-09-21,2027-01-08,Electrical Short Circuit,Electrical Short Circuit reported by customer.,Wear and Tear,2027-01-13,844,True,True,True,True,0,True,False,False,Invalid
CLM-01108,PRD-01108,Electronics,Tablet,SN-04070E7374,2023-12-26,1471.79,2023-12-26,730,2025-12-25,2025-07-29,Overheating,Overheating reported by customer.,Wear and Tear,2025-08-01,584,True,True,True,True,1,True,False,True,ManualReview
CLM-01275,PRD-01275,Electronics,Laptop,SN-54F93218C3,2026-01-14,1956.14,2026-01-14,730,2028-01-14,2027-06-09,Charging Port Issue,Charging Port Issue reported by customer.,Cosmetic Damage,2027-06-13,515,True,True,True,True,3,False,False,False,ManualReview
CLM-00803,PRD-00803,Furniture,Office Chair,SN-E4E2B59A87,2025-02-08,406.68,2025-02-08,365,2026-02-08,2026-05-03,Structural Frame Defect,Structural Frame Defect reported by customer.,Cosmetic Damage,2026-05-06,452,True,True,True,True,0,True,False,False,Invalid
CLM-00534,PRD-00534,Appliances,Refrigerator,SN-A4F830CC82,2025-10-03,1981.98,2025-10-03,1095,2028-10-02,2027-11-17,Improper Installation Damage,Improper Installation Damage - not covered under warranty terms.,Electrical Fault,2027-11-20,778,True,True,True,True,1,True,False,False,Invalid
CLM-01138,PRD-01138,Appliances,Washing Machine,SN-13B9B00C27,2024-08-02,1525.92,2024-08-02,1095,2027-08-02,2026-10-26,Drainage Issue,Drainage Issue reported by customer.,Accidental Damage,2026-10-30,819,True,True,True,True,3,False,False,False,ManualReview
CLM-00604,PRD-00604,Electronics,Tablet,SN-7FB9BA2AA4,2022-10-02,1465.02,2022-10-02,730,2024-10-01,2023-04-28,Physical Impact Damage,Physical Impact Damage - not covered under warranty terms.,Cosmetic Damage,2023-04-30,210,True,True,True,True,1,True,False,False,Invalid
CLM-00466,PRD-00466,Furniture,Dining Table,SN-31FE674189,2023-07-09,488.91,2023-07-09,1095,2026-07-08,2025-07-16,Material Defect,Material Defect reported by customer during normal use.,Cosmetic Damage,2025-07-17,739,True,True,True,True,0,True,False,False,Valid
CLM-01203,PRD-01203,Electronics,Smartphone,SN-A5E43C056E,2026-03-12,1419.93,2026-03-12,730,2028-03-11,2026-12-20,Battery Failure,Battery Failure reported by customer.,Accidental Damage,2026-12-23,286,True,False,True,True,0,True,False,False,ManualReview
CLM-01278,PRD-01278,Furniture,Bed Frame,SN-06772F1E95,2022-11-07,2449.47,2022-11-07,365,2023-11-07,2023-10-30,Structural Frame Defect,Structural Frame Defect reported by customer.,Structural Damage,2023-11-02,360,True,True,True,True,1,True,False,False,ManualReview
CLM-01444,PRD-01444,Furniture,Office Chair,SN-8F635F632C,2025-03-23,183.2,2025-03-23,1095,2028-03-22,2028-03-18,Upholstery Tear,Upholstery Tear reported by customer.,Structural Damage,2028-03-19,1092,True,True,True,True,0,True,False,False,ManualReview
CLM-00989,PRD-00989,Furniture,Bookshelf,SN-A4A036DADB,2024-06-25,933.39,2024-06-25,365,2025-06-25,2025-05-25,Upholstery Tear,Upholstery Tear reported by customer.,Cosmetic Damage,2025-05-28,337,True,True,True,False,1,True,False,False,Invalid
CLM-00061,PRD-00061,Furniture,Bookshelf,SN-C461E0A7C3,2024-10-31,1500.14,2024-10-31,365,2025-10-31,2025-01-09,Material Defect,Material Defect reported by customer during normal use.,Manufacturing Defect,2025-01-13,74,True,True,True,True,0,True,False,False,Valid
CLM-00886,PRD-00886,Furniture,Office Chair,SN-B8136BCEFE,2025-03-16,1183.6,2025-03-16,1095,2028-03-15,2028-08-24,Joint/Hinge Failure,Joint/Hinge Failure reported by customer.,Cosmetic Damage,2028-08-28,1261,True,True,True,True,0,True,False,False,Invalid
CLM-00093,PRD-00093,Electronics,Laptop,SN-B76CD84975,2026-02-12,1903.29,2026-02-12,730,2028-02-12,2026-11-12,Battery Failure,Battery Failure reported by customer during normal use.,Manufacturing Defect,2026-11-17,278,True,True,True,True,1,True,False,False,Valid
CLM-00667,PRD-00667,Furniture,Bed Frame,SN-5EDB2A4012,2025-01-25,405.11,2025-01-25,365,2026-01-25,2025-04-05,Joint/Hinge Failure,Joint/Hinge Failure reported by customer.,Wear and Tear,2025-04-09,74,True,True,True,True,1,True,True,False,Invalid
CLM-00706,PRD-00706,Furniture,Dining Table,SN-44B4FF8344,2025-10-04,1552.9,2025-10-04,365,2026-10-04,2025-12-05,Structural Frame Defect,Structural Frame Defect reported by customer.,Electrical Fault,2025-12-07,64,True,True,True,True,0,True,True,False,Invalid
CLM-00195,PRD-00195,Furniture,Bed Frame,SN-C9690F52EE,2025-06-01,2228.04,2025-06-01,365,2026-06-01,2026-02-06,Joint/Hinge Failure,Joint/Hinge Failure reported by customer during normal use.,Cosmetic Damage,2026-02-08,252,True,True,True,True,1,True,False,False,Valid
CLM-00281,PRD-00281,Furniture,Bookshelf,SN-6829710BA3,2024-07-23,2494.37,2024-07-23,365,2025-07-23,2025-02-24,Joint/Hinge Failure,Joint/Hinge Failure reported by customer during normal use.,Manufacturing Defect,2025-02-25,217,True,True,True,True,1,True,False,False,Valid
CLM-00696,PRD-00696,Electronics,Television,SN-D410697F17,2025-07-27,2467.26,2025-07-27,730,2027-07-27,2025-08-03,Screen Malfunction,Screen Malfunction reported by customer.,Structural Damage,2025-08-07,11,True,True,True,True,0,True,True,False,Invalid
CLM-00360,PRD-00360,Electronics,Smartphone,SN-4FDD1E49F1,2024-10-15,1123.64,2024-10-15,365,2025-10-15,2025-06-25,Software Fault,Software Fault reported by customer during normal use.,Wear and Tear,2025-06-29,257,True,True,True,True,1,True,False,False,Valid
CLM-00520,PRD-00520,Appliances,Refrigerator,SN-784736CC98,2022-09-07,50.23,2022-09-07,1095,2025-09-06,2022-09-25,Thermostat Malfunction,Thermostat Malfunction reported by customer.,Accidental Damage,2022-09-29,22,True,True,True,False,0,True,False,False,Invalid
CLM-00813,PRD-00813,Electronics,Headphones,SN-71F6C538C6,2025-04-18,576.22,2025-04-18,365,2026-04-18,2026-01-29,Overheating,Overheating reported by customer.,Accidental Damage,2026-02-03,291,True,True,True,True,0,True,True,False,Invalid
CLM-00768,PRD-00768,Electronics,Smartphone,SN-04DD122F2D,2024-01-31,450.71,2024-01-31,730,2026-01-30,2026-02-06,Software Fault,Software Fault reported by customer.,Electrical Fault,2026-02-10,741,True,True,True,True,1,True,False,False,Invalid
CLM-00183,PRD-00183,Furniture,Dining Table,SN-0C270E811C,2024-09-14,961.43,2024-09-14,1095,2027-09-14,2026-10-06,Upholstery Tear,Upholstery Tear reported by customer during normal use.,Structural Damage,2026-10-10,756,True,True,True,True,0,True,False,False,Valid
CLM-01487,PRD-01487,Furniture,Bed Frame,SN-34A1E8A132,2026-01-23,2231.85,2026-01-23,365,2027-01-23,2027-01-21,Upholstery Tear,Upholstery Tear reported by customer.,Cosmetic Damage,2027-01-24,366,True,True,True,True,0,True,False,False,ManualReview
CLM-00111,PRD-00111,Furniture,Dining Table,SN-6D89482821,2026-06-05,1901.16,2026-06-05,1095,2029-06-04,2026-08-26,Structural Frame Defect,Structural Frame Defect reported by customer during normal use.,Cosmetic Damage,2026-08-29,85,True,True,True,True,0,True,False,False,Valid
CLM-00043,PRD-00043,Furniture,Bookshelf,SN-4F1A4DF6E9,2026-06-08,2453.82,2026-06-08,1095,2029-06-07,2027-11-27,Structural Frame Defect,Structural Frame Defect reported by customer during normal use.,Manufacturing Defect,2027-11-29,539,True,True,True,True,1,True,False,False,Valid
CLM-01007,PRD-01007,Furniture,Office Chair,SN-D1F27B4810,2022-09-29,2071.07,2022-09-29,365,2023-09-29,2023-09-23,Structural Frame Defect,Structural Frame Defect reported by customer.,Structural Damage,2023-09-24,360,True,True,True,True,0,True,False,False,ManualReview
CLM-00205,PRD-00205,Appliances,Dishwasher,SN-0B91C626EF,2023-06-08,537.69,2023-06-08,1095,2026-06-07,2023-09-12,Motor Failure,Motor Failure reported by customer during normal use.,Structural Damage,2023-09-13,97,True,True,True,True,1,True,False,False,Valid
CLM-00821,PRD-00821,Furniture,Bookshelf,SN-A2CFA8AA64,2024-10-18,620.41,2024-10-18,1095,2027-10-18,2028-04-21,Material Defect,Material Defect reported by customer.,Accidental Damage,2028-04-24,1284,True,True,True,True,1,True,False,False,Invalid
CLM-00053,PRD-00053,Furniture,Bookshelf,SN-7DA205E580,2022-11-27,1415.64,2022-11-27,1095,2025-11-26,2025-07-05,Upholstery Tear,Upholstery Tear reported by customer during normal use.,Electrical Fault,2025-07-10,956,True,True,True,True,0,True,False,False,Valid
CLM-00546,PRD-00546,Furniture,Bookshelf,SN-7B793313A3,2024-08-07,2261.09,2024-08-07,1095,2027-08-07,2026-05-31,Material Defect,Material Defect reported by customer.,Accidental Damage,2026-06-05,667,True,True,True,True,1,True,True,False,Invalid
CLM-01132,PRD-01132,Furniture,Office Chair,SN-C39EB80BB3,2023-12-12,1259.21,2023-12-12,365,2024-12-11,2024-10-13,Material Defect,Material Defect reported by customer.,Accidental Damage,2024-10-18,311,False,True,True,True,0,True,False,False,ManualReview
CLM-01158,PRD-01158,Furniture,Bookshelf,SN-542E1C04D4,2025-08-24,1845.96,2025-08-24,1095,2028-08-23,2027-06-06,Material Defect,Makes strange noise occasionally,Structural Damage,2027-06-09,654,True,True,True,True,0,True,False,False,ManualReview
CLM-01468,PRD-01468,Furniture,Dining Table,SN-FD775B7CD6,2025-06-18,1138.85,2025-06-18,365,2026-06-18,2026-06-12,Material Defect,Material Defect reported by customer.,Electrical Fault,2026-06-15,362,True,True,True,True,0,True,False,False,ManualReview
CLM-00911,PRD-00911,Electronics,Television,SN-3614CA8F89,2024-09-28,461.03,2024-09-28,730,2026-09-28,2026-02-07,Battery Failure,Battery Failure reported by customer.,Electrical Fault,2026-02-08,498,True,True,True,True,1,True,True,False,Invalid
CLM-00184,PRD-00184,Appliances,Microwave Oven,SN-B59A8FB7E0,2023-04-06,113.49,2023-04-06,730,2025-04-05,2024-05-06,Drainage Issue,Drainage Issue reported by customer during normal use.,Electrical Fault,2024-05-11,401,True,True,True,True,0,True,False,False,Valid
CLM-00138,PRD-00138,Appliances,Air Conditioner,SN-8BC237F1E5,2023-07-05,956.63,2023-07-05,1095,2026-07-04,2023-12-29,Drainage Issue,Drainage Issue reported by customer during normal use.,Structural Damage,2023-12-30,178,True,True,True,True,1,True,False,False,Valid
CLM-01150,PRD-01150,Furniture,Sofa,SN-7C06F0ADF6,2026-01-17,1401.05,2026-01-17,1095,2029-01-16,2027-08-07,Joint/Hinge Failure,Joint/Hinge Failure reported by customer.,Electrical Fault,2027-08-10,570,True,True,True,True,2,False,False,False,ManualReview
CLM-00081,PRD-00081,Furniture,Sofa,SN-E8F5FC25EB,2023-06-18,2037.3,2023-06-18,365,2024-06-17,2023-08-17,Upholstery Tear,Upholstery Tear reported by customer during normal use.,Manufacturing Defect,2023-08-22,65,True,True,True,True,1,True,False,False,Valid
CLM-01213,PRD-01213,Appliances,Microwave Oven,SN-7A6F444643,2026-01-10,718.92,2026-01-10,730,2028-01-10,2026-02-25,Thermostat Malfunction,"Stopped working, not sure why",Cosmetic Damage,2026-02-28,49,True,True,True,True,1,True,False,False,ManualReview
CLM-00106,PRD-00106,Electronics,Tablet,SN-7560F02894,2026-02-06,1723.68,2026-02-06,730,2028-02-06,2026-10-02,Battery Failure,Battery Failure reported by customer during normal use.,Structural Damage,2026-10-06,242,True,True,True,True,1,True,False,False,Valid
CLM-00542,PRD-00542,Appliances,Washing Machine,SN-76ED488E13,2025-10-02,1871.52,2025-10-02,1095,2028-10-01,2028-12-04,Drainage Issue,Drainage Issue reported by customer.,Accidental Damage,2028-12-09,1164,True,True,True,True,1,True,False,False,Invalid
CLM-01314,PRD-01314,Electronics,Tablet,SN-10FF61D3B2,2025-12-24,1820.18,2025-12-24,730,2027-12-24,2026-12-19,Screen Malfunction,Screen Malfunction reported by customer.,Wear and Tear,2026-12-21,362,False,True,True,True,0,True,False,False,ManualReview
CLM-00481,PRD-00481,Electronics,Headphones,SN-02D42CB03A,2024-08-03,1493.17,2024-08-03,730,2026-08-03,2025-04-21,Battery Failure,Battery Failure reported by customer during normal use.,Electrical Fault,2025-04-25,265,True,True,True,True,0,True,False,False,Valid
CLM-00166,PRD-00166,Electronics,Headphones,SN-A6917028BC,2023-12-12,996.11,2023-12-12,730,2025-12-11,2024-01-11,Battery Failure,Battery Failure reported by customer during normal use.,Accidental Damage,2024-01-14,33,True,True,True,True,0,True,False,False,Valid
CLM-00249,PRD-00249,Appliances,Air Conditioner,SN-FFD9818ACD,2026-09-04,1200.25,2026-09-04,730,2028-09-03,2027-07-22,Electrical Short Circuit,Electrical Short Circuit reported by customer during normal use.,Wear and Tear,2027-07-26,325,True,True,True,True,1,True,False,False,Valid
CLM-00308,PRD-00308,Appliances,Refrigerator,SN-95B6EF70F5,2024-11-05,1582.73,2024-11-05,730,2026-11-05,2025-02-14,Motor Failure,Motor Failure reported by customer during normal use.,Electrical Fault,2025-02-15,102,True,True,True,True,0,True,False,False,Valid
CLM-00447,PRD-00447,Furniture,Bed Frame,SN-A536BC45CB,2022-11-14,776.26,2022-11-14,1095,2025-11-13,2023-06-01,Structural Frame Defect,Structural Frame Defect reported by customer during normal use.,Accidental Damage,2023-06-03,201,True,True,True,True,0,True,False,False,Valid
CLM-00747,PRD-00747,Appliances,Air Conditioner,SN-632146814C,2025-12-06,187.02,2025-12-06,1095,2028-12-05,2029-04-20,Electrical Short Circuit,Electrical Short Circuit reported by customer.,Cosmetic Damage,2029-04-24,1235,True,True,True,True,1,True,False,False,Invalid
CLM-00335,PRD-00335,Electronics,Television,SN-C1E70307A4,2024-05-23,2318.8,2024-05-23,730,2026-05-23,2025-04-14,Charging Port Issue,Charging Port Issue reported by customer during normal use.,Cosmetic Damage,2025-04-18,330,True,True,True,True,1,True,False,False,Valid
CLM-00098,PRD-00098,Appliances,Microwave Oven,SN-2898A4E5D4,2023-06-17,1144.04,2023-06-17,1095,2026-06-16,2025-07-29,Electrical Short Circuit,Electrical Short Circuit reported by customer during normal use.,Accidental Damage,2025-08-02,777,True,True,True,True,1,True,False,False,Valid
CLM-00760,PRD-00760,Electronics,Smartphone,SN-7DF3809CBD,2024-02-04,626.94,2024-02-04,730,2026-02-03,2026-01-05,Overheating,Overheating reported by customer.,Wear and Tear,2026-01-09,705,True,True,True,False,1,True,False,False,Invalid
CLM-00738,PRD-00738,Furniture,Bookshelf,SN-40977BA8BC,2022-09-24,1588.22,2022-09-24,365,2023-09-24,2023-08-29,Upholstery Tear,Upholstery Tear reported by customer.,Structural Damage,2023-09-02,343,True,True,True,True,0,True,True,False,Invalid
CLM-00837,PRD-00837,Appliances,Dishwasher,SN-3C37F2ACFA,2024-10-29,1368.42,2024-10-29,1095,2027-10-29,2028-04-18,Thermostat Malfunction,Thermostat Malfunction reported by customer.,Structural Damage,2028-04-19,1268,True,True,True,True,0,True,False,False,Invalid
CLM-00943,PRD-00943,Electronics,Tablet,SN-D950DB6D14,2024-07-08,1084.97,2024-07-08,730,2026-07-08,2024-09-19,Software Fault,Software Fault reported by customer.,Accidental Damage,2024-09-24,78,True,True,True,True,1,True,True,False,Invalid
CLM-00103,PRD-00103,Furniture,Sofa,SN-D6652BBE5E,2026-03-01,1726.78,2026-03-01,365,2027-03-01,2026-10-13,Structural Frame Defect,Structural Frame Defect reported by customer during normal use.,Wear and Tear,2026-10-14,227,True,True,True,True,1,True,False,False,Valid
CLM-00435,PRD-00435,Electronics,Headphones,SN-2AD4F76427,2022-12-03,1692.12,2022-12-03,365,2023-12-03,2023-04-30,Battery Failure,Battery Failure reported by customer during normal use.,Accidental Damage,2023-05-03,151,True,True,True,True,0,True,False,False,Valid
CLM-00075,PRD-00075,Appliances,Air Conditioner,SN-516991E721,2025-01-04,2491.75,2025-01-04,1095,2028-01-04,2026-07-14,Thermostat Malfunction,Thermostat Malfunction reported by customer during normal use.,Accidental Damage,2026-07-17,559,True,True,True,True,1,True,False,False,Valid
CLM-01341,PRD-01341,Electronics,Laptop,SN-CEF3906491,2024-11-15,1895.63,2024-11-15,730,2026-11-15,2025-11-10,Charging Port Issue,Charging Port Issue reported by customer.,Electrical Fault,2025-11-15,365,True,True,False,True,0,True,False,False,ManualReview
CLM-01125,PRD-01125,Appliances,Microwave Oven,SN-C53F94BBF3,2023-10-03,1868.28,2023-10-03,730,2025-10-02,2025-05-25,Motor Failure,Motor Failure reported by customer.,Structural Damage,2025-05-26,601,True,True,True,True,3,False,False,False,ManualReview
CLM-01360,PRD-01360,Furniture,Sofa,SN-84149EF541,2024-06-16,992.65,2024-06-16,365,2025-06-16,2024-07-24,Joint/Hinge Failure,Joint/Hinge Failure reported by customer.,Structural Damage,2024-07-26,40,True,True,True,True,0,True,False,True,ManualReview
CLM-00303,PRD-00303,Appliances,Air Conditioner,SN-EB2A3CE069,2025-11-20,56.06,2025-11-20,1095,2028-11-19,2027-11-27,Thermostat Malfunction,Thermostat Malfunction reported by customer during normal use.,Cosmetic Damage,2027-11-28,738,True,True,True,True,0,True,False,False,Valid
CLM-01263,PRD-01263,Electronics,Headphones,SN-7EDABC53FD,2026-09-05,2192.89,2026-09-05,730,2028-09-04,2027-01-20,Charging Port Issue,Charging Port Issue reported by customer.,Electrical Fault,2027-01-23,140,True,True,True,True,1,False,False,False,ManualReview
CLM-01224,PRD-01224,Furniture,Bed Frame,SN-A253426E6A,2025-08-22,1443.34,2025-08-22,365,2026-08-22,2026-08-20,Upholstery Tear,Upholstery Tear reported by customer.,Accidental Damage,2026-08-23,366,True,True,True,True,1,True,False,False,ManualReview
CLM-00734,PRD-00734,Furniture,Office Chair,SN-B2F816C22F,2026-01-27,783.83,2026-01-27,365,2027-01-27,2026-10-31,Structural Frame Defect,Structural Frame Defect reported by customer.,Wear and Tear,2026-11-02,279,True,True,True,True,1,True,True,False,Invalid
CLM-00389,PRD-00389,Appliances,Microwave Oven,SN-ACF59F7224,2024-03-06,689.81,2024-03-06,1095,2027-03-06,2027-02-01,Compressor Fault,Compressor Fault reported by customer during normal use.,Wear and Tear,2027-02-03,1064,True,True,True,True,1,True,False,False,Valid
CLM-00236,PRD-00236,Furniture,Bed Frame,SN-335FC85741,2026-09-15,2447.87,2026-09-15,365,2027-09-15,2027-05-10,Joint/Hinge Failure,Joint/Hinge Failure reported by customer during normal use.,Manufacturing Defect,2027-05-15,242,True,True,True,True,0,True,False,False,Valid
CLM-01246,PRD-01246,Furniture,Dining Table,SN-5BB6E0334E,2025-01-15,2237.16,2025-01-15,1095,2028-01-15,2027-12-23,Upholstery Tear,Upholstery Tear reported by customer.,Electrical Fault,2027-12-28,1077,True,True,True,True,1,True,False,True,ManualReview
CLM-00268,PRD-00268,Appliances,Air Conditioner,SN-73DAC374C3,2023-03-16,114.34,2023-03-16,1095,2026-03-15,2025-01-09,Motor Failure,Motor Failure reported by customer during normal use.,Structural Damage,2025-01-13,669,True,True,True,True,1,True,False,False,Valid
CLM-00306,PRD-00306,Furniture,Bed Frame,SN-3719575A9E,2023-04-28,2327.11,2023-04-28,365,2024-04-27,2023-04-29,Material Defect,Material Defect reported by customer during normal use.,Electrical Fault,2023-05-03,5,True,True,True,True,0,True,False,False,Valid
CLM-00118,PRD-00118,Appliances,Air Conditioner,SN-88D4F17B5E,2023-03-04,625.26,2023-03-04,730,2025-03-03,2024-03-17,Thermostat Malfunction,Thermostat Malfunction reported by customer during normal use.,Electrical Fault,2024-03-22,384,True,True,True,True,0,True,False,False,Valid
CLM-01212,PRD-01212,Appliances,Refrigerator,SN-C098D246B3,2023-09-22,1133.1,2023-09-22,730,2025-09-21,2024-08-27,Electrical Short Circuit,Electrical Short Circuit reported by customer.,Manufacturing Defect,2024-08-28,341,True,True,True,True,0,True,False,True,ManualReview
CLM-00674,PRD-00674,Electronics,Headphones,SN-AAEE132E27,2023-07-14,1773.1,2023-07-14,730,2025-07-13,2024-09-04,Battery Failure,Battery Failure reported by customer.,Electrical Fault,2024-09-06,420,True,True,True,True,0,True,True,False,Invalid
CLM-00250,PRD-00250,Electronics,Tablet,SN-E21530242F,2023-06-11,89.74,2023-06-11,365,2024-06-10,2023-09-21,Battery Failure,Battery Failure reported by customer during normal use.,Accidental Damage,2023-09-24,105,True,True,True,True,1,True,False,False,Valid
CLM-01094,PRD-01094,Appliances,Washing Machine,SN-D2C3CC0339,2022-09-21,1439.8,2022-09-21,730,2024-09-20,2023-03-14,Drainage Issue,Drainage Issue reported by customer.,Wear and Tear,2023-03-16,176,True,True,True,True,1,True,False,True,ManualReview
CLM-01080,PRD-01080,Furniture,Bed Frame,SN-3946C60E3F,2026-05-16,349.81,2026-05-16,1095,2029-05-15,2027-12-13,Material Defect,Performance seems inconsistent,Structural Damage,2027-12-16,579,True,True,True,True,0,True,False,False,ManualReview
CLM-00072,PRD-00072,Electronics,Headphones,SN-9C96D6BAF9,2024-08-12,2004.69,2024-08-12,365,2025-08-12,2024-12-31,Overheating,Overheating reported by customer during normal use.,Accidental Damage,2025-01-05,146,True,True,True,True,1,True,False,False,Valid
CLM-00095,PRD-00095,Appliances,Dishwasher,SN-B75825D4E0,2025-09-21,1049.58,2025-09-21,730,2027-09-21,2026-01-22,Thermostat Malfunction,Thermostat Malfunction reported by customer during normal use.,Manufacturing Defect,2026-01-24,125,True,True,True,True,0,True,False,False,Valid
CLM-00848,PRD-00848,Electronics,Smartphone,SN-F3A83A5238,2023-02-28,1582.1,2023-02-28,730,2025-02-27,2025-06-01,Screen Malfunction,Screen Malfunction reported by customer.,Manufacturing Defect,2025-06-04,827,True,True,True,True,0,True,False,False,Invalid
CLM-00034,PRD-00034,Appliances,Washing Machine,SN-7717E3C883,2024-02-09,332.8,2024-02-09,730,2026-02-08,2024-07-19,Drainage Issue,Drainage Issue reported by customer during normal use.,Cosmetic Damage,2024-07-22,164,True,True,True,True,0,True,False,False,Valid
CLM-01101,PRD-01101,Appliances,Washing Machine,SN-12AA0AB8F6,2024-03-18,2072.4,2024-03-18,730,2026-03-18,2024-03-24,Electrical Short Circuit,"Stopped working, not sure why",Manufacturing Defect,2024-03-28,10,True,True,True,True,0,True,False,False,ManualReview
CLM-00449,PRD-00449,Furniture,Bed Frame,SN-6ACA531586,2026-06-22,426.7,2026-06-22,365,2027-06-22,2026-07-15,Joint/Hinge Failure,Joint/Hinge Failure reported by customer during normal use.,Cosmetic Damage,2026-07-16,24,True,True,True,True,1,True,False,False,Valid
CLM-00446,PRD-00446,Appliances,Washing Machine,SN-0BE944272C,2024-01-24,1373.58,2024-01-24,1095,2027-01-23,2026-03-01,Drainage Issue,Drainage Issue reported by customer during normal use.,Manufacturing Defect,2026-03-06,772,True,True,True,True,1,True,False,False,Valid
CLM-00772,PRD-00772,Appliances,Microwave Oven,SN-4BD1D57E9C,2024-06-09,426.75,2024-06-09,730,2026-06-09,2026-03-16,Thermostat Malfunction,Thermostat Malfunction reported by customer.,Electrical Fault,2026-03-19,648,True,True,True,True,0,True,True,False,Invalid
CLM-00717,PRD-00717,Appliances,Air Conditioner,SN-D411BB21FD,2024-10-13,744.85,2024-10-13,730,2026-10-13,2026-05-04,Compressor Fault,Compressor Fault reported by customer.,Cosmetic Damage,2026-05-08,572,True,True,True,True,1,True,True,False,Invalid
CLM-00887,PRD-00887,Appliances,Microwave Oven,SN-AB72B85308,2026-01-23,2067.4,2026-01-23,1095,2029-01-22,2028-06-26,Improper Installation Damage,Improper Installation Damage - not covered under warranty terms.,Electrical Fault,2028-06-30,889,True,True,True,True,0,True,False,False,Invalid
CLM-01245,PRD-01245,Furniture,Sofa,SN-132C3072D8,2024-08-17,1843.17,2024-08-17,365,2025-08-17,2025-05-21,Structural Frame Defect,Structural Frame Defect reported by customer.,Wear and Tear,2025-05-22,278,True,True,True,True,1,False,False,False,ManualReview
CLM-00901,PRD-00901,Furniture,Bed Frame,SN-1B3BDA8F62,2026-08-15,1363.64,2026-08-15,365,2027-08-15,2028-01-20,Joint/Hinge Failure,Joint/Hinge Failure reported by customer.,Accidental Damage,2028-01-24,527,True,True,True,True,0,True,False,False,Invalid
CLM-01036,PRD-01036,Appliances,Dishwasher,SN-4503951E6E,2024-02-06,2199.65,2024-02-06,1095,2027-02-05,2024-02-25,Compressor Fault,Compressor Fault reported by customer.,Structural Damage,2024-02-27,21,False,True,True,True,0,True,False,False,ManualReview
CLM-00078,PRD-00078,Appliances,Refrigerator,SN-4D1FF60538,2022-09-14,1784.65,2022-09-14,1095,2025-09-13,2023-01-03,Motor Failure,Motor Failure reported by customer during normal use.,Accidental Damage,2023-01-08,116,True,True,True,True,0,True,False,False,Valid
CLM-00085,PRD-00085,Appliances,Washing Machine,SN-4444E5DC12,2024-03-29,1782.04,2024-03-29,730,2026-03-29,2024-12-24,Compressor Fault,Compressor Fault reported by customer during normal use.,Manufacturing Defect,2024-12-29,275,True,True,True,True,1,True,False,False,Valid
CLM-00835,PRD-00835,Furniture,Office Chair,SN-69576546FA,2026-08-05,1159.16,2026-08-05,1095,2029-08-04,2027-10-11,Joint/Hinge Failure,Joint/Hinge Failure reported by customer.,Cosmetic Damage,2027-10-15,436,True,True,True,False,0,True,False,False,Invalid
CLM-00083,PRD-00083,Furniture,Bookshelf,SN-A18C380737,2026-01-16,2402.27,2026-01-16,365,2027-01-16,2026-06-04,Upholstery Tear,Upholstery Tear reported by customer during normal use.,Wear and Tear,2026-06-05,140,True,True,True,True,0,True,False,False,Valid
CLM-00458,PRD-00458,Electronics,Tablet,SN-DCFC0DA56C,2024-06-24,924.99,2024-06-24,730,2026-06-24,2026-03-24,Charging Port Issue,Charging Port Issue reported by customer during normal use.,Manufacturing Defect,2026-03-25,639,True,True,True,True,0,True,False,False,Valid
CLM-00919,PRD-00919,Appliances,Dishwasher,SN-772103879E,2025-07-13,2279.38,2025-07-13,730,2027-07-13,2027-06-23,Electrical Short Circuit,Electrical Short Circuit reported by customer.,Wear and Tear,2027-06-26,713,True,True,True,True,1,True,True,False,Invalid
CLM-00677,PRD-00677,Appliances,Microwave Oven,SN-1F87B2120F,2026-02-04,150.14,2026-02-04,1095,2029-02-03,2029-08-02,Drainage Issue,Drainage Issue reported by customer.,Wear and Tear,2029-08-04,1277,True,True,True,True,1,True,False,False,Invalid
CLM-00985,PRD-00985,Electronics,Smartphone,SN-F8F6E5F553,2024-11-28,1336.18,2024-11-28,730,2026-11-28,2026-04-06,Software Fault,Software Fault reported by customer.,Wear and Tear,2026-04-07,495,True,True,True,False,0,True,False,False,Invalid
CLM-01240,PRD-01240,Furniture,Bookshelf,SN-5F45CF7DAC,2026-06-22,1164.0,2026-06-22,1095,2029-06-21,2026-10-13,Material Defect,Performance seems inconsistent,Cosmetic Damage,2026-10-16,116,True,True,True,True,1,True,False,False,ManualReview
CLM-00437,PRD-00437,Furniture,Bookshelf,SN-E2949686FA,2026-04-03,1425.11,2026-04-03,365,2027-04-03,2027-03-13,Joint/Hinge Failure,Joint/Hinge Failure reported by customer during normal use.,Structural Damage,2027-03-14,345,True,True,True,True,0,True,False,False,Valid
CLM-00771,PRD-00771,Electronics,Headphones,SN-F49679FE64,2024-01-03,1932.22,2024-01-03,365,2025-01-02,2025-06-25,Charging Port Issue,Charging Port Issue reported by customer.,Accidental Damage,2025-06-26,540,True,True,True,True,0,True,False,False,Invalid
CLM-00645,PRD-00645,Electronics,Laptop,SN-F9E63FE7C9,2023-11-07,1554.22,2023-11-07,730,2025-11-06,2023-12-16,Screen Malfunction,Screen Malfunction reported by customer.,Electrical Fault,2023-12-17,40,True,True,True,False,0,True,False,False,Invalid
CLM-01120,PRD-01120,Appliances,Microwave Oven,SN-52762C8580,2023-01-03,2294.59,2023-01-03,1095,2026-01-02,2024-01-07,Drainage Issue,"Minor issue, hard to describe",Electrical Fault,2024-01-12,374,True,True,True,True,1,True,False,False,ManualReview
CLM-00906,PRD-00906,Appliances,Washing Machine,SN-F1368275BE,2026-04-05,2041.14,2026-04-05,1095,2029-04-04,2027-08-17,Electrical Short Circuit,Electrical Short Circuit reported by customer.,Wear and Tear,2027-08-19,501,True,True,True,False,0,True,False,False,Invalid
CLM-01194,PRD-01194,Electronics,Headphones,SN-2D8D78A46A,2023-02-04,396.26,2023-02-04,365,2024-02-04,2023-03-07,Battery Failure,Battery Failure reported by customer.,Structural Damage,2023-03-11,35,True,True,True,True,1,True,False,True,ManualReview
CLM-00405,PRD-00405,Electronics,Tablet,SN-4AA892A90F,2026-05-03,314.88,2026-05-03,365,2027-05-03,2026-12-03,Screen Malfunction,Screen Malfunction reported by customer during normal use.,Manufacturing Defect,2026-12-07,218,True,True,True,True,0,True,False,False,Valid
CLM-01304,PRD-01304,Appliances,Washing Machine,SN-61BD0720A0,2024-05-23,2324.74,2024-05-23,1095,2027-05-23,2027-05-18,Compressor Fault,Compressor Fault reported by customer.,Wear and Tear,2027-05-19,1091,True,True,True,True,0,True,False,False,ManualReview
CLM-00934,PRD-00934,Furniture,Sofa,SN-87CF248020,2025-01-23,2483.74,2025-01-23,365,2026-01-23,2025-06-18,Material Defect,Material Defect reported by customer.,Wear and Tear,2025-06-20,148,True,True,True,False,0,True,False,False,Invalid
CLM-01486,PRD-01486,Electronics,Tablet,SN-AC8E4CB14D,2024-07-30,2432.23,2024-07-30,365,2025-07-30,2024-12-21,Software Fault,Software Fault reported by customer.,Accidental Damage,2024-12-24,147,True,True,True,True,0,True,False,True,ManualReview
CLM-00105,PRD-00105,Appliances,Microwave Oven,SN-C28766FE94,2023-06-11,648.28,2023-06-11,1095,2026-06-10,2024-05-27,Compressor Fault,Compressor Fault reported by customer during normal use.,Structural Damage,2024-05-29,353,True,True,True,True,1,True,False,False,Valid
CLM-00610,PRD-00610,Electronics,Headphones,SN-5F72BA2908,2025-03-07,810.46,2025-03-07,365,2026-03-07,2025-05-19,Water Damage,Water Damage - not covered under warranty terms.,Electrical Fault,2025-05-24,78,True,True,True,True,1,True,False,False,Invalid
CLM-01456,PRD-01456,Appliances,Microwave Oven,SN-794CAD44EB,2023-02-10,1525.27,2023-02-10,1095,2026-02-09,2026-02-11,Thermostat Malfunction,Thermostat Malfunction reported by customer.,Accidental Damage,2026-02-12,1098,True,True,True,True,0,True,False,False,ManualReview
CLM-00689,PRD-00689,Electronics,Smartphone,SN-37FCCB9F7D,2026-04-03,1778.36,2026-04-03,730,2028-04-02,2027-07-01,Unauthorized Modification,Unauthorized Modification - not covered under warranty terms.,Accidental Damage,2027-07-04,457,True,True,True,True,1,True,False,False,Invalid
CLM-00949,PRD-00949,Appliances,Air Conditioner,SN-5CD70F746F,2026-03-04,1650.33,2026-03-04,1095,2029-03-03,2029-03-24,Motor Failure,Motor Failure reported by customer.,Manufacturing Defect,2029-03-25,1117,True,True,True,True,1,True,False,False,Invalid
CLM-00932,PRD-00932,Furniture,Bed Frame,SN-C3AC5349F3,2026-01-11,527.94,2026-01-11,1095,2029-01-10,2029-05-17,Upholstery Tear,Upholstery Tear reported by customer.,Structural Damage,2029-05-18,1223,True,True,True,True,0,True,False,False,Invalid
CLM-00063,PRD-00063,Appliances,Microwave Oven,SN-7DD6A97D96,2025-04-06,97.49,2025-04-06,730,2027-04-06,2027-02-04,Compressor Fault,Compressor Fault reported by customer during normal use.,Accidental Damage,2027-02-05,670,True,True,True,True,0,True,False,False,Valid
CLM-00282,PRD-00282,Electronics,Laptop,SN-8409582941,2024-05-16,890.51,2024-05-16,730,2026-05-16,2025-05-08,Software Fault,Software Fault reported by customer during normal use.,Structural Damage,2025-05-12,361,True,True,True,True,0,True,False,False,Valid
CLM-00779,PRD-00779,Electronics,Headphones,SN-67F8E9BEAD,2023-06-17,2461.26,2023-06-17,730,2025-06-16,2025-01-23,Charging Port Issue,Charging Port Issue reported by customer.,Wear and Tear,2025-01-24,587,True,True,True,True,1,True,True,False,Invalid
CLM-01394,PRD-01394,Furniture,Sofa,SN-327B8ABCD8,2022-12-28,260.09,2022-12-28,365,2023-12-28,2023-12-21,Structural Frame Defect,Structural Frame Defect reported by customer.,Manufacturing Defect,2023-12-24,361,True,True,True,True,0,True,False,False,ManualReview
CLM-00239,PRD-00239,Furniture,Sofa,SN-575FC06A21,2022-11-15,1035.55,2022-11-15,365,2023-11-15,2022-12-16,Upholstery Tear,Upholstery Tear reported by customer during normal use.,Structural Damage,2022-12-18,33,True,True,True,True,0,True,False,False,Valid
CLM-00224,PRD-00224,Appliances,Dishwasher,SN-2C9587E945,2023-08-11,1546.84,2023-08-11,730,2025-08-10,2024-07-15,Drainage Issue,Drainage Issue reported by customer during normal use.,Electrical Fault,2024-07-16,340,True,True,True,True,1,True,False,False,Valid
CLM-00146,PRD-00146,Appliances,Washing Machine,SN-FBEBC96D05,2025-01-25,1492.73,2025-01-25,730,2027-01-25,2026-01-10,Electrical Short Circuit,Electrical Short Circuit reported by customer during normal use.,Electrical Fault,2026-01-12,352,True,True,True,True,0,True,False,False,Valid
CLM-01399,PRD-01399,Furniture,Bookshelf,SN-4FCB62935A,2024-07-12,2470.15,2024-07-12,1095,2027-07-12,2026-03-19,Upholstery Tear,Upholstery Tear reported by customer.,Manufacturing Defect,2026-03-23,619,True,True,True,True,1,False,False,False,ManualReview
CLM-00374,PRD-00374,Appliances,Washing Machine,SN-8A9B8F8CE1,2024-10-19,1413.09,2024-10-19,730,2026-10-19,2026-02-04,Drainage Issue,Drainage Issue reported by customer during normal use.,Accidental Damage,2026-02-05,474,True,True,True,True,1,True,False,False,Valid
CLM-01229,PRD-01229,Furniture,Office Chair,SN-CFE0F14830,2026-06-06,1032.83,2026-06-06,1095,2029-06-05,2028-10-16,Structural Frame Defect,Structural Frame Defect reported by customer.,Wear and Tear,2028-10-20,867,True,True,True,True,0,True,False,True,ManualReview
CLM-00119,PRD-00119,Appliances,Dishwasher,SN-9CCA05542A,2024-12-13,1654.56,2024-12-13,730,2026-12-13,2025-09-29,Thermostat Malfunction,Thermostat Malfunction reported by customer during normal use.,Structural Damage,2025-09-30,291,True,True,True,True,1,True,False,False,Valid
CLM-01167,PRD-01167,Appliances,Air Conditioner,SN-87A4D47E4D,2025-06-23,1820.21,2025-06-23,730,2027-06-23,2026-11-12,Electrical Short Circuit,Electrical Short Circuit reported by customer.,Manufacturing Defect,2026-11-15,510,True,True,True,True,1,False,False,False,ManualReview
CLM-00251,PRD-00251,Electronics,Headphones,SN-7F840DA7B3,2025-06-04,1399.07,2025-06-04,365,2026-06-04,2026-04-29,Software Fault,Software Fault reported by customer during normal use.,Accidental Damage,2026-05-03,333,True,True,True,True,1,True,False,False,Valid
CLM-01445,PRD-01445,Electronics,Laptop,SN-B836884C4D,2023-10-13,1274.0,2023-10-13,730,2025-10-12,2025-10-05,Software Fault,Software Fault reported by customer.,Cosmetic Damage,2025-10-07,725,True,True,True,True,1,True,False,False,ManualReview
CLM-01023,PRD-01023,Electronics,Tablet,SN-81C2EEA226,2023-04-30,1870.68,2023-04-30,730,2025-04-29,2024-06-07,Battery Failure,Battery Failure reported by customer.,Structural Damage,2024-06-09,406,True,True,False,True,1,True,False,False,ManualReview
CLM-00010,PRD-00010,Furniture,Office Chair,SN-644E2E4026,2026-04-20,1273.12,2026-04-20,365,2027-04-20,2026-07-03,Joint/Hinge Failure,Joint/Hinge Failure reported by customer during normal use.,Wear and Tear,2026-07-05,76,True,True,True,True,1,True,False,False,Valid
CLM-00450,PRD-00450,Electronics,Smartphone,SN-5C48EA1F5B,2024-01-14,1417.31,2024-01-14,365,2025-01-13,2024-07-31,Software Fault,Software Fault reported by customer during normal use.,Accidental Damage,2024-08-04,203,True,True,True,True,0,True,False,False,Valid
CLM-00883,PRD-00883,Electronics,Television,SN-53899201F5,2024-10-25,434.74,2024-10-25,730,2026-10-25,2025-01-04,Software Fault,Software Fault reported by customer.,Wear and Tear,2025-01-08,75,True,True,True,True,0,True,True,False,Invalid
CLM-00709,PRD-00709,Electronics,Smartphone,SN-2EB2DA3A93,2026-07-01,1919.41,2026-07-01,730,2028-06-30,2029-01-06,Software Fault,Software Fault reported by customer.,Manufacturing Defect,2029-01-10,924,True,True,True,True,0,True,False,False,Invalid
CLM-00256,PRD-00256,Furniture,Bed Frame,SN-D8B8C1A8A0,2023-03-24,2299.22,2023-03-24,365,2024-03-23,2024-02-04,Upholstery Tear,Upholstery Tear reported by customer during normal use.,Wear and Tear,2024-02-09,322,True,True,True,True,0,True,False,False,Valid
CLM-00594,PRD-00594,Furniture,Dining Table,SN-CD109EDD0C,2026-03-20,542.91,2026-03-20,365,2027-03-20,2027-05-31,Joint/Hinge Failure,Joint/Hinge Failure reported by customer.,Accidental Damage,2027-06-05,442,True,True,True,True,1,True,False,False,Invalid
CLM-00390,PRD-00390,Electronics,Tablet,SN-45BDE401C9,2026-04-30,832.99,2026-04-30,730,2028-04-29,2028-03-02,Screen Malfunction,Screen Malfunction reported by customer during normal use.,Cosmetic Damage,2028-03-06,676,True,True,True,True,0,True,False,False,Valid
CLM-01088,PRD-01088,Electronics,Tablet,SN-D9B590F411,2025-08-05,1538.25,2025-08-05,730,2027-08-05,2025-11-29,Battery Failure,Battery Failure reported by customer.,Manufacturing Defect,2025-12-01,118,False,True,True,True,1,True,False,False,ManualReview
CLM-01201,PRD-01201,Electronics,Television,SN-030B5D9DF5,2023-07-19,1334.73,2023-07-19,365,2024-07-18,2024-07-17,Software Fault,Software Fault reported by customer.,Manufacturing Defect,2024-07-18,365,True,True,True,True,1,True,False,False,ManualReview
CLM-00558,PRD-00558,Appliances,Microwave Oven,SN-62B248F93C,2023-09-11,835.81,2023-09-11,1095,2026-09-10,2026-03-04,Power Surge Damage,Power Surge Damage - not covered under warranty terms.,Accidental Damage,2026-03-09,910,True,True,True,True,0,True,False,False,Invalid
CLM-01288,PRD-01288,Appliances,Air Conditioner,SN-AF21848442,2024-09-14,405.22,2024-09-14,1095,2027-09-14,2027-09-10,Electrical Short Circuit,Electrical Short Circuit reported by customer.,Cosmetic Damage,2027-09-13,1094,True,True,True,True,1,True,False,False,ManualReview
CLM-00840,PRD-00840,Furniture,Dining Table,SN-7B4A14FCA0,2025-05-24,2419.88,2025-05-24,365,2026-05-24,2025-05-30,Upholstery Tear,Upholstery Tear reported by customer.,Accidental Damage,2025-06-01,8,True,True,True,True,0,True,True,False,Invalid
CLM-00461,PRD-00461,Appliances,Refrigerator,SN-B0398CD6EE,2025-04-25,1183.98,2025-04-25,1095,2028-04-24,2025-12-06,Thermostat Malfunction,Thermostat Malfunction reported by customer during normal use.,Accidental Damage,2025-12-08,227,True,True,True,True,1,True,False,False,Valid
CLM-00724,PRD-00724,Furniture,Office Chair,SN-5A5BEB3ACA,2024-04-28,1573.82,2024-04-28,365,2025-04-28,2024-08-11,Material Defect,Material Defect reported by customer.,Manufacturing Defect,2024-08-14,108,True,True,True,True,0,True,True,False,Invalid
CLM-01382,PRD-01382,Electronics,Tablet,SN-3B61AF7021,2022-12-11,322.85,2022-12-11,730,2024-12-10,2022-12-28,Overheating,Overheating reported by customer.,Electrical Fault,2023-01-02,22,True,True,True,True,0,True,False,True,ManualReview
CLM-00145,PRD-00145,Appliances,Washing Machine,SN-F5A1C8D4CB,2022-09-28,2417.19,2022-09-28,1095,2025-09-27,2024-10-12,Thermostat Malfunction,Thermostat Malfunction reported by customer during normal use.,Structural Damage,2024-10-13,746,True,True,True,True,0,True,False,False,Valid
CLM-00502,PRD-00502,Appliances,Refrigerator,SN-0BD03781A4,2024-11-08,594.13,2024-11-08,1095,2027-11-08,2025-01-13,Thermostat Malfunction,Thermostat Malfunction reported by customer.,Manufacturing Defect,2025-01-18,71,True,True,True,True,0,True,True,False,Invalid
CLM-01099,PRD-01099,Electronics,Smartphone,SN-BAB0B98A84,2026-01-22,351.26,2026-01-22,730,2028-01-22,2028-01-19,Charging Port Issue,Charging Port Issue reported by customer.,Structural Damage,2028-01-22,730,True,True,True,True,1,True,False,False,ManualReview
CLM-00740,PRD-00740,Electronics,Laptop,SN-9D206DC673,2025-01-24,1055.14,2025-01-24,730,2027-01-24,2025-10-26,Physical Impact Damage,Physical Impact Damage - not covered under warranty terms.,Cosmetic Damage,2025-10-29,278,True,True,True,True,0,True,False,False,Invalid
CLM-01385,PRD-01385,Furniture,Bed Frame,SN-74997F6ADD,2026-06-21,1559.32,2026-06-21,1095,2029-06-20,2027-11-17,Material Defect,Material Defect reported by customer.,Cosmetic Damage,2027-11-20,517,True,True,True,True,3,False,False,False,ManualReview
CLM-00732,PRD-00732,Appliances,Washing Machine,SN-41079130E7,2026-04-25,2165.25,2026-04-25,1095,2029-04-24,2029-09-21,Thermostat Malfunction,Thermostat Malfunction reported by customer.,Accidental Damage,2029-09-22,1246,True,True,True,True,1,True,False,False,Invalid
CLM-00540,PRD-00540,Electronics,Laptop,SN-AC408BC340,2025-05-07,519.46,2025-05-07,365,2026-05-07,2026-01-31,Software Fault,Software Fault reported by customer.,Structural Damage,2026-02-05,274,True,True,True,True,0,True,True,False,Invalid
CLM-00178,PRD-00178,Appliances,Dishwasher,SN-63B9768660,2023-02-02,1831.35,2023-02-02,1095,2026-02-01,2024-02-06,Drainage Issue,Drainage Issue reported by customer during normal use.,Electrical Fault,2024-02-11,374,True,True,True,True,0,True,False,False,Valid
CLM-01447,PRD-01447,Furniture,Sofa,SN-C5F4FC6349,2024-02-29,2328.89,2024-02-29,365,2025-02-28,2024-04-22,Upholstery Tear,"Stopped working, not sure why",Electrical Fault,2024-04-23,54,True,True,True,True,1,True,False,False,ManualReview
CLM-00698,PRD-00698,Appliances,Washing Machine,SN-BC0F931727,2025-11-27,794.59,2025-11-27,1095,2028-11-26,2029-01-02,Motor Failure,Motor Failure reported by customer.,Wear and Tear,2029-01-05,1135,True,True,True,True,1,True,False,False,Invalid
CLM-00941,PRD-00941,Appliances,Dishwasher,SN-E366B4EBAB,2026-03-01,2080.28,2026-03-01,1095,2029-02-28,2028-01-15,Motor Failure,Motor Failure reported by customer.,Accidental Damage,2028-01-17,687,True,True,True,True,1,True,True,False,Invalid
CLM-01050,PRD-01050,Electronics,Smartphone,SN-12B0597D57,2026-04-08,90.24,2026-04-08,365,2027-04-08,2027-01-15,Overheating,Performance seems inconsistent,Manufacturing Defect,2027-01-16,283,True,True,True,True,1,True,False,False,ManualReview
CLM-00923,PRD-00923,Appliances,Refrigerator,SN-74DB3DCD73,2023-09-26,1241.85,2023-09-26,730,2025-09-25,2024-04-22,Improper Installation Damage,Improper Installation Damage - not covered under warranty terms.,Electrical Fault,2024-04-23,210,True,True,True,True,0,True,False,False,Invalid
CLM-00899,PRD-00899,Electronics,Smartphone,SN-6AA2D8AA6E,2024-06-09,475.37,2024-06-09,730,2026-06-09,2025-07-15,Screen Malfunction,Screen Malfunction reported by customer.,Cosmetic Damage,2025-07-17,403,True,True,True,False,1,True,False,False,Invalid
CLM-01493,PRD-01493,Furniture,Bookshelf,SN-90B19DD7E4,2023-05-04,1970.48,2023-05-04,1095,2026-05-03,2023-05-28,Structural Frame Defect,Structural Frame Defect reported by customer.,Wear and Tear,2023-05-29,25,True,False,True,True,1,True,False,False,ManualReview
CLM-00008,PRD-00008,Furniture,Sofa,SN-E576938D78,2025-08-14,1836.36,2025-08-14,365,2026-08-14,2025-12-30,Material Defect,Material Defect reported by customer during normal use.,Electrical Fault,2026-01-04,143,True,True,True,True,0,True,False,False,Valid
CLM-00863,PRD-00863,Appliances,Microwave Oven,SN-C0E3218A7F,2025-07-31,2443.9,2025-07-31,730,2027-07-31,2027-09-04,Motor Failure,Motor Failure reported by customer.,Cosmetic Damage,2027-09-06,767,True,True,True,True,1,True,False,False,Invalid
CLM-00668,PRD-00668,Furniture,Dining Table,SN-FA578785FA,2024-02-20,545.42,2024-02-20,1095,2027-02-19,2027-03-25,Joint/Hinge Failure,Joint/Hinge Failure reported by customer.,Manufacturing Defect,2027-03-26,1130,True,True,True,True,0,True,False,False,Invalid
CLM-01161,PRD-01161,Furniture,Dining Table,SN-6E51D58649,2024-11-28,1701.56,2024-11-28,365,2025-11-28,2025-11-21,Joint/Hinge Failure,Joint/Hinge Failure reported by customer.,Structural Damage,2025-11-22,359,True,True,True,True,0,True,False,False,ManualReview
CLM-00358,PRD-00358,Electronics,Headphones,SN-1D8C43C4FE,2024-06-25,1876.09,2024-06-25,365,2025-06-25,2024-09-22,Charging Port Issue,Charging Port Issue reported by customer during normal use.,Accidental Damage,2024-09-23,90,True,True,True,True,0,True,False,False,Valid
CLM-00784,PRD-00784,Electronics,Headphones,SN-1294B46929,2022-09-13,470.75,2022-09-13,365,2023-09-13,2023-05-22,Overheating,Overheating reported by customer.,Electrical Fault,2023-05-25,254,True,True,True,True,1,True,True,False,Invalid
CLM-00736,PRD-00736,Appliances,Microwave Oven,SN-DB8517E975,2025-10-20,2012.9,2025-10-20,730,2027-10-20,2026-01-08,Power Surge Damage,Power Surge Damage - not covered under warranty terms.,Electrical Fault,2026-01-11,83,True,True,True,True,1,True,False,False,Invalid
CLM-00330,PRD-00330,Furniture,Bookshelf,SN-B4F435935D,2025-03-24,952.27,2025-03-24,365,2026-03-24,2025-06-13,Upholstery Tear,Upholstery Tear reported by customer during normal use.,Wear and Tear,2025-06-14,82,True,True,True,True,1,True,False,False,Valid
CLM-01056,PRD-01056,Electronics,Headphones,SN-D1D96216B9,2023-03-08,1789.56,2023-03-08,365,2024-03-07,2023-09-26,Overheating,Overheating reported by customer.,Structural Damage,2023-09-29,205,True,True,False,True,0,True,False,False,ManualReview
CLM-01149,PRD-01149,Appliances,Washing Machine,SN-69C45CA068,2022-09-04,1192.78,2022-09-04,1095,2025-09-03,2024-12-22,Compressor Fault,Compressor Fault reported by customer.,Electrical Fault,2024-12-23,841,True,True,True,True,1,True,False,True,ManualReview
CLM-01118,PRD-01118,Appliances,Washing Machine,SN-44B87AB2C4,2023-05-29,1196.37,2023-05-29,1095,2026-05-28,2025-05-30,Compressor Fault,Compressor Fault reported by customer.,Accidental Damage,2025-06-04,737,True,True,False,True,1,True,False,False,ManualReview
CLM-00259,PRD-00259,Furniture,Dining Table,SN-6C4C79ADA3,2025-06-05,2121.06,2025-06-05,365,2026-06-05,2026-03-06,Structural Frame Defect,Structural Frame Defect reported by customer during normal use.,Structural Damage,2026-03-07,275,True,True,True,True,1,True,False,False,Valid
CLM-01176,PRD-01176,Appliances,Air Conditioner,SN-4FD8D0FA31,2025-05-05,2043.98,2025-05-05,730,2027-05-05,2027-02-18,Compressor Fault,Compressor Fault reported by customer.,Accidental Damage,2027-02-19,655,True,True,True,True,3,False,False,False,ManualReview
CLM-00373,PRD-00373,Electronics,Smartphone,SN-40D1778CC9,2023-01-24,2471.29,2023-01-24,730,2025-01-23,2024-09-26,Battery Failure,Battery Failure reported by customer during normal use.,Wear and Tear,2024-09-29,614,True,True,True,True,1,True,False,False,Valid
CLM-01104,PRD-01104,Furniture,Bed Frame,SN-188263470E,2024-11-11,2418.92,2024-11-11,1095,2027-11-11,2027-11-07,Joint/Hinge Failure,Joint/Hinge Failure reported by customer.,Accidental Damage,2027-11-10,1094,True,True,True,True,0,True,False,False,ManualReview
CLM-00926,PRD-00926,Electronics,Smartphone,SN-78ADAD7295,2022-08-31,1680.04,2022-08-31,730,2024-08-30,2022-09-08,Unauthorized Modification,Unauthorized Modification - not covered under warranty terms.,Manufacturing Defect,2022-09-12,12,True,True,True,True,0,True,False,False,Invalid
CLM-00143,PRD-00143,Furniture,Bed Frame,SN-F4CDF9D25B,2023-05-08,981.51,2023-05-08,365,2024-05-07,2023-06-14,Joint/Hinge Failure,Joint/Hinge Failure reported by customer during normal use.,Structural Damage,2023-06-18,41,True,True,True,True,0,True,False,False,Valid
CLM-00526,PRD-00526,Electronics,Smartphone,SN-19DBE11809,2023-11-04,887.69,2023-11-04,730,2025-11-03,2023-12-08,Software Fault,Software Fault reported by customer.,Electrical Fault,2023-12-11,37,True,True,True,False,1,True,False,False,Invalid
CLM-01139,PRD-01139,Electronics,Smartphone,SN-38D3ABBFD2,2024-01-11,2349.01,2024-01-11,365,2025-01-10,2025-01-05,Battery Failure,Battery Failure reported by customer.,Electrical Fault,2025-01-08,363,True,True,True,True,0,True,False,False,ManualReview
CLM-01008,PRD-01008,Electronics,Smartphone,SN-F62E83D47B,2025-01-07,994.19,2025-01-07,365,2026-01-07,2026-01-07,Battery Failure,Battery Failure reported by customer.,Cosmetic Damage,2026-01-10,368,True,True,True,True,1,True,False,False,ManualReview
CLM-01122,PRD-01122,Electronics,Laptop,SN-C34942671A,2023-03-02,1679.89,2023-03-02,365,2024-03-01,2023-07-01,Charging Port Issue,Not working properly sometimes,Cosmetic Damage,2023-07-03,123,True,True,True,True,1,True,False,False,ManualReview
CLM-01424,PRD-01424,Appliances,Dishwasher,SN-86B8574592,2026-07-17,526.23,2026-07-17,1095,2029-07-16,2027-11-17,Compressor Fault,Compressor Fault reported by customer.,Accidental Damage,2027-11-19,490,True,True,True,True,0,True,False,True,ManualReview
CLM-00441,PRD-00441,Furniture,Office Chair,SN-904B427FAB,2023-07-12,1480.77,2023-07-12,365,2024-07-11,2024-03-09,Joint/Hinge Failure,Joint/Hinge Failure reported by customer during normal use.,Manufacturing Defect,2024-03-11,243,True,True,True,True,1,True,False,False,Valid
CLM-00532,PRD-00532,Electronics,Tablet,SN-AC9077C8E9,2026-06-26,1510.72,2026-06-26,730,2028-06-25,2027-11-23,Water Damage,Water Damage - not covered under warranty terms.,Manufacturing Defect,2027-11-24,516,True,True,True,True,1,True,False,False,Invalid
CLM-01202,PRD-01202,Electronics,Television,SN-B8F268737D,2023-09-29,1750.41,2023-09-29,365,2024-09-28,2024-08-14,Screen Malfunction,Screen Malfunction reported by customer.,Accidental Damage,2024-08-18,324,True,True,False,True,1,True,False,False,ManualReview
CLM-00227,PRD-00227,Furniture,Sofa,SN-2F5B51428F,2024-05-06,441.31,2024-05-06,1095,2027-05-06,2026-01-02,Structural Frame Defect,Structural Frame Defect reported by customer during normal use.,Cosmetic Damage,2026-01-05,609,True,True,True,True,1,True,False,False,Valid
CLM-01037,PRD-01037,Appliances,Air Conditioner,SN-E92378DCC1,2025-10-27,1028.24,2025-10-27,730,2027-10-27,2027-09-16,Thermostat Malfunction,"Stopped working, not sure why",Wear and Tear,2027-09-17,690,True,True,True,True,0,True,False,False,ManualReview
CLM-00229,PRD-00229,Appliances,Dishwasher,SN-C41CBE6DA2,2024-01-05,1716.84,2024-01-05,730,2026-01-04,2025-06-30,Thermostat Malfunction,Thermostat Malfunction reported by customer during normal use.,Structural Damage,2025-07-03,545,True,True,True,True,0,True,False,False,Valid
CLM-01280,PRD-01280,Electronics,Laptop,SN-E9AF7A0ACD,2023-04-12,1132.65,2023-04-12,730,2025-04-11,2024-12-08,Overheating,Overheating reported by customer.,Wear and Tear,2024-12-10,608,True,True,False,True,1,True,False,False,ManualReview
CLM-01450,PRD-01450,Electronics,Headphones,SN-FAB05EBD06,2024-02-21,105.27,2024-02-21,730,2026-02-20,2024-04-28,Battery Failure,Battery Failure reported by customer.,Manufacturing Defect,2024-05-02,71,True,True,True,True,3,False,False,False,ManualReview
CLM-00213,PRD-00213,Appliances,Dishwasher,SN-C06691EECC,2025-09-08,918.0,2025-09-08,1095,2028-09-07,2026-10-09,Thermostat Malfunction,Thermostat Malfunction reported by customer during normal use.,Structural Damage,2026-10-11,398,True,True,True,True,1,True,False,False,Valid
CLM-00080,PRD-00080,Electronics,Smartphone,SN-78D93FE505,2025-04-21,329.51,2025-04-21,730,2027-04-21,2025-07-05,Software Fault,Software Fault reported by customer during normal use.,Electrical Fault,2025-07-10,80,True,True,True,True,0,True,False,False,Valid
CLM-00149,PRD-00149,Appliances,Dishwasher,SN-E3036CB4F2,2026-06-11,2314.18,2026-06-11,1095,2029-06-10,2027-04-17,Electrical Short Circuit,Electrical Short Circuit reported by customer during normal use.,Cosmetic Damage,2027-04-21,314,True,True,True,True,1,True,False,False,Valid
CLM-00815,PRD-00815,Furniture,Dining Table,SN-585DD8ADD3,2026-08-12,1171.4,2026-08-12,1095,2029-08-11,2029-04-11,Misuse Damage,Misuse Damage - not covered under warranty terms.,Cosmetic Damage,2029-04-12,974,True,True,True,True,0,True,False,False,Invalid
CLM-00904,PRD-00904,Electronics,Television,SN-E2120EB21B,2025-01-10,1905.25,2025-01-10,365,2026-01-10,2025-09-24,Physical Impact Damage,Physical Impact Damage - not covered under warranty terms.,Manufacturing Defect,2025-09-27,260,True,True,True,True,0,True,False,False,Invalid
CLM-00959,PRD-00959,Furniture,Dining Table,SN-D01B39C337,2023-01-08,1592.44,2023-01-08,365,2024-01-08,2023-07-17,Normal Wear and Tear,Normal Wear and Tear - not covered under warranty terms.,Cosmetic Damage,2023-07-22,195,True,True,True,True,1,True,False,False,Invalid
CLM-00672,PRD-00672,Electronics,Smartphone,SN-ADD442410F,2025-06-14,132.37,2025-06-14,730,2027-06-14,2027-10-17,Software Fault,Software Fault reported by customer.,Electrical Fault,2027-10-19,857,True,True,True,True,1,True,False,False,Invalid
CLM-01156,PRD-01156,Electronics,Tablet,SN-9E13C55FAE,2023-03-22,1542.14,2023-03-22,365,2024-03-21,2023-09-17,Overheating,Overheating reported by customer.,Structural Damage,2023-09-19,181,True,True,True,True,1,True,False,True,ManualReview
CLM-00556,PRD-00556,Furniture,Bed Frame,SN-02B33E1372,2023-05-20,1228.26,2023-05-20,365,2024-05-19,2024-03-02,Upholstery Tear,Upholstery Tear reported by customer.,Electrical Fault,2024-03-07,292,True,True,True,True,0,True,True,False,Invalid
CLM-00908,PRD-00908,Furniture,Sofa,SN-E5DBE5B87A,2025-05-19,221.46,2025-05-19,365,2026-05-19,2025-07-26,Accidental Damage,Accidental Damage - not covered under warranty terms.,Manufacturing Defect,2025-07-27,69,True,True,True,True,0,True,False,False,Invalid
CLM-00134,PRD-00134,Furniture,Office Chair,SN-389ADAA326,2023-03-17,1465.9,2023-03-17,1095,2026-03-16,2024-06-22,Material Defect,Material Defect reported by customer during normal use.,Wear and Tear,2024-06-23,464,True,True,True,True,0,True,False,False,Valid
CLM-01109,PRD-01109,Electronics,Headphones,SN-0F0FE2710F,2024-11-19,1691.69,2024-11-19,365,2025-11-19,2025-01-05,Screen Malfunction,"Stopped working, not sure why",Structural Damage,2025-01-06,48,True,True,True,True,1,True,False,False,ManualReview
CLM-00824,PRD-00824,Electronics,Smartphone,SN-E72C47CE4B,2023-10-12,650.95,2023-10-12,730,2025-10-11,2025-06-10,Software Fault,Software Fault reported by customer.,Manufacturing Defect,2025-06-11,608,True,True,True,False,1,True,False,False,Invalid
CLM-00409,PRD-00409,Furniture,Bed Frame,SN-BA09082CB5,2023-07-11,146.54,2023-07-11,1095,2026-07-10,2025-05-21,Material Defect,Material Defect reported by customer during normal use.,Wear and Tear,2025-05-23,682,True,True,True,True,1,True,False,False,Valid
CLM-00369,PRD-00369,Appliances,Air Conditioner,SN-689517FDB0,2024-02-07,604.29,2024-02-07,1095,2027-02-06,2024-12-16,Motor Failure,Motor Failure reported by customer during normal use.,Structural Damage,2024-12-17,314,True,True,True,True,1,True,False,False,Valid
CLM-00508,PRD-00508,Furniture,Office Chair,SN-B51B15524A,2024-04-22,664.89,2024-04-22,1095,2027-04-22,2027-05-06,Upholstery Tear,Upholstery Tear reported by customer.,Electrical Fault,2027-05-08,1111,True,True,True,True,0,True,False,False,Invalid
CLM-01182,PRD-01182,Furniture,Office Chair,SN-F6FF7F357D,2026-05-30,828.16,2026-05-30,1095,2029-05-29,2027-11-18,Material Defect,"Stopped working, not sure why",Electrical Fault,2027-11-19,538,True,True,True,True,1,True,False,False,ManualReview
CLM-00505,PRD-00505,Furniture,Office Chair,SN-DB5783E666,2023-08-28,1271.99,2023-08-28,1095,2026-08-27,2025-11-27,Joint/Hinge Failure,Joint/Hinge Failure reported by customer.,Electrical Fault,2025-11-30,825,True,True,True,False,0,True,False,False,Invalid
CLM-01489,PRD-01489,Electronics,Headphones,SN-8B42AE33F6,2024-01-02,1009.49,2024-01-02,730,2026-01-01,2024-12-19,Overheating,"Stopped working, not sure why",Structural Damage,2024-12-21,354,True,True,True,True,1,True,False,False,ManualReview
CLM-00348,PRD-00348,Electronics,Smartphone,SN-1B181B2C79,2025-12-21,586.6,2025-12-21,730,2027-12-21,2027-06-18,Software Fault,Software Fault reported by customer during normal use.,Manufacturing Defect,2027-06-21,547,True,True,True,True,1,True,False,False,Valid
CLM-00387,PRD-00387,Appliances,Air Conditioner,SN-6BC4C9FE74,2025-03-14,667.4,2025-03-14,1095,2028-03-13,2027-06-05,Drainage Issue,Drainage Issue reported by customer during normal use.,Accidental Damage,2027-06-10,818,True,True,True,True,1,True,False,False,Valid
CLM-00001,PRD-00001,Furniture,Sofa,SN-1FAF7473BA,2024-03-02,649.99,2024-03-02,365,2025-03-02,2024-12-10,Structural Frame Defect,Structural Frame Defect reported by customer during normal use.,Cosmetic Damage,2024-12-11,284,True,True,True,True,0,True,False,False,Valid
CLM-00361,PRD-00361,Appliances,Dishwasher,SN-D05803C5E8,2023-03-12,2080.58,2023-03-12,1095,2026-03-11,2023-08-13,Thermostat Malfunction,Thermostat Malfunction reported by customer during normal use.,Wear and Tear,2023-08-14,155,True,True,True,True,0,True,False,False,Valid
CLM-00895,PRD-00895,Furniture,Bookshelf,SN-CC6E791BA3,2024-10-24,1741.35,2024-10-24,365,2025-10-24,2026-05-06,Structural Frame Defect,Structural Frame Defect reported by customer.,Manufacturing Defect,2026-05-10,563,True,True,True,True,1,True,False,False,Invalid
CLM-00829,PRD-00829,Furniture,Bookshelf,SN-BAB8833603,2023-04-09,709.75,2023-04-09,1095,2026-04-08,2025-12-29,Structural Frame Defect,Structural Frame Defect reported by customer.,Electrical Fault,2025-12-30,996,True,True,True,True,1,True,True,False,Invalid
CLM-01416,PRD-01416,Electronics,Smartphone,SN-9B14D6F6E5,2024-12-03,1189.11,2024-12-03,730,2026-12-03,2026-03-24,Software Fault,Makes strange noise occasionally,Accidental Damage,2026-03-28,480,True,True,True,True,1,True,False,False,ManualReview
CLM-00476,PRD-00476,Appliances,Air Conditioner,SN-212D5EC60C,2023-11-09,2084.39,2023-11-09,730,2025-11-08,2025-08-08,Compressor Fault,Compressor Fault reported by customer during normal use.,Structural Damage,2025-08-13,643,True,True,True,True,0,True,False,False,Valid
CLM-01281,PRD-01281,Appliances,Microwave Oven,SN-6A36CCC315,2025-11-20,1102.9,2025-11-20,730,2027-11-20,2027-07-16,Compressor Fault,Performance seems inconsistent,Cosmetic Damage,2027-07-21,608,True,True,True,True,0,True,False,False,ManualReview
CLM-00058,PRD-00058,Electronics,Headphones,SN-B91AF5543C,2025-11-25,2367.85,2025-11-25,730,2027-11-25,2027-04-01,Software Fault,Software Fault reported by customer during normal use.,Structural Damage,2027-04-02,493,True,True,True,True,0,True,False,False,Valid
CLM-00638,PRD-00638,Appliances,Microwave Oven,SN-33AE461EBF,2023-03-06,675.59,2023-03-06,1095,2026-03-05,2024-04-08,Rust/Corrosion,Rust/Corrosion - not covered under warranty terms.,Electrical Fault,2024-04-13,404,True,True,True,True,1,True,False,False,Invalid
CLM-01331,PRD-01331,Appliances,Refrigerator,SN-7325620BB1,2024-06-17,76.38,2024-06-17,1095,2027-06-17,2027-06-16,Drainage Issue,Drainage Issue reported by customer.,Structural Damage,2027-06-17,1095,True,True,True,True,0,True,False,False,ManualReview
CLM-01054,PRD-01054,Electronics,Laptop,SN-8E83F56652,2025-07-14,2059.08,2025-07-14,730,2027-07-14,2026-09-30,Overheating,Overheating reported by customer.,Accidental Damage,2026-10-02,445,True,True,True,True,3,False,False,False,ManualReview
CLM-01371,PRD-01371,Furniture,Bookshelf,SN-84EB8D5932,2022-11-17,2309.11,2022-11-17,365,2023-11-17,2022-11-22,Joint/Hinge Failure,Joint/Hinge Failure reported by customer.,Cosmetic Damage,2022-11-24,7,True,True,False,True,0,True,False,False,ManualReview
CLM-00173,PRD-00173,Electronics,Television,SN-03E8242122,2026-04-23,1589.23,2026-04-23,365,2027-04-23,2026-10-20,Screen Malfunction,Screen Malfunction reported by customer during normal use.,Wear and Tear,2026-10-25,185,True,True,True,True,1,True,False,False,Valid
CLM-00451,PRD-00451,Furniture,Bed Frame,SN-0B4C57F8BC,2024-05-25,91.38,2024-05-25,1095,2027-05-25,2024-10-01,Structural Frame Defect,Structural Frame Defect reported by customer during normal use.,Structural Damage,2024-10-06,134,True,True,True,True,0,True,False,False,Valid
CLM-00126,PRD-00126,Furniture,Sofa,SN-2941A50B44,2025-02-20,1956.14,2025-02-20,1095,2028-02-20,2025-05-19,Upholstery Tear,Upholstery Tear reported by customer during normal use.,Electrical Fault,2025-05-24,93,True,True,True,True,0,True,False,False,Valid
CLM-01180,PRD-01180,Electronics,Headphones,SN-1DA0087A57,2023-08-12,1188.6,2023-08-12,365,2024-08-11,2024-08-03,Charging Port Issue,Charging Port Issue reported by customer.,Cosmetic Damage,2024-08-07,361,True,True,False,True,1,True,False,False,ManualReview
CLM-00531,PRD-00531,Furniture,Bed Frame,SN-A4F8DB5455,2022-09-16,460.03,2022-09-16,1095,2025-09-15,2025-11-16,Material Defect,Material Defect reported by customer.,Structural Damage,2025-11-17,1158,True,True,True,True,1,True,False,False,Invalid
CLM-00858,PRD-00858,Electronics,Smartphone,SN-701348E8FB,2026-07-06,614.17,2026-07-06,365,2027-07-06,2027-01-17,Charging Port Issue,Charging Port Issue reported by customer.,Wear and Tear,2027-01-19,197,True,True,True,True,0,True,True,False,Invalid
CLM-00714,PRD-00714,Electronics,Tablet,SN-546CC69C89,2026-09-10,291.78,2026-09-10,365,2027-09-10,2027-07-11,Charging Port Issue,Charging Port Issue reported by customer.,Structural Damage,2027-07-13,306,True,True,True,True,0,True,True,False,Invalid
CLM-00091,PRD-00091,Appliances,Washing Machine,SN-37242B2278,2024-06-22,1058.53,2024-06-22,730,2026-06-22,2026-01-10,Thermostat Malfunction,Thermostat Malfunction reported by customer during normal use.,Accidental Damage,2026-01-11,568,True,True,True,True,1,True,False,False,Valid
CLM-01451,PRD-01451,Appliances,Washing Machine,SN-122668E3C9,2025-05-31,1109.59,2025-05-31,730,2027-05-31,2027-01-15,Motor Failure,Motor Failure reported by customer.,Electrical Fault,2027-01-16,595,True,True,True,True,3,False,False,False,ManualReview
CLM-00182,PRD-00182,Electronics,Laptop,SN-5EB7722707,2023-12-13,1957.36,2023-12-13,365,2024-12-12,2024-10-02,Software Fault,Software Fault reported by customer during normal use.,Accidental Damage,2024-10-03,295,True,True,True,True,1,True,False,False,Valid
CLM-00876,PRD-00876,Appliances,Air Conditioner,SN-C2DBF2AF6E,2023-02-08,817.03,2023-02-08,1095,2026-02-07,2025-07-26,Compressor Fault,Compressor Fault reported by customer.,Electrical Fault,2025-07-30,903,True,True,True,True,0,True,True,False,Invalid
CLM-01031,PRD-01031,Furniture,Bookshelf,SN-5372E5A6A9,2025-02-18,1974.11,2025-02-18,1095,2028-02-18,2028-02-13,Material Defect,Material Defect reported by customer.,Accidental Damage,2028-02-14,1091,True,True,True,True,1,True,False,False,ManualReview
CLM-00787,PRD-00787,Appliances,Dishwasher,SN-D501DDA0AA,2023-02-09,787.25,2023-02-09,730,2025-02-08,2023-03-07,Thermostat Malfunction,Thermostat Malfunction reported by customer.,Wear and Tear,2023-03-08,27,True,True,True,True,1,True,True,False,Invalid
CLM-00415,PRD-00415,Appliances,Refrigerator,SN-98CEB51445,2023-05-15,1755.62,2023-05-15,730,2025-05-14,2024-07-14,Motor Failure,Motor Failure reported by customer during normal use.,Wear and Tear,2024-07-19,431,True,True,True,True,0,True,False,False,Valid
CLM-00252,PRD-00252,Appliances,Refrigerator,SN-6D76882148,2023-07-29,392.9,2023-07-29,1095,2026-07-28,2023-11-26,Drainage Issue,Drainage Issue reported by customer during normal use.,Wear and Tear,2023-12-01,125,True,True,True,True,1,True,False,False,Valid
CLM-00070,PRD-00070,Furniture,Bed Frame,SN-A14BD0009B,2025-01-25,2073.05,2025-01-25,1095,2028-01-25,2025-07-23,Upholstery Tear,Upholstery Tear reported by customer during normal use.,Accidental Damage,2025-07-26,182,True,True,True,True,1,True,False,False,Valid
CLM-00804,PRD-00804,Appliances,Refrigerator,SN-AA7ED31D6B,2022-12-20,1013.5,2022-12-20,1095,2025-12-19,2023-04-17,Rust/Corrosion,Rust/Corrosion - not covered under warranty terms.,Cosmetic Damage,2023-04-22,123,True,True,True,True,0,True,False,False,Invalid
CLM-00132,PRD-00132,Electronics,Smartphone,SN-EC9E140833,2025-01-17,286.58,2025-01-17,365,2026-01-17,2025-02-16,Overheating,Overheating reported by customer during normal use.,Wear and Tear,2025-02-21,35,True,True,True,True,1,True,False,False,Valid
CLM-00301,PRD-00301,Furniture,Office Chair,SN-B04792BF58,2026-06-01,1012.12,2026-06-01,365,2027-06-01,2027-04-19,Joint/Hinge Failure,Joint/Hinge Failure reported by customer during normal use.,Structural Damage,2027-04-23,326,True,True,True,True,0,True,False,False,Valid
CLM-01430,PRD-01430,Furniture,Bed Frame,SN-36ACB0C990,2024-09-09,1189.1,2024-09-09,365,2025-09-09,2025-07-11,Upholstery Tear,"Stopped working, not sure why",Electrical Fault,2025-07-15,309,True,True,True,True,0,True,False,False,ManualReview
CLM-00327,PRD-00327,Electronics,Television,SN-C26D8529DF,2024-12-16,2293.84,2024-12-16,365,2025-12-16,2025-10-06,Screen Malfunction,Screen Malfunction reported by customer during normal use.,Accidental Damage,2025-10-09,297,True,True,True,True,1,True,False,False,Valid
CLM-01465,PRD-01465,Furniture,Bookshelf,SN-9F297AE011,2026-06-19,1251.26,2026-06-19,1095,2029-06-18,2026-12-14,Material Defect,Material Defect reported by customer.,Electrical Fault,2026-12-18,182,True,False,True,True,0,True,False,False,ManualReview
CLM-01114,PRD-01114,Appliances,Air Conditioner,SN-F6D598BFB3,2023-12-11,2112.22,2023-12-11,730,2025-12-10,2024-04-16,Drainage Issue,Makes strange noise occasionally,Structural Damage,2024-04-20,131,True,True,True,True,1,True,False,False,ManualReview
CLM-00500,PRD-00500,Appliances,Refrigerator,SN-433F5D574C,2023-10-06,2095.6,2023-10-06,730,2025-10-05,2024-02-09,Motor Failure,Motor Failure reported by customer during normal use.,Wear and Tear,2024-02-10,127,True,True,True,True,1,True,False,False,Valid
CLM-01378,PRD-01378,Electronics,Smartphone,SN-D365E6FB59,2023-12-25,1118.07,2023-12-25,365,2024-12-24,2024-10-29,Software Fault,Software Fault reported by customer.,Electrical Fault,2024-10-30,310,True,True,True,True,3,False,False,False,ManualReview
CLM-00833,PRD-00833,Furniture,Bed Frame,SN-2369A876D2,2026-03-03,571.25,2026-03-03,1095,2029-03-02,2026-07-26,Normal Wear and Tear,Normal Wear and Tear - not covered under warranty terms.,Manufacturing Defect,2026-07-29,148,True,True,True,True,1,True,False,False,Invalid
CLM-00365,PRD-00365,Appliances,Microwave Oven,SN-D6829E7AF9,2023-12-16,284.99,2023-12-16,1095,2026-12-15,2026-09-19,Drainage Issue,Drainage Issue reported by customer during normal use.,Structural Damage,2026-09-21,1010,True,True,True,True,1,True,False,False,Valid
CLM-00496,PRD-00496,Appliances,Refrigerator,SN-3A6AED9ADD,2025-03-13,1719.91,2025-03-13,1095,2028-03-12,2026-08-27,Motor Failure,Motor Failure reported by customer during normal use.,Electrical Fault,2026-08-28,533,True,True,True,True,0,True,False,False,Valid
CLM-01395,PRD-01395,Electronics,Laptop,SN-032B74069A,2022-12-30,939.2,2022-12-30,730,2024-12-29,2023-12-14,Software Fault,"Stopped working, not sure why",Structural Damage,2023-12-16,351,True,True,True,True,1,True,False,False,ManualReview
CLM-00339,PRD-00339,Furniture,Dining Table,SN-9AF51C2958,2024-11-05,1307.98,2024-11-05,1095,2027-11-05,2025-01-08,Upholstery Tear,Upholstery Tear reported by customer during normal use.,Accidental Damage,2025-01-12,68,True,True,True,True,1,True,False,False,Valid
CLM-00422,PRD-00422,Appliances,Microwave Oven,SN-5A88E593A4,2025-05-31,1875.84,2025-05-31,730,2027-05-31,2026-07-31,Thermostat Malfunction,Thermostat Malfunction reported by customer during normal use.,Manufacturing Defect,2026-08-01,427,True,True,True,True,0,True,False,False,Valid
CLM-00165,PRD-00165,Appliances,Dishwasher,SN-CF17ED4D22,2025-01-28,274.7,2025-01-28,730,2027-01-28,2025-02-25,Electrical Short Circuit,Electrical Short Circuit reported by customer during normal use.,Electrical Fault,2025-03-01,32,True,True,True,True,0,True,False,False,Valid
CLM-00029,PRD-00029,Electronics,Tablet,SN-6486A352EA,2026-05-30,2161.46,2026-05-30,365,2027-05-30,2026-10-03,Overheating,Overheating reported by customer during normal use.,Manufacturing Defect,2026-10-08,131,True,True,True,True,1,True,False,False,Valid
CLM-00517,PRD-00517,Furniture,Office Chair,SN-287A2C2ADE,2026-02-20,359.71,2026-02-20,1095,2029-02-19,2029-05-10,Joint/Hinge Failure,Joint/Hinge Failure reported by customer.,Manufacturing Defect,2029-05-14,1179,True,True,True,True,0,True,False,False,Invalid
CLM-00194,PRD-00194,Furniture,Bookshelf,SN-86A1B1E3AA,2025-10-14,150.93,2025-10-14,1095,2028-10-13,2027-04-12,Structural Frame Defect,Structural Frame Defect reported by customer during normal use.,Manufacturing Defect,2027-04-14,547,True,True,True,True,0,True,False,False,Valid
CLM-01328,PRD-01328,Electronics,Television,SN-912DC18C81,2023-01-17,665.76,2023-01-17,365,2024-01-17,2023-02-24,Overheating,Overheating reported by customer.,Wear and Tear,2023-02-25,39,True,True,True,True,1,True,False,True,ManualReview
CLM-01362,PRD-01362,Appliances,Refrigerator,SN-800BBCEBEB,2025-02-13,124.34,2025-02-13,730,2027-02-13,2025-12-12,Electrical Short Circuit,Electrical Short Circuit reported by customer.,Structural Damage,2025-12-13,303,True,False,True,True,0,True,False,False,ManualReview
CLM-00946,PRD-00946,Appliances,Dishwasher,SN-D8A7736538,2026-06-06,1974.47,2026-06-06,730,2028-06-05,2026-08-06,Compressor Fault,Compressor Fault reported by customer.,Electrical Fault,2026-08-07,62,True,True,True,True,0,True,True,False,Invalid
CLM-01361,PRD-01361,Electronics,Tablet,SN-118A29C77E,2023-08-24,1361.27,2023-08-24,730,2025-08-23,2024-09-10,Overheating,Overheating reported by customer.,Manufacturing Defect,2024-09-15,388,True,True,True,True,1,False,False,False,ManualReview
CLM-00170,PRD-00170,Furniture,Sofa,SN-F21F2AAC5E,2026-08-27,401.76,2026-08-27,365,2027-08-27,2026-12-28,Joint/Hinge Failure,Joint/Hinge Failure reported by customer during normal use.,Manufacturing Defect,2027-01-02,128,True,True,True,True,1,True,False,False,Valid
CLM-00168,PRD-00168,Furniture,Sofa,SN-CE9BE640AA,2022-09-24,677.01,2022-09-24,365,2023-09-24,2022-11-21,Material Defect,Material Defect reported by customer during normal use.,Structural Damage,2022-11-24,61,True,True,True,True,0,True,False,False,Valid
CLM-00653,PRD-00653,Furniture,Sofa,SN-A8706B5AC3,2023-04-16,568.61,2023-04-16,1095,2026-04-15,2024-08-09,Normal Wear and Tear,Normal Wear and Tear - not covered under warranty terms.,Cosmetic Damage,2024-08-10,482,True,True,True,True,1,True,False,False,Invalid
CLM-00174,PRD-00174,Appliances,Refrigerator,SN-C2A2312C29,2026-07-11,1222.4,2026-07-11,1095,2029-07-10,2029-02-06,Motor Failure,Motor Failure reported by customer during normal use.,Wear and Tear,2029-02-07,942,True,True,True,True,0,True,False,False,Valid
CLM-00519,PRD-00519,Furniture,Bookshelf,SN-F7634C74BB,2024-07-28,1230.05,2024-07-28,1095,2027-07-28,2026-08-17,Joint/Hinge Failure,Joint/Hinge Failure reported by customer.,Manufacturing Defect,2026-08-21,754,True,True,True,True,0,True,True,False,Invalid
CLM-01214,PRD-01214,Furniture,Sofa,SN-9F62F45F7F,2026-08-26,2322.56,2026-08-26,365,2027-08-26,2027-07-23,Material Defect,Material Defect reported by customer.,Electrical Fault,2027-07-28,336,True,True,True,True,1,False,False,False,ManualReview
CLM-01401,PRD-01401,Furniture,Bed Frame,SN-71B7D90C6E,2024-09-02,2135.57,2024-09-02,365,2025-09-02,2025-08-27,Structural Frame Defect,Structural Frame Defect reported by customer.,Structural Damage,2025-08-28,360,True,True,True,True,0,True,False,False,ManualReview
CLM-00913,PRD-00913,Appliances,Air Conditioner,SN-E287DAC987,2024-09-23,1427.25,2024-09-23,1095,2027-09-23,2027-05-15,Compressor Fault,Compressor Fault reported by customer.,Manufacturing Defect,2027-05-17,966,True,True,True,False,1,True,False,False,Invalid
CLM-00492,PRD-00492,Appliances,Air Conditioner,SN-C32765B906,2026-05-19,1018.1,2026-05-19,1095,2029-05-18,2026-10-10,Motor Failure,Motor Failure reported by customer during normal use.,Structural Damage,2026-10-11,145,True,True,True,True,0,True,False,False,Valid
CLM-00954,PRD-00954,Furniture,Office Chair,SN-A1D7695D3E,2023-02-06,2450.82,2023-02-06,365,2024-02-06,2024-01-12,Misuse Damage,Misuse Damage - not covered under warranty terms.,Accidental Damage,2024-01-13,341,True,True,True,True,1,True,False,False,Invalid
CLM-00074,PRD-00074,Furniture,Bed Frame,SN-36790AB627,2022-09-21,277.98,2022-09-21,1095,2025-09-20,2024-06-09,Upholstery Tear,Upholstery Tear reported by customer during normal use.,Electrical Fault,2024-06-14,632,True,True,True,True,0,True,False,False,Valid
CLM-01253,PRD-01253,Appliances,Dishwasher,SN-534D7F0794,2024-07-19,884.46,2024-07-19,730,2026-07-19,2025-12-14,Thermostat Malfunction,Thermostat Malfunction reported by customer.,Electrical Fault,2025-12-16,515,True,True,True,True,3,False,False,False,ManualReview
CLM-00588,PRD-00588,Furniture,Bookshelf,SN-EF7D07DCFC,2025-03-06,1885.87,2025-03-06,365,2026-03-06,2026-05-25,Joint/Hinge Failure,Joint/Hinge Failure reported by customer.,Manufacturing Defect,2026-05-28,448,True,True,True,True,1,True,False,False,Invalid
CLM-00751,PRD-00751,Furniture,Bed Frame,SN-89642A08F6,2024-02-29,2172.79,2024-02-29,365,2025-02-28,2024-10-06,Joint/Hinge Failure,Joint/Hinge Failure reported by customer.,Electrical Fault,2024-10-07,221,True,True,True,True,1,True,True,False,Invalid
CLM-00658,PRD-00658,Furniture,Office Chair,SN-DDB938E195,2025-01-31,646.93,2025-01-31,365,2026-01-31,2026-08-17,Material Defect,Material Defect reported by customer.,Wear and Tear,2026-08-19,565,True,True,True,True,0,True,False,False,Invalid
CLM-00843,PRD-00843,Electronics,Smartphone,SN-81B7540210,2026-06-11,1422.28,2026-06-11,730,2028-06-10,2027-05-08,Screen Malfunction,Screen Malfunction reported by customer.,Manufacturing Defect,2027-05-12,335,True,True,True,True,1,True,True,False,Invalid
CLM-00235,PRD-00235,Appliances,Air Conditioner,SN-DE5CDE768A,2023-01-28,1722.69,2023-01-28,1095,2026-01-27,2023-09-30,Electrical Short Circuit,Electrical Short Circuit reported by customer during normal use.,Cosmetic Damage,2023-10-02,247,True,True,True,True,0,True,False,False,Valid
CLM-00733,PRD-00733,Appliances,Air Conditioner,SN-A32ECFD860,2024-06-07,1452.72,2024-06-07,1095,2027-06-07,2027-03-21,Power Surge Damage,Power Surge Damage - not covered under warranty terms.,Manufacturing Defect,2027-03-26,1022,True,True,True,True,1,True,False,False,Invalid
CLM-00215,PRD-00215,Appliances,Microwave Oven,SN-A6FA0D2736,2024-03-28,348.59,2024-03-28,1095,2027-03-28,2025-01-23,Electrical Short Circuit,Electrical Short Circuit reported by customer during normal use.,Electrical Fault,2025-01-26,304,True,True,True,True,1,True,False,False,Valid
CLM-00163,PRD-00163,Furniture,Bed Frame,SN-D4205E32A1,2023-09-29,2013.09,2023-09-29,365,2024-09-28,2024-08-23,Structural Frame Defect,Structural Frame Defect reported by customer during normal use.,Accidental Damage,2024-08-27,333,True,True,True,True,0,True,False,False,Valid
CLM-00133,PRD-00133,Furniture,Bookshelf,SN-A1AA4FE621,2026-05-20,349.47,2026-05-20,1095,2029-05-19,2026-09-04,Material Defect,Material Defect reported by customer during normal use.,Cosmetic Damage,2026-09-07,110,True,True,True,True,1,True,False,False,Valid
CLM-01312,PRD-01312,Electronics,Laptop,SN-3C49E8552F,2026-05-17,494.96,2026-05-17,365,2027-05-17,2026-08-31,Software Fault,Software Fault reported by customer.,Wear and Tear,2026-09-03,109,True,False,True,True,0,True,False,False,ManualReview
CLM-00223,PRD-00223,Electronics,Smartphone,SN-A25E94D6E1,2023-07-15,1841.24,2023-07-15,730,2025-07-14,2023-07-31,Battery Failure,Battery Failure reported by customer during normal use.,Cosmetic Damage,2023-08-03,19,True,True,True,True,1,True,False,False,Valid
CLM-01228,PRD-01228,Appliances,Dishwasher,SN-7E12CA2D30,2025-12-14,1461.11,2025-12-14,1095,2028-12-13,2027-04-28,Thermostat Malfunction,"Stopped working, not sure why",Cosmetic Damage,2027-05-01,503,True,True,True,True,1,True,False,False,ManualReview
CLM-00935,PRD-00935,Furniture,Office Chair,SN-F9A829FE1F,2026-05-21,351.59,2026-05-21,1095,2029-05-20,2028-04-04,Structural Frame Defect,Structural Frame Defect reported by customer.,Structural Damage,2028-04-06,686,True,True,True,True,0,True,True,False,Invalid
CLM-00186,PRD-00186,Electronics,Smartphone,SN-C82FA24802,2023-08-05,2251.76,2023-08-05,730,2025-08-04,2025-06-20,Charging Port Issue,Charging Port Issue reported by customer during normal use.,Manufacturing Defect,2025-06-23,688,True,True,True,True,1,True,False,False,Valid
CLM-00042,PRD-00042,Electronics,Laptop,SN-A0AB488F75,2026-04-29,523.17,2026-04-29,365,2027-04-29,2026-09-20,Screen Malfunction,Screen Malfunction reported by customer during normal use.,Accidental Damage,2026-09-23,147,True,True,True,True,1,True,False,False,Valid
CLM-00693,PRD-00693,Furniture,Bookshelf,SN-DB31744548,2026-05-13,934.61,2026-05-13,365,2027-05-13,2026-11-28,Joint/Hinge Failure,Joint/Hinge Failure reported by customer.,Cosmetic Damage,2026-12-01,202,True,True,True,True,0,True,True,False,Invalid
CLM-00109,PRD-00109,Appliances,Washing Machine,SN-3FFFD7DB89,2024-10-06,1451.21,2024-10-06,730,2026-10-06,2024-10-29,Electrical Short Circuit,Electrical Short Circuit reported by customer during normal use.,Cosmetic Damage,2024-11-02,27,True,True,True,True,1,True,False,False,Valid
CLM-00039,PRD-00039,Furniture,Sofa,SN-AE99B46006,2025-10-06,2216.13,2025-10-06,1095,2028-10-05,2027-02-05,Upholstery Tear,Upholstery Tear reported by customer during normal use.,Structural Damage,2027-02-07,489,True,True,True,True,1,True,False,False,Valid
CLM-00569,PRD-00569,Furniture,Dining Table,SN-22D2C7E782,2023-05-26,807.05,2023-05-26,365,2024-05-25,2024-03-13,Normal Wear and Tear,Normal Wear and Tear - not covered under warranty terms.,Electrical Fault,2024-03-15,294,True,True,True,True,0,True,False,False,Invalid
CLM-00995,PRD-00995,Appliances,Dishwasher,SN-EACFB27EFF,2023-10-14,500.96,2023-10-14,1095,2026-10-13,2023-11-01,Rust/Corrosion,Rust/Corrosion - not covered under warranty terms.,Structural Damage,2023-11-06,23,True,True,True,True,0,True,False,False,Invalid
CLM-01343,PRD-01343,Electronics,Television,SN-8849310BFE,2024-08-04,875.65,2024-08-04,730,2026-08-04,2025-07-04,Battery Failure,Battery Failure reported by customer.,Accidental Damage,2025-07-05,335,True,True,True,True,1,False,False,False,ManualReview
CLM-01442,PRD-01442,Appliances,Air Conditioner,SN-B5B9E26988,2026-04-10,749.19,2026-04-10,730,2028-04-09,2027-06-02,Drainage Issue,Drainage Issue reported by customer.,Electrical Fault,2027-06-04,420,True,True,True,True,0,True,False,True,ManualReview
CLM-00484,PRD-00484,Electronics,Laptop,SN-F51BF1CCCA,2026-04-12,1484.16,2026-04-12,730,2028-04-11,2027-11-13,Software Fault,Software Fault reported by customer during normal use.,Structural Damage,2027-11-16,583,True,True,True,True,1,True,False,False,Valid
CLM-00469,PRD-00469,Furniture,Bookshelf,SN-3FC476DC2D,2024-09-26,1651.5,2024-09-26,365,2025-09-26,2025-06-19,Structural Frame Defect,Structural Frame Defect reported by customer during normal use.,Structural Damage,2025-06-22,269,True,True,True,True,1,True,False,False,Valid
CLM-00891,PRD-00891,Appliances,Microwave Oven,SN-2FA3560454,2023-09-19,1021.85,2023-09-19,1095,2026-09-18,2026-12-07,Compressor Fault,Compressor Fault reported by customer.,Accidental Damage,2026-12-11,1179,True,True,True,True,0,True,False,False,Invalid
CLM-00948,PRD-00948,Electronics,Smartphone,SN-BA1BA22311,2023-12-23,1021.78,2023-12-23,365,2024-12-22,2024-07-06,Unauthorized Modification,Unauthorized Modification - not covered under warranty terms.,Cosmetic Damage,2024-07-07,197,True,True,True,True,1,True,False,False,Invalid
CLM-00025,PRD-00025,Furniture,Bookshelf,SN-599DE2B99D,2023-02-24,2319.6,2023-02-24,365,2024-02-24,2023-10-31,Material Defect,Material Defect reported by customer during normal use.,Wear and Tear,2023-11-04,253,True,True,True,True,0,True,False,False,Valid
CLM-01010,PRD-01010,Electronics,Smartphone,SN-1E77F41A48,2023-08-16,1100.14,2023-08-16,365,2024-08-15,2023-11-02,Software Fault,Software Fault reported by customer.,Structural Damage,2023-11-05,81,True,True,True,True,3,False,False,False,ManualReview
CLM-01193,PRD-01193,Appliances,Microwave Oven,SN-F6149EC458,2025-10-13,316.92,2025-10-13,1095,2028-10-12,2026-04-26,Motor Failure,Motor Failure reported by customer.,Accidental Damage,2026-05-01,200,True,True,True,True,1,False,False,False,ManualReview
CLM-00069,PRD-00069,Appliances,Microwave Oven,SN-2F0F26AE15,2026-08-04,424.83,2026-08-04,1095,2029-08-03,2028-02-08,Drainage Issue,Drainage Issue reported by customer during normal use.,Cosmetic Damage,2028-02-13,558,True,True,True,True,0,True,False,False,Valid
CLM-00885,PRD-00885,Furniture,Bed Frame,SN-1177E1609F,2023-10-04,68.24,2023-10-04,1095,2026-10-03,2027-03-05,Material Defect,Material Defect reported by customer.,Electrical Fault,2027-03-07,1250,True,True,True,True,0,True,False,False,Invalid
CLM-01355,PRD-01355,Electronics,Tablet,SN-416E5B4E6E,2022-08-30,2428.68,2022-08-30,730,2024-08-29,2024-08-30,Overheating,Overheating reported by customer.,Cosmetic Damage,2024-08-31,732,True,True,True,True,0,True,False,False,ManualReview
CLM-00367,PRD-00367,Electronics,Television,SN-FA1B3E8C1A,2025-04-12,2117.23,2025-04-12,365,2026-04-12,2025-12-20,Software Fault,Software Fault reported by customer during normal use.,Electrical Fault,2025-12-23,255,True,True,True,True,1,True,False,False,Valid
CLM-00506,PRD-00506,Appliances,Refrigerator,SN-6E51428B32,2025-11-08,1730.73,2025-11-08,730,2027-11-08,2027-05-31,Compressor Fault,Compressor Fault reported by customer.,Cosmetic Damage,2027-06-04,573,True,True,True,False,0,True,False,False,Invalid
CLM-00851,PRD-00851,Electronics,Headphones,SN-628E8158EC,2025-03-24,1998.15,2025-03-24,730,2027-03-24,2027-08-01,Software Fault,Software Fault reported by customer.,Accidental Damage,2027-08-04,863,True,True,True,True,0,True,False,False,Invalid
CLM-01316,PRD-01316,Appliances,Air Conditioner,SN-745703AB25,2023-05-06,841.05,2023-05-06,1095,2026-05-05,2026-02-08,Thermostat Malfunction,Thermostat Malfunction reported by customer.,Structural Damage,2026-02-13,1014,False,True,True,True,1,True,False,False,ManualReview
CLM-00384,PRD-00384,Appliances,Microwave Oven,SN-1C773B68F2,2024-01-28,1884.95,2024-01-28,730,2026-01-27,2025-03-02,Motor Failure,Motor Failure reported by customer during normal use.,Accidental Damage,2025-03-03,400,True,True,True,True,0,True,False,False,Valid
CLM-00735,PRD-00735,Appliances,Microwave Oven,SN-11F77E49B5,2024-04-16,2490.76,2024-04-16,730,2026-04-16,2026-05-06,Drainage Issue,Drainage Issue reported by customer.,Wear and Tear,2026-05-11,755,True,True,True,True,1,True,False,False,Invalid
CLM-00718,PRD-00718,Appliances,Air Conditioner,SN-270D3CDE9B,2023-01-06,2242.15,2023-01-06,730,2025-01-05,2023-01-20,Compressor Fault,Compressor Fault reported by customer.,Cosmetic Damage,2023-01-24,18,True,True,True,False,1,True,False,False,Invalid
CLM-01336,PRD-01336,Appliances,Refrigerator,SN-CF64B675FB,2023-11-13,1498.16,2023-11-13,1095,2026-11-12,2025-12-21,Drainage Issue,"Minor issue, hard to describe",Manufacturing Defect,2025-12-26,774,True,True,True,True,1,True,False,False,ManualReview
CLM-00455,PRD-00455,Electronics,Tablet,SN-7308DAB55C,2025-08-21,1391.44,2025-08-21,730,2027-08-21,2026-08-11,Battery Failure,Battery Failure reported by customer during normal use.,Accidental Damage,2026-08-13,357,True,True,True,True,0,True,False,False,Valid
CLM-00265,PRD-00265,Furniture,Bed Frame,SN-C02AE9FF36,2023-09-01,1715.25,2023-09-01,1095,2026-08-31,2025-01-21,Joint/Hinge Failure,Joint/Hinge Failure reported by customer during normal use.,Manufacturing Defect,2025-01-22,509,True,True,True,True,1,True,False,False,Valid
CLM-00076,PRD-00076,Appliances,Refrigerator,SN-54022808FF,2026-09-02,521.83,2026-09-02,730,2028-09-01,2028-08-11,Drainage Issue,Drainage Issue reported by customer during normal use.,Cosmetic Damage,2028-08-13,711,True,True,True,True,0,True,False,False,Valid
CLM-00915,PRD-00915,Appliances,Air Conditioner,SN-13AC528599,2026-03-21,2469.43,2026-03-21,1095,2029-03-20,2029-06-22,Motor Failure,Motor Failure reported by customer.,Electrical Fault,2029-06-27,1194,True,True,True,True,0,True,False,False,Invalid
CLM-00233,PRD-00233,Appliances,Washing Machine,SN-B4D0867829,2025-11-13,228.92,2025-11-13,730,2027-11-13,2027-05-25,Motor Failure,Motor Failure reported by customer during normal use.,Accidental Damage,2027-05-26,559,True,True,True,True,1,True,False,False,Valid
CLM-00445,PRD-00445,Furniture,Bed Frame,SN-CDC0927597,2023-04-08,1688.9,2023-04-08,365,2024-04-07,2023-04-30,Upholstery Tear,Upholstery Tear reported by customer during normal use.,Wear and Tear,2023-05-03,25,True,True,True,True,1,True,False,False,Valid
CLM-00396,PRD-00396,Furniture,Bed Frame,SN-07E43ED088,2024-12-10,182.45,2024-12-10,1095,2027-12-10,2026-11-12,Upholstery Tear,Upholstery Tear reported by customer during normal use.,Wear and Tear,2026-11-16,706,True,True,True,True,0,True,False,False,Valid
CLM-00612,PRD-00612,Appliances,Washing Machine,SN-88EC9129A6,2025-04-23,1180.04,2025-04-23,1095,2028-04-22,2026-01-08,Drainage Issue,Drainage Issue reported by customer.,Accidental Damage,2026-01-13,265,True,True,True,False,0,True,False,False,Invalid
CLM-00177,PRD-00177,Appliances,Air Conditioner,SN-678A0A4875,2025-02-02,2241.86,2025-02-02,1095,2028-02-02,2027-11-16,Compressor Fault,Compressor Fault reported by customer during normal use.,Accidental Damage,2027-11-20,1021,True,True,True,True,1,True,False,False,Valid
CLM-00019,PRD-00019,Appliances,Dishwasher,SN-CD4FAFFC76,2023-04-21,657.37,2023-04-21,1095,2026-04-20,2024-08-04,Motor Failure,Motor Failure reported by customer during normal use.,Accidental Damage,2024-08-09,476,True,True,True,True,0,True,False,False,Valid
CLM-01311,PRD-01311,Furniture,Bed Frame,SN-0584C540FD,2022-12-20,1510.7,2022-12-20,365,2023-12-20,2023-12-13,Joint/Hinge Failure,Joint/Hinge Failure reported by customer.,Cosmetic Damage,2023-12-15,360,True,True,True,True,0,True,False,False,ManualReview
CLM-01222,PRD-01222,Appliances,Refrigerator,SN-3CB6ED1B11,2023-05-31,1434.35,2023-05-31,1095,2026-05-30,2024-07-15,Electrical Short Circuit,Electrical Short Circuit reported by customer.,Wear and Tear,2024-07-17,413,True,True,True,True,2,False,False,False,ManualReview
CLM-00342,PRD-00342,Electronics,Smartphone,SN-1F4514F932,2026-03-31,1136.41,2026-03-31,365,2027-03-31,2026-06-05,Charging Port Issue,Charging Port Issue reported by customer during normal use.,Manufacturing Defect,2026-06-06,67,True,True,True,True,0,True,False,False,Valid
CLM-01348,PRD-01348,Electronics,Television,SN-9AD1BC8443,2022-09-28,2150.95,2022-09-28,365,2023-09-28,2023-07-07,Overheating,Makes strange noise occasionally,Electrical Fault,2023-07-12,287,True,True,True,True,1,True,False,False,ManualReview
CLM-00880,PRD-00880,Appliances,Refrigerator,SN-A19F66F016,2023-03-27,855.66,2023-03-27,1095,2026-03-26,2024-03-16,Motor Failure,Motor Failure reported by customer.,Cosmetic Damage,2024-03-17,356,True,True,True,False,1,True,False,False,Invalid
CLM-00596,PRD-00596,Appliances,Air Conditioner,SN-45CE006617,2022-10-28,1631.85,2022-10-28,1095,2025-10-27,2024-09-14,Drainage Issue,Drainage Issue reported by customer.,Wear and Tear,2024-09-18,691,True,True,True,True,1,True,True,False,Invalid
CLM-00062,PRD-00062,Electronics,Smartphone,SN-ACCCFF8AA3,2024-10-01,852.01,2024-10-01,730,2026-10-01,2025-10-26,Charging Port Issue,Charging Port Issue reported by customer during normal use.,Accidental Damage,2025-10-29,393,True,True,True,True,1,True,False,False,Valid
CLM-01261,PRD-01261,Electronics,Smartphone,SN-F3888FF20A,2023-05-27,1543.78,2023-05-27,365,2024-05-26,2023-06-09,Software Fault,Software Fault reported by customer.,Structural Damage,2023-06-12,16,True,True,True,True,0,True,False,True,ManualReview
CLM-00273,PRD-00273,Appliances,Air Conditioner,SN-D6FF9A9DA5,2024-04-23,835.63,2024-04-23,730,2026-04-23,2024-10-22,Electrical Short Circuit,Electrical Short Circuit reported by customer during normal use.,Electrical Fault,2024-10-26,186,True,True,True,True,0,True,False,False,Valid
CLM-01209,PRD-01209,Furniture,Bed Frame,SN-C38412C748,2024-05-16,2104.69,2024-05-16,1095,2027-05-16,2025-04-23,Upholstery Tear,Upholstery Tear reported by customer.,Structural Damage,2025-04-26,345,True,True,False,True,1,True,False,False,ManualReview
CLM-00873,PRD-00873,Electronics,Television,SN-ED15EF535E,2026-05-30,856.64,2026-05-30,365,2027-05-30,2027-04-07,Battery Failure,Battery Failure reported by customer.,Cosmetic Damage,2027-04-09,314,True,True,True,False,1,True,False,False,Invalid
CLM-01121,PRD-01121,Furniture,Bookshelf,SN-2A74A778EB,2023-05-09,1759.53,2023-05-09,1095,2026-05-08,2023-09-28,Material Defect,Material Defect reported by customer.,Structural Damage,2023-09-29,143,True,True,True,True,1,True,False,True,ManualReview
CLM-01407,PRD-01407,Electronics,Laptop,SN-E63A714937,2026-03-01,2189.83,2026-03-01,730,2028-02-29,2028-02-23,Screen Malfunction,Screen Malfunction reported by customer.,Structural Damage,2028-02-25,726,False,True,True,True,0,True,False,False,ManualReview
CLM-00279,PRD-00279,Furniture,Office Chair,SN-841A4C0EA5,2026-04-03,1551.06,2026-04-03,365,2027-04-03,2026-05-31,Material Defect,Material Defect reported by customer during normal use.,Accidental Damage,2026-06-01,59,True,True,True,True,1,True,False,False,Valid
CLM-00037,PRD-00037,Furniture,Bed Frame,SN-BC7935B9D4,2023-04-03,234.35,2023-04-03,365,2024-04-02,2023-10-09,Structural Frame Defect,Structural Frame Defect reported by customer during normal use.,Structural Damage,2023-10-14,194,True,True,True,True,0,True,False,False,Valid
CLM-00663,PRD-00663,Furniture,Bed Frame,SN-F69A1E68EF,2023-08-13,441.41,2023-08-13,1095,2026-08-12,2024-10-16,Joint/Hinge Failure,Joint/Hinge Failure reported by customer.,Manufacturing Defect,2024-10-20,434,True,True,True,False,0,True,False,False,Invalid
CLM-01352,PRD-01352,Appliances,Dishwasher,SN-FBD6970D75,2025-05-31,1498.1,2025-05-31,1095,2028-05-30,2027-12-05,Drainage Issue,Drainage Issue reported by customer.,Wear and Tear,2027-12-10,923,True,True,False,True,0,True,False,False,ManualReview
CLM-01090,PRD-01090,Appliances,Washing Machine,SN-F19006ECC7,2026-07-03,707.25,2026-07-03,730,2028-07-02,2028-04-17,Electrical Short Circuit,Electrical Short Circuit reported by customer.,Wear and Tear,2028-04-20,657,True,True,True,True,3,False,False,False,ManualReview
CLM-00978,PRD-00978,Appliances,Washing Machine,SN-D44074BDC1,2024-11-02,1081.59,2024-11-02,730,2026-11-02,2025-05-25,Rust/Corrosion,Rust/Corrosion - not covered under warranty terms.,Manufacturing Defect,2025-05-29,208,True,True,True,True,1,True,False,False,Invalid
CLM-00739,PRD-00739,Appliances,Dishwasher,SN-FE8820BE6C,2025-10-19,1830.21,2025-10-19,1095,2028-10-18,2028-05-26,Power Surge Damage,Power Surge Damage - not covered under warranty terms.,Structural Damage,2028-05-28,952,True,True,True,True,0,True,False,False,Invalid
CLM-00192,PRD-00192,Electronics,Television,SN-71A809F8EF,2024-07-25,2371.33,2024-07-25,365,2025-07-25,2024-11-02,Charging Port Issue,Charging Port Issue reported by customer during normal use.,Manufacturing Defect,2024-11-07,105,True,True,True,True,1,True,False,False,Valid
CLM-00920,PRD-00920,Furniture,Bookshelf,SN-B368F94BF1,2025-11-29,804.55,2025-11-29,1095,2028-11-28,2029-05-05,Structural Frame Defect,Structural Frame Defect reported by customer.,Cosmetic Damage,2029-05-10,1258,True,True,True,True,1,True,False,False,Invalid
CLM-00457,PRD-00457,Electronics,Tablet,SN-0E0957FC41,2026-03-29,1396.68,2026-03-29,730,2028-03-28,2026-12-14,Screen Malfunction,Screen Malfunction reported by customer during normal use.,Cosmetic Damage,2026-12-15,261,True,True,True,True,1,True,False,False,Valid
CLM-00676,PRD-00676,Furniture,Bookshelf,SN-FB49B02917,2026-06-19,248.35,2026-06-19,365,2027-06-19,2027-07-02,Joint/Hinge Failure,Joint/Hinge Failure reported by customer.,Cosmetic Damage,2027-07-03,379,True,True,True,True,1,True,False,False,Invalid
CLM-00761,PRD-00761,Electronics,Smartphone,SN-5DE720EF76,2023-05-16,2185.04,2023-05-16,730,2025-05-15,2024-06-12,Unauthorized Modification,Unauthorized Modification - not covered under warranty terms.,Cosmetic Damage,2024-06-16,397,True,True,True,True,1,True,False,False,Invalid
CLM-01353,PRD-01353,Electronics,Television,SN-8934616F1B,2026-08-02,412.31,2026-08-02,730,2028-08-01,2028-08-01,Overheating,Overheating reported by customer.,Manufacturing Defect,2028-08-03,732,True,True,True,True,1,True,False,False,ManualReview
CLM-00729,PRD-00729,Furniture,Office Chair,SN-FD0CD54ADF,2024-06-03,200.49,2024-06-03,1095,2027-06-03,2024-07-30,Joint/Hinge Failure,Joint/Hinge Failure reported by customer.,Wear and Tear,2024-08-02,60,True,True,True,False,0,True,False,False,Invalid
CLM-00413,PRD-00413,Electronics,Laptop,SN-4BB8E796C8,2024-06-20,925.94,2024-06-20,365,2025-06-20,2024-08-08,Charging Port Issue,Charging Port Issue reported by customer during normal use.,Structural Damage,2024-08-11,52,True,True,True,True,1,True,False,False,Valid
CLM-00826,PRD-00826,Electronics,Smartphone,SN-13286611B5,2024-03-23,402.88,2024-03-23,365,2025-03-23,2024-10-20,Physical Impact Damage,Physical Impact Damage - not covered under warranty terms.,Manufacturing Defect,2024-10-22,213,True,True,True,True,1,True,False,False,Invalid
CLM-00617,PRD-00617,Electronics,Tablet,SN-08B0C88EE9,2024-06-17,1261.02,2024-06-17,730,2026-06-17,2026-02-05,Water Damage,Water Damage - not covered under warranty terms.,Manufacturing Defect,2026-02-06,599,True,True,True,True,0,True,False,False,Invalid
CLM-00115,PRD-00115,Electronics,Headphones,SN-BEF3998AF5,2024-02-09,1364.6,2024-02-09,365,2025-02-08,2024-12-05,Charging Port Issue,Charging Port Issue reported by customer during normal use.,Accidental Damage,2024-12-09,304,True,True,True,True,1,True,False,False,Valid
CLM-00418,PRD-00418,Furniture,Bookshelf,SN-214EBC5C8E,2026-05-19,2189.2,2026-05-19,365,2027-05-19,2027-01-22,Upholstery Tear,Upholstery Tear reported by customer during normal use.,Electrical Fault,2027-01-25,251,True,True,True,True,0,True,False,False,Valid
CLM-01429,PRD-01429,Electronics,Headphones,SN-C44B1E2FB3,2026-07-21,2055.54,2026-07-21,730,2028-07-20,2028-07-12,Battery Failure,Battery Failure reported by customer.,Accidental Damage,2028-07-13,723,True,True,True,True,0,True,False,False,ManualReview
CLM-00970,PRD-00970,Furniture,Bed Frame,SN-22C0179A71,2023-12-30,2485.84,2023-12-30,1095,2026-12-29,2026-12-09,Upholstery Tear,Upholstery Tear reported by customer.,Structural Damage,2026-12-11,1077,True,True,True,True,0,True,True,False,Invalid
CLM-00605,PRD-00605,Appliances,Microwave Oven,SN-1FE83D6AB3,2025-02-05,1694.25,2025-02-05,1095,2028-02-05,2025-10-01,Power Surge Damage,Power Surge Damage - not covered under warranty terms.,Wear and Tear,2025-10-02,239,True,True,True,True,1,True,False,False,Invalid
CLM-01435,PRD-01435,Appliances,Microwave Oven,SN-53C4552CDC,2024-12-09,891.75,2024-12-09,730,2026-12-09,2025-02-10,Drainage Issue,Performance seems inconsistent,Electrical Fault,2025-02-15,68,True,True,True,True,0,True,False,False,ManualReview
CLM-00090,PRD-00090,Appliances,Refrigerator,SN-3FB613CA77,2026-03-09,2044.9,2026-03-09,1095,2029-03-08,2028-06-24,Electrical Short Circuit,Electrical Short Circuit reported by customer during normal use.,Electrical Fault,2028-06-27,841,True,True,True,True,0,True,False,False,Valid
CLM-00849,PRD-00849,Furniture,Sofa,SN-02B527CB81,2022-12-21,2301.83,2022-12-21,365,2023-12-21,2023-01-27,Material Defect,Material Defect reported by customer.,Manufacturing Defect,2023-01-28,38,True,True,True,False,1,True,False,False,Invalid
CLM-01146,PRD-01146,Furniture,Office Chair,SN-4713984A4E,2025-01-01,1452.88,2025-01-01,1095,2028-01-01,2026-05-06,Material Defect,Not working properly sometimes,Wear and Tear,2026-05-08,492,True,True,True,True,1,True,False,False,ManualReview
CLM-01434,PRD-01434,Furniture,Dining Table,SN-699793106F,2022-12-25,2321.02,2022-12-25,1095,2025-12-24,2024-04-23,Upholstery Tear,Upholstery Tear reported by customer.,Wear and Tear,2024-04-24,486,True,False,True,True,0,True,False,False,ManualReview
CLM-00754,PRD-00754,Furniture,Dining Table,SN-1E5D1A3235,2024-06-01,1156.15,2024-06-01,1095,2027-06-01,2026-04-04,Normal Wear and Tear,Normal Wear and Tear - not covered under warranty terms.,Accidental Damage,2026-04-07,675,True,True,True,True,0,True,False,False,Invalid
CLM-00499,PRD-00499,Appliances,Microwave Oven,SN-D12B4CEE0E,2025-11-03,709.24,2025-11-03,730,2027-11-03,2026-07-04,Compressor Fault,Compressor Fault reported by customer during normal use.,Electrical Fault,2026-07-06,245,True,True,True,True,0,True,False,False,Valid
CLM-00012,PRD-00012,Appliances,Washing Machine,SN-3D182A92FF,2023-03-29,424.46,2023-03-29,730,2025-03-28,2024-12-02,Thermostat Malfunction,Thermostat Malfunction reported by customer during normal use.,Cosmetic Damage,2024-12-03,615,True,True,True,True,0,True,False,False,Valid
CLM-00397,PRD-00397,Furniture,Bed Frame,SN-EF55509EFD,2024-05-25,2162.87,2024-05-25,365,2025-05-25,2024-11-14,Material Defect,Material Defect reported by customer during normal use.,Manufacturing Defect,2024-11-16,175,True,True,True,True,0,True,False,False,Valid
CLM-00285,PRD-00285,Appliances,Refrigerator,SN-2D53278F0A,2026-03-20,1660.4,2026-03-20,730,2028-03-19,2026-10-09,Drainage Issue,Drainage Issue reported by customer during normal use.,Manufacturing Defect,2026-10-13,207,True,True,True,True,1,True,False,False,Valid
CLM-00691,PRD-00691,Appliances,Microwave Oven,SN-77239A9D30,2024-06-15,184.83,2024-06-15,730,2026-06-15,2025-01-05,Power Surge Damage,Power Surge Damage - not covered under warranty terms.,Structural Damage,2025-01-06,205,True,True,True,True,0,True,False,False,Invalid
CLM-01231,PRD-01231,Electronics,Laptop,SN-F0A9AF6FBC,2022-12-05,2427.3,2022-12-05,730,2024-12-04,2024-12-03,Software Fault,Software Fault reported by customer.,Wear and Tear,2024-12-04,730,True,True,True,True,1,True,False,False,ManualReview
CLM-01404,PRD-01404,Electronics,Television,SN-0E9BA5A6BA,2024-07-04,948.65,2024-07-04,730,2026-07-04,2026-07-04,Battery Failure,Battery Failure reported by customer.,Electrical Fault,2026-07-05,731,True,True,True,True,1,True,False,False,ManualReview
CLM-00690,PRD-00690,Furniture,Sofa,SN-C00C7A969F,2022-11-07,391.59,2022-11-07,1095,2025-11-06,2026-04-12,Material Defect,Material Defect reported by customer.,Accidental Damage,2026-04-14,1254,True,True,True,True,0,True,False,False,Invalid
CLM-00852,PRD-00852,Furniture,Dining Table,SN-63512D68AA,2023-03-15,80.11,2023-03-15,365,2024-03-14,2023-05-18,Normal Wear and Tear,Normal Wear and Tear - not covered under warranty terms.,Structural Damage,2023-05-23,69,True,True,True,True,0,True,False,False,Invalid
CLM-00160,PRD-00160,Furniture,Office Chair,SN-FF0D0AC877,2025-12-22,972.96,2025-12-22,365,2026-12-22,2026-08-07,Upholstery Tear,Upholstery Tear reported by customer during normal use.,Wear and Tear,2026-08-08,229,True,True,True,True,0,True,False,False,Valid
CLM-00896,PRD-00896,Electronics,Laptop,SN-3EC0E47432,2023-12-18,539.96,2023-12-18,730,2025-12-17,2026-03-12,Screen Malfunction,Screen Malfunction reported by customer.,Electrical Fault,2026-03-14,817,True,True,True,True,0,True,False,False,Invalid
CLM-01190,PRD-01190,Furniture,Sofa,SN-2E307C1736,2024-02-29,1174.32,2024-02-29,1095,2027-02-28,2026-04-12,Material Defect,Material Defect reported by customer.,Accidental Damage,2026-04-15,776,True,True,True,True,0,True,False,True,ManualReview
CLM-00258,PRD-00258,Appliances,Washing Machine,SN-6797321114,2023-02-24,1042.93,2023-02-24,730,2025-02-23,2023-04-26,Thermostat Malfunction,Thermostat Malfunction reported by customer during normal use.,Structural Damage,2023-04-27,62,True,True,True,True,1,True,False,False,Valid
CLM-00336,PRD-00336,Appliances,Refrigerator,SN-E7A074E6F0,2023-10-06,383.47,2023-10-06,730,2025-10-05,2024-03-23,Motor Failure,Motor Failure reported by customer during normal use.,Wear and Tear,2024-03-27,173,True,True,True,True,0,True,False,False,Valid
CLM-01408,PRD-01408,Furniture,Sofa,SN-0641CB0881,2023-02-20,1809.72,2023-02-20,365,2024-02-20,2023-06-11,Upholstery Tear,Not working properly sometimes,Manufacturing Defect,2023-06-12,112,True,True,True,True,0,True,False,False,ManualReview
CLM-01040,PRD-01040,Electronics,Laptop,SN-FA411A4F67,2025-10-23,126.74,2025-10-23,730,2027-10-23,2027-10-15,Software Fault,Software Fault reported by customer.,Manufacturing Defect,2027-10-16,723,True,True,True,True,1,True,False,False,ManualReview
CLM-00516,PRD-00516,Furniture,Sofa,SN-8BE182B44A,2024-02-05,1564.35,2024-02-05,365,2025-02-04,2024-06-04,Joint/Hinge Failure,Joint/Hinge Failure reported by customer.,Cosmetic Damage,2024-06-06,122,True,True,True,True,0,True,True,False,Invalid
CLM-01016,PRD-01016,Electronics,Television,SN-04B55F6343,2023-10-07,2485.07,2023-10-07,365,2024-10-06,2023-12-18,Software Fault,Software Fault reported by customer.,Accidental Damage,2023-12-19,73,True,True,True,True,0,True,False,True,ManualReview
CLM-00769,PRD-00769,Appliances,Dishwasher,SN-00FF238760,2025-03-11,1257.82,2025-03-11,1095,2028-03-10,2026-05-04,Motor Failure,Motor Failure reported by customer.,Manufacturing Defect,2026-05-07,422,True,True,True,False,0,True,False,False,Invalid
CLM-01317,PRD-01317,Electronics,Laptop,SN-7A27828BF3,2023-06-05,602.6,2023-06-05,365,2024-06-04,2023-10-27,Software Fault,Software Fault reported by customer.,Cosmetic Damage,2023-11-01,149,False,True,True,True,0,True,False,False,ManualReview
CLM-00762,PRD-00762,Furniture,Bookshelf,SN-BE7216DA1B,2023-01-13,283.43,2023-01-13,1095,2026-01-12,2025-09-05,Upholstery Tear,Upholstery Tear reported by customer.,Manufacturing Defect,2025-09-08,969,True,True,True,False,0,True,False,False,Invalid
CLM-01103,PRD-01103,Electronics,Laptop,SN-360428AF1B,2025-11-27,2299.74,2025-11-27,730,2027-11-27,2026-11-28,Software Fault,Software Fault reported by customer.,Wear and Tear,2026-11-30,368,True,True,False,True,1,True,False,False,ManualReview
CLM-00522,PRD-00522,Appliances,Air Conditioner,SN-521697B7CF,2023-07-17,1801.6,2023-07-17,730,2025-07-16,2023-10-07,Power Surge Damage,Power Surge Damage - not covered under warranty terms.,Electrical Fault,2023-10-11,86,True,True,True,True,1,True,False,False,Invalid
CLM-00023,PRD-00023,Furniture,Sofa,SN-13BDCAE491,2024-11-18,1834.12,2024-11-18,365,2025-11-18,2025-02-23,Upholstery Tear,Upholstery Tear reported by customer during normal use.,Wear and Tear,2025-02-28,102,True,True,True,True,0,True,False,False,Valid
CLM-00357,PRD-00357,Electronics,Smartphone,SN-D5CE2558A0,2025-10-22,129.34,2025-10-22,730,2027-10-22,2027-08-07,Battery Failure,Battery Failure reported by customer during normal use.,Structural Damage,2027-08-12,659,True,True,True,True,1,True,False,False,Valid
CLM-01272,PRD-01272,Furniture,Dining Table,SN-0F3C447AD9,2023-10-24,1478.91,2023-10-24,365,2024-10-23,2024-04-27,Joint/Hinge Failure,Joint/Hinge Failure reported by customer.,Structural Damage,2024-05-02,191,True,True,False,True,0,True,False,False,ManualReview
CLM-00341,PRD-00341,Electronics,Laptop,SN-2BB029AFFE,2024-09-17,1731.4,2024-09-17,730,2026-09-17,2025-06-13,Overheating,Overheating reported by customer during normal use.,Structural Damage,2025-06-14,270,True,True,True,True,0,True,False,False,Valid
CLM-00432,PRD-00432,Furniture,Bookshelf,SN-B63A98BC02,2026-07-23,1392.12,2026-07-23,1095,2029-07-22,2027-09-10,Upholstery Tear,Upholstery Tear reported by customer during normal use.,Cosmetic Damage,2027-09-12,416,True,True,True,True,1,True,False,False,Valid
CLM-00474,PRD-00474,Furniture,Dining Table,SN-2E6E4CE1FE,2026-02-26,1305.97,2026-02-26,365,2027-02-26,2026-07-11,Upholstery Tear,Upholstery Tear reported by customer during normal use.,Manufacturing Defect,2026-07-13,137,True,True,True,True,0,True,False,False,Valid
CLM-00218,PRD-00218,Electronics,Smartphone,SN-65C89A42C1,2024-06-23,1807.53,2024-06-23,730,2026-06-23,2024-06-28,Battery Failure,Battery Failure reported by customer during normal use.,Cosmetic Damage,2024-07-03,10,True,True,True,True,0,True,False,False,Valid
CLM-00912,PRD-00912,Appliances,Air Conditioner,SN-9FE52DC2F1,2024-04-22,1508.2,2024-04-22,730,2026-04-22,2025-05-17,Power Surge Damage,Power Surge Damage - not covered under warranty terms.,Structural Damage,2025-05-21,394,True,True,True,True,0,True,False,False,Invalid
CLM-01205,PRD-01205,Electronics,Smartphone,SN-DE4B13D1BA,2024-03-12,486.9,2024-03-12,365,2025-03-12,2025-02-06,Overheating,Overheating reported by customer.,Wear and Tear,2025-02-10,335,True,True,True,True,0,True,False,True,ManualReview
CLM-01012,PRD-01012,Electronics,Headphones,SN-6EBACB8EC1,2026-09-02,2002.28,2026-09-02,730,2028-09-01,2027-11-15,Overheating,Overheating reported by customer.,Manufacturing Defect,2027-11-18,442,False,True,True,True,1,True,False,False,ManualReview
CLM-01459,PRD-01459,Appliances,Washing Machine,SN-20D8D1D1F4,2024-09-19,1393.7,2024-09-19,1095,2027-09-19,2026-09-09,Compressor Fault,Not working properly sometimes,Structural Damage,2026-09-13,724,True,True,True,True,1,True,False,False,ManualReview
CLM-00094,PRD-00094,Electronics,Television,SN-C907003BF0,2026-07-17,1237.54,2026-07-17,730,2028-07-16,2027-03-22,Overheating,Overheating reported by customer during normal use.,Cosmetic Damage,2027-03-24,250,True,True,True,True,0,True,False,False,Valid
CLM-01009,PRD-01009,Electronics,Headphones,SN-6C380EE48E,2023-03-30,600.08,2023-03-30,365,2024-03-29,2023-09-20,Overheating,Overheating reported by customer.,Accidental Damage,2023-09-21,175,True,False,True,True,1,True,False,False,ManualReview
CLM-01071,PRD-01071,Furniture,Dining Table,SN-4EF7BC1DA3,2023-03-15,1424.35,2023-03-15,365,2024-03-14,2023-08-26,Material Defect,Makes strange noise occasionally,Structural Damage,2023-08-29,167,True,True,True,True,0,True,False,False,ManualReview
CLM-00697,PRD-00697,Furniture,Office Chair,SN-1FA04B2539,2023-08-10,1411.74,2023-08-10,1095,2026-08-09,2025-03-24,Misuse Damage,Misuse Damage - not covered under warranty terms.,Wear and Tear,2025-03-29,597,True,True,True,True,0,True,False,False,Invalid
CLM-00997,PRD-00997,Electronics,Smartphone,SN-ADA3AB16C3,2024-04-05,145.77,2024-04-05,365,2025-04-05,2024-05-04,Physical Impact Damage,Physical Impact Damage - not covered under warranty terms.,Accidental Damage,2024-05-06,31,True,True,True,True,0,True,False,False,Invalid
CLM-00154,PRD-00154,Electronics,Laptop,SN-941DC43371,2025-02-01,1333.97,2025-02-01,730,2027-02-01,2025-11-18,Charging Port Issue,Charging Port Issue reported by customer during normal use.,Accidental Damage,2025-11-22,294,True,True,True,True,0,True,False,False,Valid
CLM-01300,PRD-01300,Appliances,Air Conditioner,SN-DF972FAB6C,2026-04-10,859.55,2026-04-10,730,2028-04-09,2027-07-18,Electrical Short Circuit,Electrical Short Circuit reported by customer.,Cosmetic Damage,2027-07-23,469,True,True,True,True,0,True,False,True,ManualReview
CLM-01498,PRD-01498,Electronics,Laptop,SN-FCACAB79C5,2023-01-31,1050.91,2023-01-31,365,2024-01-31,2023-12-12,Software Fault,Software Fault reported by customer.,Electrical Fault,2023-12-16,319,True,True,True,True,1,False,False,False,ManualReview
CLM-00790,PRD-00790,Appliances,Air Conditioner,SN-540D207312,2025-07-03,1498.05,2025-07-03,1095,2028-07-02,2028-07-03,Drainage Issue,Drainage Issue reported by customer.,Wear and Tear,2028-07-07,1100,True,True,True,True,1,True,False,False,Invalid
CLM-00581,PRD-00581,Electronics,Headphones,SN-3374B86AD3,2023-02-07,1333.35,2023-02-07,730,2025-02-06,2024-08-24,Physical Impact Damage,Physical Impact Damage - not covered under warranty terms.,Cosmetic Damage,2024-08-28,568,True,True,True,True,1,True,False,False,Invalid
CLM-00704,PRD-00704,Furniture,Dining Table,SN-2F4A7B9D6E,2024-05-25,2075.71,2024-05-25,1095,2027-05-25,2026-05-18,Structural Frame Defect,Structural Frame Defect reported by customer.,Accidental Damage,2026-05-20,725,True,True,True,False,1,True,False,False,Invalid
CLM-01259,PRD-01259,Furniture,Office Chair,SN-6F8C3987D6,2023-11-21,2154.69,2023-11-21,1095,2026-11-20,2026-11-17,Material Defect,Material Defect reported by customer.,Electrical Fault,2026-11-19,1094,True,True,True,True,1,True,False,False,ManualReview
CLM-00488,PRD-00488,Furniture,Sofa,SN-28BCA90C88,2023-06-10,1205.59,2023-06-10,365,2024-06-09,2023-10-25,Structural Frame Defect,Structural Frame Defect reported by customer during normal use.,Manufacturing Defect,2023-10-27,139,True,True,True,True,1,True,False,False,Valid
CLM-00560,PRD-00560,Electronics,Tablet,SN-FED1EFF2EE,2024-03-28,83.65,2024-03-28,365,2025-03-28,2024-04-10,Software Fault,Software Fault reported by customer.,Accidental Damage,2024-04-13,16,True,True,True,True,0,True,True,False,Invalid
CLM-00802,PRD-00802,Furniture,Dining Table,SN-2CF21DD9E3,2025-08-05,1083.22,2025-08-05,365,2026-08-05,2026-03-03,Material Defect,Material Defect reported by customer.,Wear and Tear,2026-03-07,214,True,True,True,True,0,True,True,False,Invalid
CLM-00513,PRD-00513,Appliances,Microwave Oven,SN-116B60F2BF,2026-08-10,705.31,2026-08-10,1095,2029-08-09,2029-07-12,Electrical Short Circuit,Electrical Short Circuit reported by customer.,Accidental Damage,2029-07-16,1071,True,True,True,True,1,True,True,False,Invalid
CLM-00634,PRD-00634,Furniture,Dining Table,SN-C867594C4D,2024-12-09,1937.4,2024-12-09,1095,2027-12-09,2026-02-13,Upholstery Tear,Upholstery Tear reported by customer.,Cosmetic Damage,2026-02-18,436,True,True,True,True,0,True,True,False,Invalid
CLM-01111,PRD-01111,Furniture,Bookshelf,SN-1C85898E88,2026-07-23,552.41,2026-07-23,365,2027-07-23,2026-11-17,Upholstery Tear,"Stopped working, not sure why",Structural Damage,2026-11-19,119,True,True,True,True,0,True,False,False,ManualReview
CLM-01472,PRD-01472,Electronics,Tablet,SN-D40D8B8A6A,2025-01-30,1265.56,2025-01-30,365,2026-01-30,2025-12-21,Charging Port Issue,Charging Port Issue reported by customer.,Manufacturing Defect,2025-12-26,330,True,True,True,True,1,True,False,True,ManualReview
CLM-00791,PRD-00791,Furniture,Office Chair,SN-5EDD6EBFEB,2024-02-16,2237.55,2024-02-16,365,2025-02-15,2025-07-22,Material Defect,Material Defect reported by customer.,Electrical Fault,2025-07-25,525,True,True,True,True,1,True,False,False,Invalid
CLM-00117,PRD-00117,Furniture,Sofa,SN-A9ED9D260B,2026-07-22,790.37,2026-07-22,1095,2029-07-21,2026-10-26,Upholstery Tear,Upholstery Tear reported by customer during normal use.,Manufacturing Defect,2026-10-27,97,True,True,True,True,1,True,False,False,Valid
CLM-00741,PRD-00741,Furniture,Dining Table,SN-E950DA0622,2026-06-23,1523.02,2026-06-23,1095,2029-06-22,2029-08-10,Upholstery Tear,Upholstery Tear reported by customer.,Wear and Tear,2029-08-11,1145,True,True,True,True,1,True,False,False,Invalid
CLM-01082,PRD-01082,Appliances,Washing Machine,SN-3C2813CB81,2022-09-12,1692.72,2022-09-12,730,2024-09-11,2022-12-30,Thermostat Malfunction,Thermostat Malfunction reported by customer.,Electrical Fault,2023-01-02,112,True,True,True,True,1,False,False,False,ManualReview
CLM-00831,PRD-00831,Appliances,Washing Machine,SN-FDC08701AC,2023-06-04,964.6,2023-06-04,730,2025-06-03,2024-09-12,Drainage Issue,Drainage Issue reported by customer.,Wear and Tear,2024-09-13,467,True,True,True,True,0,True,True,False,Invalid
CLM-00120,PRD-00120,Furniture,Office Chair,SN-76A9570DE6,2025-02-10,1139.5,2025-02-10,365,2026-02-10,2025-08-17,Structural Frame Defect,Structural Frame Defect reported by customer during normal use.,Accidental Damage,2025-08-22,193,True,True,True,True,0,True,False,False,Valid
CLM-00657,PRD-00657,Appliances,Refrigerator,SN-E38E120AAF,2025-12-13,474.95,2025-12-13,730,2027-12-13,2027-02-14,Compressor Fault,Compressor Fault reported by customer.,Manufacturing Defect,2027-02-16,430,True,True,True,False,0,True,False,False,Invalid
CLM-00636,PRD-00636,Appliances,Air Conditioner,SN-3479D47791,2024-10-02,1724.6,2024-10-02,730,2026-10-02,2026-03-30,Compressor Fault,Compressor Fault reported by customer.,Electrical Fault,2026-04-03,548,True,True,True,False,1,True,False,False,Invalid
CLM-00370,PRD-00370,Electronics,Television,SN-05110B83B6,2025-12-06,607.41,2025-12-06,730,2027-12-06,2027-02-07,Overheating,Overheating reported by customer during normal use.,Electrical Fault,2027-02-12,433,True,True,True,True,0,True,False,False,Valid
CLM-00269,PRD-00269,Electronics,Television,SN-2926809F13,2024-10-19,1958.96,2024-10-19,730,2026-10-19,2025-04-11,Overheating,Overheating reported by customer during normal use.,Structural Damage,2025-04-15,178,True,True,True,True,0,True,False,False,Valid
CLM-00656,PRD-00656,Electronics,Smartphone,SN-E7C9CC7D5B,2025-01-05,876.49,2025-01-05,365,2026-01-05,2026-05-23,Overheating,Overheating reported by customer.,Accidental Damage,2026-05-25,505,True,True,True,True,1,True,False,False,Invalid
CLM-00936,PRD-00936,Furniture,Bookshelf,SN-FB6822DBFD,2026-03-27,890.9,2026-03-27,365,2027-03-27,2026-07-21,Upholstery Tear,Upholstery Tear reported by customer.,Cosmetic Damage,2026-07-24,119,True,True,True,True,1,True,True,False,Invalid
CLM-00823,PRD-00823,Furniture,Bookshelf,SN-1B64A509C9,2025-10-27,1328.3,2025-10-27,365,2026-10-27,2027-04-09,Structural Frame Defect,Structural Frame Defect reported by customer.,Structural Damage,2027-04-14,534,True,True,True,True,1,True,False,False,Invalid
CLM-00867,PRD-00867,Furniture,Bed Frame,SN-C715421C72,2024-06-06,1795.59,2024-06-06,365,2025-06-06,2024-10-21,Material Defect,Material Defect reported by customer.,Cosmetic Damage,2024-10-26,142,True,True,True,True,1,True,True,False,Invalid
CLM-00047,PRD-00047,Furniture,Office Chair,SN-143FBDE8AD,2024-06-15,1035.88,2024-06-15,1095,2027-06-15,2025-07-13,Upholstery Tear,Upholstery Tear reported by customer during normal use.,Structural Damage,2025-07-17,397,True,True,True,True,1,True,False,False,Valid
CLM-01291,PRD-01291,Furniture,Dining Table,SN-A440A6C663,2026-02-01,1282.21,2026-02-01,365,2027-02-01,2026-04-26,Upholstery Tear,Upholstery Tear reported by customer.,Manufacturing Defect,2026-04-29,87,True,True,False,True,1,True,False,False,ManualReview
CLM-00992,PRD-00992,Electronics,Laptop,SN-E932CEB619,2024-12-20,1398.71,2024-12-20,365,2025-12-20,2025-08-10,Charging Port Issue,Charging Port Issue reported by customer.,Structural Damage,2025-08-11,234,True,True,True,False,1,True,False,False,Invalid
CLM-00877,PRD-00877,Furniture,Sofa,SN-EA14CCA920,2023-05-28,1464.9,2023-05-28,1095,2026-05-27,2026-11-09,Material Defect,Material Defect reported by customer.,Accidental Damage,2026-11-12,1264,True,True,True,True,0,True,False,False,Invalid
CLM-00774,PRD-00774,Appliances,Washing Machine,SN-B93242AD80,2025-09-10,2382.16,2025-09-10,730,2027-09-10,2026-03-14,Electrical Short Circuit,Electrical Short Circuit reported by customer.,Manufacturing Defect,2026-03-16,187,True,True,True,True,1,True,True,False,Invalid
CLM-01500,PRD-01500,Appliances,Dishwasher,SN-535F9CE719,2024-09-18,404.06,2024-09-18,730,2026-09-18,2025-11-08,Compressor Fault,Makes strange noise occasionally,Structural Damage,2025-11-10,418,True,True,True,True,0,True,False,False,ManualReview
CLM-00005,PRD-00005,Appliances,Washing Machine,SN-C47F8659AB,2025-08-19,355.82,2025-08-19,1095,2028-08-18,2027-04-11,Drainage Issue,Drainage Issue reported by customer during normal use.,Manufacturing Defect,2027-04-16,605,True,True,True,True,1,True,False,False,Valid
CLM-01004,PRD-01004,Furniture,Bed Frame,SN-761AE3E7D0,2026-09-08,1340.61,2026-09-08,365,2027-09-08,2027-03-27,Material Defect,Material Defect reported by customer.,Structural Damage,2027-03-28,201,False,True,True,True,0,True,False,False,ManualReview
CLM-01302,PRD-01302,Appliances,Refrigerator,SN-67610A6015,2023-11-16,1481.72,2023-11-16,1095,2026-11-15,2025-11-11,Compressor Fault,Makes strange noise occasionally,Structural Damage,2025-11-16,731,True,True,True,True,1,True,False,False,ManualReview
CLM-00264,PRD-00264,Electronics,Television,SN-44453ED71E,2024-06-15,122.58,2024-06-15,730,2026-06-15,2025-02-05,Software Fault,Software Fault reported by customer during normal use.,Electrical Fault,2025-02-08,238,True,True,True,True,1,True,False,False,Valid
CLM-01334,PRD-01334,Furniture,Bookshelf,SN-B805CDD5C3,2023-12-24,2179.94,2023-12-24,1095,2026-12-23,2024-04-22,Material Defect,"Stopped working, not sure why",Cosmetic Damage,2024-04-23,121,True,True,True,True,1,True,False,False,ManualReview
CLM-01443,PRD-01443,Electronics,Smartphone,SN-0AD979018E,2024-10-18,2021.36,2024-10-18,365,2025-10-18,2025-10-09,Charging Port Issue,Charging Port Issue reported by customer.,Wear and Tear,2025-10-11,358,True,True,True,True,0,True,False,True,ManualReview
CLM-00444,PRD-00444,Electronics,Television,SN-DB925D5F30,2023-10-27,1675.17,2023-10-27,365,2024-10-26,2024-02-15,Charging Port Issue,Charging Port Issue reported by customer during normal use.,Accidental Damage,2024-02-20,116,True,True,True,True,1,True,False,False,Valid
CLM-01003,PRD-01003,Electronics,Television,SN-6482BB152A,2023-08-15,2052.87,2023-08-15,365,2024-08-14,2024-03-23,Screen Malfunction,Screen Malfunction reported by customer.,Manufacturing Defect,2024-03-25,223,True,True,True,True,2,False,False,False,ManualReview
CLM-01078,PRD-01078,Furniture,Office Chair,SN-EEE63DD7FB,2026-06-26,2176.64,2026-06-26,365,2027-06-26,2026-12-02,Structural Frame Defect,Structural Frame Defect reported by customer.,Manufacturing Defect,2026-12-03,160,True,False,True,True,1,True,False,False,ManualReview
CLM-00838,PRD-00838,Appliances,Air Conditioner,SN-BEE78B5468,2024-10-17,484.11,2024-10-17,1095,2027-10-17,2025-11-17,Electrical Short Circuit,Electrical Short Circuit reported by customer.,Manufacturing Defect,2025-11-21,400,True,True,True,True,0,True,True,False,Invalid
CLM-01340,PRD-01340,Appliances,Microwave Oven,SN-0FC1007665,2026-06-15,892.92,2026-06-15,1095,2029-06-14,2028-04-10,Motor Failure,"Stopped working, not sure why",Accidental Damage,2028-04-14,669,True,True,True,True,0,True,False,False,ManualReview
CLM-00305,PRD-00305,Furniture,Bookshelf,SN-AFCEDAB80C,2025-10-19,2138.44,2025-10-19,365,2026-10-19,2025-11-15,Structural Frame Defect,Structural Frame Defect reported by customer during normal use.,Cosmetic Damage,2025-11-16,28,True,True,True,True,1,True,False,False,Valid
CLM-01175,PRD-01175,Electronics,Tablet,SN-356979CE84,2026-03-08,1586.85,2026-03-08,365,2027-03-08,2026-07-01,Software Fault,Software Fault reported by customer.,Wear and Tear,2026-07-03,117,True,True,True,True,0,True,False,True,ManualReview
CLM-00314,PRD-00314,Appliances,Refrigerator,SN-C632A43151,2024-03-06,1629.32,2024-03-06,730,2026-03-06,2025-11-10,Drainage Issue,Drainage Issue reported by customer during normal use.,Structural Damage,2025-11-15,619,True,True,True,True,0,True,False,False,Valid
CLM-00150,PRD-00150,Electronics,Headphones,SN-574BE7D0F4,2026-03-02,791.91,2026-03-02,730,2028-03-01,2027-02-25,Screen Malfunction,Screen Malfunction reported by customer during normal use.,Structural Damage,2027-03-02,365,True,True,True,True,1,True,False,False,Valid
CLM-00575,PRD-00575,Appliances,Dishwasher,SN-FDC87A8A09,2026-06-25,845.99,2026-06-25,1095,2029-06-24,2026-09-18,Thermostat Malfunction,Thermostat Malfunction reported by customer.,Wear and Tear,2026-09-23,90,True,True,True,True,1,True,True,False,Invalid
CLM-00051,PRD-00051,Electronics,Smartphone,SN-3A957F9A88,2023-12-31,2460.64,2023-12-31,365,2024-12-30,2024-11-17,Software Fault,Software Fault reported by customer during normal use.,Electrical Fault,2024-11-22,327,True,True,True,True,0,True,False,False,Valid
CLM-01415,PRD-01415,Appliances,Microwave Oven,SN-3DBA138E88,2024-09-13,1274.25,2024-09-13,1095,2027-09-13,2025-12-24,Compressor Fault,Compressor Fault reported by customer.,Accidental Damage,2025-12-29,472,True,True,True,True,1,True,False,True,ManualReview
CLM-00727,PRD-00727,Appliances,Air Conditioner,SN-D300269FC7,2024-05-17,1803.52,2024-05-17,730,2026-05-17,2026-04-18,Drainage Issue,Drainage Issue reported by customer.,Manufacturing Defect,2026-04-23,706,True,True,True,True,1,True,True,False,Invalid
CLM-00834,PRD-00834,Electronics,Headphones,SN-D79FE81FE7,2023-05-30,1826.43,2023-05-30,365,2024-05-29,2024-02-14,Unauthorized Modification,Unauthorized Modification - not covered under warranty terms.,Electrical Fault,2024-02-17,263,True,True,True,True,1,True,False,False,Invalid
CLM-01116,PRD-01116,Appliances,Microwave Oven,SN-1F7988B66F,2025-12-04,1257.76,2025-12-04,730,2027-12-04,2027-03-25,Motor Failure,Performance seems inconsistent,Electrical Fault,2027-03-29,480,True,True,True,True,1,True,False,False,ManualReview
CLM-00471,PRD-00471,Electronics,Headphones,SN-A3B16B6BD1,2023-12-01,238.87,2023-12-01,365,2024-11-30,2024-03-08,Battery Failure,Battery Failure reported by customer during normal use.,Wear and Tear,2024-03-10,100,True,True,True,True,1,True,False,False,Valid
CLM-00972,PRD-00972,Electronics,Television,SN-3DACE39973,2025-08-25,2134.4,2025-08-25,365,2026-08-25,2026-01-24,Software Fault,Software Fault reported by customer.,Accidental Damage,2026-01-27,155,True,True,True,False,0,True,False,False,Invalid
CLM-00654,PRD-00654,Electronics,Laptop,SN-D0D01D782B,2026-04-17,96.7,2026-04-17,730,2028-04-16,2026-10-14,Water Damage,Water Damage - not covered under warranty terms.,Wear and Tear,2026-10-15,181,True,True,True,True,0,True,False,False,Invalid
CLM-00400,PRD-00400,Furniture,Dining Table,SN-87849C63D1,2022-09-14,2235.42,2022-09-14,1095,2025-09-13,2024-02-08,Structural Frame Defect,Structural Frame Defect reported by customer during normal use.,Manufacturing Defect,2024-02-10,514,True,True,True,True,0,True,False,False,Valid
CLM-00512,PRD-00512,Furniture,Office Chair,SN-39B4F72756,2026-03-01,1550.16,2026-03-01,1095,2029-02-28,2029-05-25,Upholstery Tear,Upholstery Tear reported by customer.,Manufacturing Defect,2029-05-27,1183,True,True,True,True,1,True,False,False,Invalid
CLM-00321,PRD-00321,Electronics,Smartphone,SN-F1AD4F645F,2023-04-11,1160.76,2023-04-11,730,2025-04-10,2023-08-15,Battery Failure,Battery Failure reported by customer during normal use.,Accidental Damage,2023-08-16,127,True,True,True,True,0,True,False,False,Valid
CLM-00020,PRD-00020,Electronics,Smartphone,SN-A762F3ED4D,2026-08-05,1596.2,2026-08-05,365,2027-08-05,2027-01-25,Screen Malfunction,Screen Malfunction reported by customer during normal use.,Manufacturing Defect,2027-01-26,174,True,True,True,True,0,True,False,False,Valid
CLM-00685,PRD-00685,Appliances,Refrigerator,SN-AF92205655,2024-09-16,2428.27,2024-09-16,1095,2027-09-16,2027-04-10,Electrical Short Circuit,Electrical Short Circuit reported by customer.,Wear and Tear,2027-04-12,938,True,True,True,False,0,True,False,False,Invalid
CLM-00036,PRD-00036,Electronics,Headphones,SN-19ECF262BA,2022-11-15,58.69,2022-11-15,730,2024-11-14,2023-04-30,Charging Port Issue,Charging Port Issue reported by customer during normal use.,Cosmetic Damage,2023-05-04,170,True,True,True,True,0,True,False,False,Valid
CLM-00903,PRD-00903,Furniture,Bookshelf,SN-4616C3C595,2024-10-08,1302.01,2024-10-08,1095,2027-10-08,2027-10-09,Upholstery Tear,Upholstery Tear reported by customer.,Structural Damage,2027-10-14,1101,True,True,True,True,0,True,False,False,Invalid
CLM-00828,PRD-00828,Appliances,Microwave Oven,SN-2A59AFAEE1,2024-09-24,2356.86,2024-09-24,1095,2027-09-24,2026-01-22,Improper Installation Damage,Improper Installation Damage - not covered under warranty terms.,Manufacturing Defect,2026-01-26,489,True,True,True,True,0,True,False,False,Invalid
CLM-01345,PRD-01345,Furniture,Sofa,SN-3499701596,2023-02-24,271.83,2023-02-24,365,2024-02-24,2023-11-25,Joint/Hinge Failure,Joint/Hinge Failure reported by customer.,Accidental Damage,2023-11-28,277,True,True,True,True,2,False,False,False,ManualReview
CLM-00408,PRD-00408,Electronics,Television,SN-0C7986E2C2,2023-03-22,1269.46,2023-03-22,365,2024-03-21,2023-07-05,Overheating,Overheating reported by customer during normal use.,Accidental Damage,2023-07-08,108,True,True,True,True,0,True,False,False,Valid
CLM-00921,PRD-00921,Appliances,Refrigerator,SN-B35439A1C9,2023-10-20,2328.54,2023-10-20,1095,2026-10-19,2024-09-29,Motor Failure,Motor Failure reported by customer.,Cosmetic Damage,2024-10-03,349,True,True,True,False,1,True,False,False,Invalid
CLM-00538,PRD-00538,Appliances,Dishwasher,SN-E5A217C9DC,2024-06-03,1816.46,2024-06-03,730,2026-06-03,2024-11-07,Drainage Issue,Drainage Issue reported by customer.,Wear and Tear,2024-11-12,162,True,True,True,True,1,True,True,False,Invalid
CLM-00759,PRD-00759,Electronics,Headphones,SN-2EFC3D1240,2025-12-27,578.14,2025-12-27,365,2026-12-27,2026-03-30,Physical Impact Damage,Physical Impact Damage - not covered under warranty terms.,Cosmetic Damage,2026-04-03,97,True,True,True,True,1,True,False,False,Invalid
CLM-01063,PRD-01063,Electronics,Laptop,SN-921EA13338,2023-04-23,522.47,2023-04-23,730,2025-04-22,2024-10-01,Overheating,Overheating reported by customer.,Structural Damage,2024-10-03,529,False,True,True,True,0,True,False,False,ManualReview
CLM-00246,PRD-00246,Furniture,Sofa,SN-BB73A47CFB,2023-09-06,2021.39,2023-09-06,365,2024-09-05,2024-02-25,Upholstery Tear,Upholstery Tear reported by customer during normal use.,Electrical Fault,2024-02-28,175,True,True,True,True,0,True,False,False,Valid
CLM-01128,PRD-01128,Appliances,Air Conditioner,SN-A473F79191,2023-01-09,1444.42,2023-01-09,1095,2026-01-08,2026-01-03,Motor Failure,Motor Failure reported by customer.,Structural Damage,2026-01-04,1091,True,True,True,True,0,True,False,False,ManualReview
CLM-00785,PRD-00785,Furniture,Bookshelf,SN-C56B5276FC,2026-07-01,1700.82,2026-07-01,1095,2029-06-30,2029-08-03,Upholstery Tear,Upholstery Tear reported by customer.,Accidental Damage,2029-08-04,1130,True,True,True,True,1,True,False,False,Invalid
CLM-00490,PRD-00490,Electronics,Laptop,SN-5E7BC00FA0,2025-02-01,76.24,2025-02-01,730,2027-02-01,2026-10-07,Screen Malfunction,Screen Malfunction reported by customer during normal use.,Wear and Tear,2026-10-12,618,True,True,True,True,1,True,False,False,Valid
CLM-00155,PRD-00155,Appliances,Microwave Oven,SN-95EB73DDB4,2026-03-01,1635.9,2026-03-01,730,2028-02-29,2027-09-24,Motor Failure,Motor Failure reported by customer during normal use.,Accidental Damage,2027-09-28,576,True,True,True,True,0,True,False,False,Valid
CLM-00962,PRD-00962,Appliances,Refrigerator,SN-199D14EFE3,2024-02-28,74.17,2024-02-28,730,2026-02-27,2024-07-06,Motor Failure,Motor Failure reported by customer.,Wear and Tear,2024-07-08,131,True,True,True,True,1,True,True,False,Invalid
CLM-00854,PRD-00854,Electronics,Television,SN-DAE971D6A8,2025-07-02,2401.37,2025-07-02,730,2027-07-02,2026-10-27,Water Damage,Water Damage - not covered under warranty terms.,Accidental Damage,2026-10-30,485,True,True,True,True,1,True,False,False,Invalid
CLM-00626,PRD-00626,Furniture,Bookshelf,SN-57FF15E36F,2024-12-05,2320.08,2024-12-05,1095,2027-12-05,2028-05-31,Material Defect,Material Defect reported by customer.,Manufacturing Defect,2028-06-03,1276,True,True,True,True,1,True,False,False,Invalid
CLM-00686,PRD-00686,Furniture,Dining Table,SN-397B45635E,2023-08-25,2434.35,2023-08-25,1095,2026-08-24,2023-11-19,Accidental Damage,Accidental Damage - not covered under warranty terms.,Wear and Tear,2023-11-22,89,True,True,True,True,0,True,False,False,Invalid
CLM-00570,PRD-00570,Appliances,Washing Machine,SN-CD1EC228E7,2023-08-29,828.11,2023-08-29,730,2025-08-28,2025-12-08,Electrical Short Circuit,Electrical Short Circuit reported by customer.,Cosmetic Damage,2025-12-12,836,True,True,True,True,0,True,False,False,Invalid
CLM-01427,PRD-01427,Electronics,Smartphone,SN-EB22942015,2024-08-15,2070.85,2024-08-15,730,2026-08-15,2025-07-09,Charging Port Issue,Charging Port Issue reported by customer.,Structural Damage,2025-07-13,332,True,True,True,True,2,False,False,False,ManualReview
CLM-00018,PRD-00018,Appliances,Dishwasher,SN-B28E76AFFA,2023-10-24,2325.84,2023-10-24,1095,2026-10-23,2026-01-20,Electrical Short Circuit,Electrical Short Circuit reported by customer during normal use.,Cosmetic Damage,2026-01-23,822,True,True,True,True,0,True,False,False,Valid
CLM-00128,PRD-00128,Electronics,Smartphone,SN-038249C9BF,2026-01-13,413.42,2026-01-13,730,2028-01-13,2027-10-23,Overheating,Overheating reported by customer during normal use.,Accidental Damage,2027-10-28,653,True,True,True,True,0,True,False,False,Valid
CLM-00928,PRD-00928,Appliances,Refrigerator,SN-0055ADD8BE,2026-05-10,1026.25,2026-05-10,1095,2029-05-09,2026-05-17,Motor Failure,Motor Failure reported by customer.,Accidental Damage,2026-05-21,11,True,True,True,False,0,True,False,False,Invalid
CLM-00981,PRD-00981,Furniture,Dining Table,SN-9CE3D9E557,2026-06-06,2083.1,2026-06-06,365,2027-06-06,2027-10-04,Material Defect,Material Defect reported by customer.,Structural Damage,2027-10-07,488,True,True,True,True,1,True,False,False,Invalid
CLM-01470,PRD-01470,Electronics,Laptop,SN-4147FE92B7,2023-09-28,1231.26,2023-09-28,365,2024-09-27,2024-04-11,Battery Failure,"Stopped working, not sure why",Manufacturing Defect,2024-04-12,197,True,True,True,True,0,True,False,False,ManualReview
CLM-00191,PRD-00191,Furniture,Bookshelf,SN-485470489B,2023-05-08,1109.91,2023-05-08,365,2024-05-07,2023-10-13,Upholstery Tear,Upholstery Tear reported by customer during normal use.,Manufacturing Defect,2023-10-15,160,True,True,True,True,0,True,False,False,Valid
CLM-01140,PRD-01140,Appliances,Refrigerator,SN-E6CDE236E9,2024-05-31,1759.54,2024-05-31,1095,2027-05-31,2027-05-24,Thermostat Malfunction,Thermostat Malfunction reported by customer.,Manufacturing Defect,2027-05-25,1089,True,True,True,True,0,True,False,False,ManualReview
CLM-00993,PRD-00993,Appliances,Washing Machine,SN-C7EAF73B0B,2024-12-22,1333.22,2024-12-22,1095,2027-12-22,2026-08-11,Compressor Fault,Compressor Fault reported by customer.,Wear and Tear,2026-08-12,598,True,True,True,False,0,True,False,False,Invalid
CLM-01464,PRD-01464,Electronics,Headphones,SN-8D1CB6DAFB,2025-06-05,833.1,2025-06-05,365,2026-06-05,2026-03-11,Software Fault,Performance seems inconsistent,Accidental Damage,2026-03-12,280,True,True,True,True,0,True,False,False,ManualReview
CLM-01252,PRD-01252,Electronics,Tablet,SN-BCDB585F7A,2026-08-14,1542.82,2026-08-14,730,2028-08-13,2027-07-16,Overheating,Performance seems inconsistent,Structural Damage,2027-07-21,341,True,True,True,True,1,True,False,False,ManualReview
CLM-00607,PRD-00607,Electronics,Laptop,SN-3FA28A4348,2024-05-15,1552.49,2024-05-15,365,2025-05-15,2024-07-24,Screen Malfunction,Screen Malfunction reported by customer.,Structural Damage,2024-07-25,71,True,True,True,True,1,True,True,False,Invalid
CLM-00181,PRD-00181,Electronics,Headphones,SN-A4F125FB03,2025-07-02,2012.69,2025-07-02,730,2027-07-02,2027-03-17,Battery Failure,Battery Failure reported by customer during normal use.,Manufacturing Defect,2027-03-21,627,True,True,True,True,0,True,False,False,Valid
CLM-00302,PRD-00302,Appliances,Air Conditioner,SN-BA88540ED2,2026-03-06,1996.77,2026-03-06,730,2028-03-05,2026-12-17,Drainage Issue,Drainage Issue reported by customer during normal use.,Electrical Fault,2026-12-20,289,True,True,True,True,0,True,False,False,Valid
CLM-00497,PRD-00497,Appliances,Refrigerator,SN-86C9B7757F,2024-05-24,1060.44,2024-05-24,730,2026-05-24,2024-06-04,Drainage Issue,Drainage Issue reported by customer during normal use.,Structural Damage,2024-06-07,14,True,True,True,True,1,True,False,False,Valid
CLM-01315,PRD-01315,Appliances,Washing Machine,SN-AB925AF170,2025-04-17,1187.86,2025-04-17,730,2027-04-17,2026-12-29,Compressor Fault,"Stopped working, not sure why",Structural Damage,2026-12-30,622,True,True,True,True,1,True,False,False,ManualReview
CLM-01256,PRD-01256,Furniture,Bed Frame,SN-C571D70797,2022-10-03,1890.9,2022-10-03,1095,2025-10-02,2024-11-09,Upholstery Tear,Makes strange noise occasionally,Structural Damage,2024-11-14,773,True,True,True,True,1,True,False,False,ManualReview
CLM-01238,PRD-01238,Appliances,Microwave Oven,SN-1F89D7264E,2026-05-30,2062.12,2026-05-30,1095,2029-05-29,2027-04-30,Compressor Fault,"Minor issue, hard to describe",Accidental Damage,2027-05-04,339,True,True,True,True,0,True,False,False,ManualReview
CLM-00518,PRD-00518,Appliances,Dishwasher,SN-AB7C5ECD03,2025-09-13,1139.87,2025-09-13,1095,2028-09-12,2028-02-20,Drainage Issue,Drainage Issue reported by customer.,Structural Damage,2028-02-25,895,True,True,True,True,0,True,True,False,Invalid
CLM-01070,PRD-01070,Furniture,Sofa,SN-0CFDF9B18C,2023-10-28,1190.17,2023-10-28,1095,2026-10-27,2025-12-27,Structural Frame Defect,Structural Frame Defect reported by customer.,Wear and Tear,2025-12-30,794,True,True,True,True,1,True,False,True,ManualReview
CLM-00477,PRD-00477,Appliances,Refrigerator,SN-53EBE36CA0,2025-03-02,1511.51,2025-03-02,1095,2028-03-01,2027-05-03,Thermostat Malfunction,Thermostat Malfunction reported by customer during normal use.,Wear and Tear,2027-05-05,794,True,True,True,True,0,True,False,False,Valid
CLM-00158,PRD-00158,Furniture,Office Chair,SN-3A7B781568,2024-08-28,806.72,2024-08-28,365,2025-08-28,2024-12-07,Material Defect,Material Defect reported by customer during normal use.,Accidental Damage,2024-12-09,103,True,True,True,True,0,True,False,False,Valid
CLM-01196,PRD-01196,Appliances,Refrigerator,SN-F31EFA427F,2025-09-07,1274.55,2025-09-07,1095,2028-09-06,2028-07-26,Thermostat Malfunction,Not working properly sometimes,Accidental Damage,2028-07-31,1058,True,True,True,True,0,True,False,False,ManualReview
CLM-00017,PRD-00017,Electronics,Smartphone,SN-134D02B014,2023-01-05,2446.06,2023-01-05,730,2025-01-04,2024-07-23,Software Fault,Software Fault reported by customer during normal use.,Wear and Tear,2024-07-25,567,True,True,True,True,0,True,False,False,Valid
CLM-01073,PRD-01073,Appliances,Dishwasher,SN-ED6F2350EC,2023-12-14,1462.21,2023-12-14,1095,2026-12-13,2026-07-18,Motor Failure,Motor Failure reported by customer.,Manufacturing Defect,2026-07-21,950,True,True,True,True,1,True,False,True,ManualReview
CLM-00547,PRD-00547,Electronics,Tablet,SN-DACB7E95CD,2024-09-23,1925.99,2024-09-23,365,2025-09-23,2025-04-18,Software Fault,Software Fault reported by customer.,Accidental Damage,2025-04-19,208,True,True,True,True,1,True,True,False,Invalid
CLM-00659,PRD-00659,Electronics,Headphones,SN-A0EA888731,2022-08-30,67.7,2022-08-30,365,2023-08-30,2023-05-03,Software Fault,Software Fault reported by customer.,Cosmetic Damage,2023-05-05,248,True,True,True,False,0,True,False,False,Invalid
CLM-01227,PRD-01227,Appliances,Microwave Oven,SN-25FC7051BA,2026-04-04,2262.3,2026-04-04,1095,2029-04-03,2029-03-28,Compressor Fault,Compressor Fault reported by customer.,Accidental Damage,2029-03-29,1090,True,True,True,True,0,True,False,False,ManualReview
CLM-01020,PRD-01020,Electronics,Smartphone,SN-0C1438B18F,2023-06-19,1925.27,2023-06-19,730,2025-06-18,2025-06-05,Overheating,Overheating reported by customer.,Cosmetic Damage,2025-06-08,720,True,True,True,True,2,False,False,False,ManualReview
CLM-01319,PRD-01319,Appliances,Refrigerator,SN-D336AAC2CF,2024-12-28,968.19,2024-12-28,1095,2027-12-28,2025-04-08,Thermostat Malfunction,Thermostat Malfunction reported by customer.,Structural Damage,2025-04-10,103,False,True,True,True,0,True,False,False,ManualReview
CLM-00960,PRD-00960,Furniture,Bookshelf,SN-5DFD6EE2C6,2024-12-23,2062.84,2024-12-23,365,2025-12-23,2025-10-31,Structural Frame Defect,Structural Frame Defect reported by customer.,Electrical Fault,2025-11-02,314,True,True,True,True,1,True,True,False,Invalid
CLM-01410,PRD-01410,Appliances,Refrigerator,SN-6A8C91DEE4,2023-01-26,480.83,2023-01-26,730,2025-01-25,2024-09-09,Drainage Issue,Drainage Issue reported by customer.,Accidental Damage,2024-09-11,594,True,True,True,True,3,False,False,False,ManualReview
CLM-00284,PRD-00284,Furniture,Sofa,SN-33132AE5D7,2023-12-29,1314.19,2023-12-29,365,2024-12-28,2024-08-24,Material Defect,Material Defect reported by customer during normal use.,Accidental Damage,2024-08-26,241,True,True,True,True,0,True,False,False,Valid
CLM-00798,PRD-00798,Appliances,Refrigerator,SN-2ACCA222EC,2026-08-02,173.53,2026-08-02,730,2028-08-01,2028-12-31,Motor Failure,Motor Failure reported by customer.,Electrical Fault,2029-01-05,887,True,True,True,True,1,True,False,False,Invalid
CLM-00226,PRD-00226,Appliances,Microwave Oven,SN-40E4D7CBC5,2024-04-26,1477.03,2024-04-26,1095,2027-04-26,2025-08-26,Electrical Short Circuit,Electrical Short Circuit reported by customer during normal use.,Accidental Damage,2025-08-27,488,True,True,True,True,0,True,False,False,Valid
CLM-00027,PRD-00027,Furniture,Bookshelf,SN-244A8FB1AC,2023-06-30,515.25,2023-06-30,1095,2026-06-29,2025-04-06,Structural Frame Defect,Structural Frame Defect reported by customer during normal use.,Manufacturing Defect,2025-04-07,647,True,True,True,True,0,True,False,False,Valid
CLM-00438,PRD-00438,Appliances,Air Conditioner,SN-B8F3B491EE,2026-06-20,816.0,2026-06-20,1095,2029-06-19,2027-08-09,Electrical Short Circuit,Electrical Short Circuit reported by customer during normal use.,Manufacturing Defect,2027-08-14,420,True,True,True,True,0,True,False,False,Valid
CLM-01458,PRD-01458,Appliances,Washing Machine,SN-8D24295997,2025-07-16,304.35,2025-07-16,730,2027-07-16,2026-03-07,Compressor Fault,Compressor Fault reported by customer.,Accidental Damage,2026-03-10,237,True,True,True,True,0,True,False,True,ManualReview
CLM-00230,PRD-00230,Electronics,Tablet,SN-FEAD507CC2,2022-12-21,2080.5,2022-12-21,365,2023-12-21,2023-03-10,Overheating,Overheating reported by customer during normal use.,Structural Damage,2023-03-12,81,True,True,True,True,0,True,False,False,Valid
CLM-00038,PRD-00038,Furniture,Dining Table,SN-C7C8E8E608,2023-05-05,152.48,2023-05-05,1095,2026-05-04,2024-07-11,Joint/Hinge Failure,Joint/Hinge Failure reported by customer during normal use.,Manufacturing Defect,2024-07-13,435,True,True,True,True,1,True,False,False,Valid
CLM-00750,PRD-00750,Electronics,Headphones,SN-2EEFEF71A1,2024-04-24,271.11,2024-04-24,730,2026-04-24,2025-07-19,Water Damage,Water Damage - not covered under warranty terms.,Accidental Damage,2025-07-22,454,True,True,True,True,0,True,False,False,Invalid
CLM-01046,PRD-01046,Furniture,Dining Table,SN-3E3BB69D04,2026-07-13,1387.91,2026-07-13,1095,2029-07-12,2028-06-27,Upholstery Tear,Makes strange noise occasionally,Structural Damage,2028-06-29,717,True,True,True,True,0,True,False,False,ManualReview
CLM-00470,PRD-00470,Appliances,Refrigerator,SN-45A6988A69,2024-08-08,2052.23,2024-08-08,1095,2027-08-08,2024-08-21,Thermostat Malfunction,Thermostat Malfunction reported by customer during normal use.,Electrical Fault,2024-08-26,18,True,True,True,True,1,True,False,False,Valid
CLM-01279,PRD-01279,Appliances,Washing Machine,SN-0BA20CB9A9,2023-11-26,647.65,2023-11-26,730,2025-11-25,2024-01-19,Drainage Issue,Drainage Issue reported by customer.,Electrical Fault,2024-01-22,57,True,True,False,True,1,True,False,False,ManualReview
CLM-01473,PRD-01473,Electronics,Headphones,SN-420D488D9E,2022-10-24,733.31,2022-10-24,730,2024-10-23,2023-07-22,Screen Malfunction,Screen Malfunction reported by customer.,Manufacturing Defect,2023-07-25,274,True,False,True,True,1,True,False,False,ManualReview
CLM-00688,PRD-00688,Appliances,Air Conditioner,SN-E371E1A79F,2025-08-13,788.82,2025-08-13,730,2027-08-13,2026-11-27,Compressor Fault,Compressor Fault reported by customer.,Electrical Fault,2026-11-30,474,True,True,True,True,0,True,True,False,Invalid
CLM-01379,PRD-01379,Furniture,Dining Table,SN-13D3F071E0,2026-09-09,828.91,2026-09-09,365,2027-09-09,2027-09-08,Joint/Hinge Failure,Joint/Hinge Failure reported by customer.,Wear and Tear,2027-09-09,365,True,True,True,True,0,True,False,False,ManualReview
CLM-00640,PRD-00640,Electronics,Headphones,SN-A84B08CCC6,2023-11-09,1826.86,2023-11-09,730,2025-11-08,2026-04-15,Screen Malfunction,Screen Malfunction reported by customer.,Wear and Tear,2026-04-16,889,True,True,True,True,1,True,False,False,Invalid
CLM-01417,PRD-01417,Electronics,Headphones,SN-33E8A58FC5,2022-10-06,2189.74,2022-10-06,730,2024-10-05,2023-10-19,Software Fault,Software Fault reported by customer.,Electrical Fault,2023-10-20,379,True,True,True,True,2,False,False,False,ManualReview
CLM-01219,PRD-01219,Appliances,Dishwasher,SN-DFD8EC6C27,2023-04-15,886.56,2023-04-15,1095,2026-04-14,2023-12-13,Motor Failure,Makes strange noise occasionally,Structural Damage,2023-12-14,243,True,True,True,True,0,True,False,False,ManualReview
CLM-01159,PRD-01159,Furniture,Office Chair,SN-2AD260BF2D,2024-06-20,645.53,2024-06-20,365,2025-06-20,2024-08-21,Joint/Hinge Failure,Performance seems inconsistent,Wear and Tear,2024-08-23,64,True,True,True,True,1,True,False,False,ManualReview
CLM-01251,PRD-01251,Appliances,Refrigerator,SN-05060CAED5,2024-02-14,1182.98,2024-02-14,1095,2027-02-13,2024-03-24,Compressor Fault,Compressor Fault reported by customer.,Manufacturing Defect,2024-03-27,42,True,True,True,True,1,False,False,False,ManualReview
CLM-01440,PRD-01440,Electronics,Tablet,SN-A30C1F29B0,2025-06-24,2251.52,2025-06-24,730,2027-06-24,2026-12-29,Battery Failure,Battery Failure reported by customer.,Electrical Fault,2026-12-30,554,True,True,True,True,3,False,False,False,ManualReview
CLM-00801,PRD-00801,Electronics,Laptop,SN-0955518AC0,2024-07-16,752.56,2024-07-16,730,2026-07-16,2025-09-15,Charging Port Issue,Charging Port Issue reported by customer.,Manufacturing Defect,2025-09-18,429,True,True,True,False,0,True,False,False,Invalid
CLM-00161,PRD-00161,Appliances,Microwave Oven,SN-FCC558E816,2025-02-11,1545.96,2025-02-11,730,2027-02-11,2025-10-15,Drainage Issue,Drainage Issue reported by customer during normal use.,Wear and Tear,2025-10-18,249,True,True,True,True,1,True,False,False,Valid
CLM-00957,PRD-00957,Electronics,Laptop,SN-BAF725624D,2023-10-31,2395.69,2023-10-31,730,2025-10-30,2024-03-10,Charging Port Issue,Charging Port Issue reported by customer.,Structural Damage,2024-03-15,136,True,True,True,False,0,True,False,False,Invalid
CLM-01187,PRD-01187,Appliances,Air Conditioner,SN-078278D604,2023-07-04,743.57,2023-07-04,730,2025-07-03,2024-04-11,Motor Failure,Motor Failure reported by customer.,Wear and Tear,2024-04-12,283,True,True,True,True,2,False,False,False,ManualReview
CLM-00822,PRD-00822,Furniture,Sofa,SN-191AEA91F6,2026-08-04,110.77,2026-08-04,365,2027-08-04,2027-09-18,Structural Frame Defect,Structural Frame Defect reported by customer.,Structural Damage,2027-09-23,415,True,True,True,True,1,True,False,False,Invalid
CLM-01271,PRD-01271,Furniture,Dining Table,SN-F7CE80A6A3,2025-04-16,1797.04,2025-04-16,1095,2028-04-15,2026-12-06,Upholstery Tear,Upholstery Tear reported by customer.,Wear and Tear,2026-12-10,603,True,True,True,True,2,False,False,False,ManualReview
CLM-00878,PRD-00878,Appliances,Refrigerator,SN-71BECF141F,2025-01-04,1730.12,2025-01-04,1095,2028-01-04,2025-02-20,Electrical Short Circuit,Electrical Short Circuit reported by customer.,Cosmetic Damage,2025-02-25,52,True,True,True,False,1,True,False,False,Invalid
CLM-00914,PRD-00914,Electronics,Laptop,SN-AFFFE07102,2022-09-12,2161.06,2022-09-12,365,2023-09-12,2023-04-04,Software Fault,Software Fault reported by customer.,Electrical Fault,2023-04-07,207,True,True,True,True,1,True,True,False,Invalid
CLM-00153,PRD-00153,Appliances,Dishwasher,SN-7A92966D5B,2022-12-21,1153.78,2022-12-21,730,2024-12-20,2024-05-23,Motor Failure,Motor Failure reported by customer during normal use.,Cosmetic Damage,2024-05-25,521,True,True,True,True,1,True,False,False,Valid
CLM-01374,PRD-01374,Electronics,Headphones,SN-51579D4BA7,2025-12-28,75.55,2025-12-28,730,2027-12-28,2027-11-09,Battery Failure,Not working properly sometimes,Manufacturing Defect,2027-11-11,683,True,True,True,True,1,True,False,False,ManualReview
CLM-00510,PRD-00510,Appliances,Washing Machine,SN-FEF0E97AE0,2023-04-22,910.17,2023-04-22,1095,2026-04-21,2025-04-20,Power Surge Damage,Power Surge Damage - not covered under warranty terms.,Structural Damage,2025-04-23,732,True,True,True,True,0,True,False,False,Invalid
CLM-01136,PRD-01136,Furniture,Office Chair,SN-736DC1B7B8,2023-09-17,890.66,2023-09-17,1095,2026-09-16,2023-10-10,Structural Frame Defect,Structural Frame Defect reported by customer.,Wear and Tear,2023-10-12,25,True,True,True,True,2,False,False,False,ManualReview
CLM-01322,PRD-01322,Furniture,Office Chair,SN-673CC9AEAE,2023-09-02,675.45,2023-09-02,1095,2026-09-01,2025-08-03,Structural Frame Defect,"Stopped working, not sure why",Structural Damage,2025-08-08,706,True,True,True,True,1,True,False,False,ManualReview
CLM-00104,PRD-00104,Furniture,Sofa,SN-FCA1FCD640,2023-07-23,1750.3,2023-07-23,1095,2026-07-22,2023-11-16,Joint/Hinge Failure,Joint/Hinge Failure reported by customer during normal use.,Manufacturing Defect,2023-11-19,119,True,True,True,True,0,True,False,False,Valid
CLM-00587,PRD-00587,Furniture,Office Chair,SN-4768C7FFD3,2023-02-12,170.13,2023-02-12,1095,2026-02-11,2024-09-16,Normal Wear and Tear,Normal Wear and Tear - not covered under warranty terms.,Wear and Tear,2024-09-21,587,True,True,True,True,1,True,False,False,Invalid
CLM-01329,PRD-01329,Appliances,Refrigerator,SN-79535F6236,2025-04-27,2064.98,2025-04-27,730,2027-04-27,2026-06-01,Thermostat Malfunction,Thermostat Malfunction reported by customer.,Electrical Fault,2026-06-06,405,True,True,True,True,1,False,False,False,ManualReview
CLM-01144,PRD-01144,Electronics,Headphones,SN-D45519F8E6,2026-04-30,797.61,2026-04-30,365,2027-04-30,2026-09-11,Charging Port Issue,Charging Port Issue reported by customer.,Manufacturing Defect,2026-09-16,139,True,True,True,True,1,True,False,True,ManualReview
CLM-00054,PRD-00054,Furniture,Bookshelf,SN-70B2A65B68,2025-02-08,1551.0,2025-02-08,1095,2028-02-08,2025-12-31,Material Defect,Material Defect reported by customer during normal use.,Structural Damage,2026-01-04,330,True,True,True,True,1,True,False,False,Valid
CLM-00152,PRD-00152,Furniture,Bookshelf,SN-BC1199C884,2025-03-21,1471.81,2025-03-21,1095,2028-03-20,2027-01-08,Upholstery Tear,Upholstery Tear reported by customer during normal use.,Electrical Fault,2027-01-13,663,True,True,True,True,0,True,False,False,Valid
CLM-00404,PRD-00404,Electronics,Smartphone,SN-C44CF63658,2026-08-12,1643.82,2026-08-12,730,2028-08-11,2028-02-10,Charging Port Issue,Charging Port Issue reported by customer during normal use.,Electrical Fault,2028-02-15,552,True,True,True,True,0,True,False,False,Valid
CLM-01455,PRD-01455,Furniture,Office Chair,SN-D55FDB13F9,2023-08-08,1471.52,2023-08-08,1095,2026-08-07,2026-08-07,Joint/Hinge Failure,Joint/Hinge Failure reported by customer.,Electrical Fault,2026-08-10,1098,True,True,True,True,1,True,False,False,ManualReview
CLM-00208,PRD-00208,Electronics,Television,SN-606913D9AE,2026-05-27,318.53,2026-05-27,730,2028-05-26,2028-05-04,Charging Port Issue,Charging Port Issue reported by customer during normal use.,Structural Damage,2028-05-05,709,True,True,True,True,1,True,False,False,Valid
CLM-01418,PRD-01418,Furniture,Dining Table,SN-A3540EBA19,2025-12-13,2367.81,2025-12-13,365,2026-12-13,2026-08-14,Material Defect,Material Defect reported by customer.,Manufacturing Defect,2026-08-16,246,True,False,True,True,0,True,False,False,ManualReview
CLM-01123,PRD-01123,Electronics,Headphones,SN-3B8D615F34,2022-12-26,201.72,2022-12-26,730,2024-12-25,2024-03-24,Screen Malfunction,Screen Malfunction reported by customer.,Manufacturing Defect,2024-03-27,457,True,True,False,True,1,True,False,False,ManualReview
CLM-00009,PRD-00009,Electronics,Television,SN-84FCC5192F,2023-11-29,2063.42,2023-11-29,365,2024-11-28,2024-01-04,Charging Port Issue,Charging Port Issue reported by customer during normal use.,Electrical Fault,2024-01-06,38,True,True,True,True,1,True,False,False,Valid
CLM-01015,PRD-01015,Appliances,Dishwasher,SN-FE02305E89,2024-10-12,254.86,2024-10-12,730,2026-10-12,2026-10-05,Compressor Fault,Compressor Fault reported by customer.,Structural Damage,2026-10-06,724,True,True,True,True,1,True,False,True,ManualReview
CLM-01344,PRD-01344,Electronics,Tablet,SN-8FC7E17D5F,2025-06-18,1765.56,2025-06-18,730,2027-06-18,2026-07-30,Battery Failure,Battery Failure reported by customer.,Structural Damage,2026-08-04,412,True,True,True,True,1,True,False,True,ManualReview
CLM-01061,PRD-01061,Electronics,Headphones,SN-3344D53544,2024-12-11,230.26,2024-12-11,365,2025-12-11,2025-05-21,Software Fault,Makes strange noise occasionally,Wear and Tear,2025-05-25,165,True,True,True,True,0,True,False,False,ManualReview
CLM-00453,PRD-00453,Appliances,Air Conditioner,SN-D2DF148C92,2025-04-13,432.99,2025-04-13,730,2027-04-13,2026-10-25,Thermostat Malfunction,Thermostat Malfunction reported by customer during normal use.,Wear and Tear,2026-10-28,563,True,True,True,True,0,True,False,False,Valid
CLM-00254,PRD-00254,Furniture,Bed Frame,SN-9682BA30B7,2022-12-18,1563.7,2022-12-18,1095,2025-12-17,2023-01-23,Material Defect,Material Defect reported by customer during normal use.,Cosmetic Damage,2023-01-24,37,True,True,True,True,1,True,False,False,Valid
CLM-00897,PRD-00897,Furniture,Sofa,SN-1ADBE2FC18,2023-03-02,2002.46,2023-03-02,365,2024-03-01,2023-09-30,Accidental Damage,Accidental Damage - not covered under warranty terms.,Cosmetic Damage,2023-10-05,217,True,True,True,True,0,True,False,False,Invalid
CLM-01309,PRD-01309,Appliances,Microwave Oven,SN-1A040A47AD,2022-12-28,1113.66,2022-12-28,1095,2025-12-27,2025-08-23,Thermostat Malfunction,Thermostat Malfunction reported by customer.,Wear and Tear,2025-08-24,970,True,False,True,True,1,True,False,False,ManualReview
CLM-00881,PRD-00881,Furniture,Bookshelf,SN-E504BFD898,2022-10-21,2074.86,2022-10-21,365,2023-10-21,2022-11-26,Accidental Damage,Accidental Damage - not covered under warranty terms.,Manufacturing Defect,2022-11-30,40,True,True,True,True,1,True,False,False,Invalid
CLM-01428,PRD-01428,Furniture,Bookshelf,SN-1C940F7E0B,2026-03-31,511.08,2026-03-31,365,2027-03-31,2026-12-24,Upholstery Tear,Upholstery Tear reported by customer.,Accidental Damage,2026-12-29,273,True,False,True,True,0,True,False,False,ManualReview
CLM-00624,PRD-00624,Furniture,Bed Frame,SN-9AA6BD50DC,2026-07-11,1530.85,2026-07-11,1095,2029-07-10,2029-05-20,Misuse Damage,Misuse Damage - not covered under warranty terms.,Structural Damage,2029-05-24,1048,True,True,True,True,1,True,False,False,Invalid
CLM-00346,PRD-00346,Electronics,Headphones,SN-A3FA8524F4,2026-03-25,2217.4,2026-03-25,365,2027-03-25,2026-04-04,Overheating,Overheating reported by customer during normal use.,Cosmetic Damage,2026-04-08,14,True,True,True,True,0,True,False,False,Valid
CLM-01287,PRD-01287,Electronics,Laptop,SN-24333A08C9,2024-06-13,2393.93,2024-06-13,365,2025-06-13,2024-10-31,Software Fault,Software Fault reported by customer.,Cosmetic Damage,2024-11-02,142,True,True,True,True,1,True,False,True,ManualReview
CLM-00263,PRD-00263,Furniture,Dining Table,SN-1FF0F76647,2025-06-07,1876.37,2025-06-07,365,2026-06-07,2026-01-19,Structural Frame Defect,Structural Frame Defect reported by customer during normal use.,Manufacturing Defect,2026-01-21,228,True,True,True,True,1,True,False,False,Valid
CLM-00151,PRD-00151,Electronics,Television,SN-2302EC2783,2025-02-27,142.14,2025-02-27,730,2027-02-27,2026-12-23,Screen Malfunction,Screen Malfunction reported by customer during normal use.,Accidental Damage,2026-12-24,665,True,True,True,True,1,True,False,False,Valid
CLM-00473,PRD-00473,Appliances,Refrigerator,SN-9EC37810EC,2026-04-03,2091.74,2026-04-03,730,2028-04-02,2026-08-11,Motor Failure,Motor Failure reported by customer during normal use.,Wear and Tear,2026-08-16,135,True,True,True,True,0,True,False,False,Valid
CLM-00641,PRD-00641,Electronics,Tablet,SN-32D62EED97,2025-12-26,1613.3,2025-12-26,365,2026-12-26,2026-11-27,Physical Impact Damage,Physical Impact Damage - not covered under warranty terms.,Manufacturing Defect,2026-12-02,341,True,True,True,True,0,True,False,False,Invalid
CLM-01485,PRD-01485,Furniture,Sofa,SN-E67C2271BD,2026-02-25,707.12,2026-02-25,1095,2029-02-24,2027-11-30,Upholstery Tear,Upholstery Tear reported by customer.,Accidental Damage,2027-12-03,646,True,True,True,True,1,True,False,True,ManualReview
CLM-01411,PRD-01411,Electronics,Smartphone,SN-3CF764263A,2023-09-04,2129.11,2023-09-04,365,2024-09-03,2024-02-02,Overheating,Performance seems inconsistent,Wear and Tear,2024-02-07,156,True,True,True,True,0,True,False,False,ManualReview
CLM-00551,PRD-00551,Electronics,Smartphone,SN-2046C8FC6D,2025-05-01,473.61,2025-05-01,730,2027-05-01,2026-12-13,Screen Malfunction,Screen Malfunction reported by customer.,Structural Damage,2026-12-17,595,True,True,True,False,0,True,False,False,Invalid
CLM-00929,PRD-00929,Furniture,Bed Frame,SN-DF6B3D3CFA,2022-10-08,1524.68,2022-10-08,365,2023-10-08,2023-05-27,Misuse Damage,Misuse Damage - not covered under warranty terms.,Cosmetic Damage,2023-06-01,236,True,True,True,True,1,True,False,False,Invalid
CLM-00489,PRD-00489,Appliances,Washing Machine,SN-2F3ED70632,2026-09-08,991.6,2026-09-08,730,2028-09-07,2027-06-28,Drainage Issue,Drainage Issue reported by customer during normal use.,Structural Damage,2027-07-03,298,True,True,True,True,1,True,False,False,Valid
CLM-01357,PRD-01357,Electronics,Headphones,SN-90E9E9E195,2024-11-28,984.16,2024-11-28,730,2026-11-28,2026-11-25,Battery Failure,Battery Failure reported by customer.,Wear and Tear,2026-11-26,728,True,True,True,True,1,True,False,False,ManualReview
CLM-01172,PRD-01172,Appliances,Dishwasher,SN-9E5D5BF7CE,2025-03-03,772.61,2025-03-03,730,2027-03-03,2026-05-20,Thermostat Malfunction,Thermostat Malfunction reported by customer.,Cosmetic Damage,2026-05-24,447,True,False,True,True,0,True,False,False,ManualReview
CLM-00147,PRD-00147,Appliances,Refrigerator,SN-1FDF4FDCF6,2025-06-27,1601.4,2025-06-27,730,2027-06-27,2027-04-21,Electrical Short Circuit,Electrical Short Circuit reported by customer during normal use.,Accidental Damage,2027-04-23,665,True,True,True,True,0,True,False,False,Valid
CLM-00403,PRD-00403,Electronics,Headphones,SN-7B9FCCA441,2023-11-27,599.59,2023-11-27,365,2024-11-26,2024-09-23,Screen Malfunction,Screen Malfunction reported by customer during normal use.,Wear and Tear,2024-09-28,306,True,True,True,True,0,True,False,False,Valid
CLM-00955,PRD-00955,Electronics,Television,SN-C0549976BD,2025-07-15,2266.32,2025-07-15,365,2026-07-15,2026-05-07,Battery Failure,Battery Failure reported by customer.,Cosmetic Damage,2026-05-11,300,True,True,True,True,1,True,True,False,Invalid
CLM-01406,PRD-01406,Electronics,Smartphone,SN-D5B1490E94,2024-09-19,209.15,2024-09-19,365,2025-09-19,2024-09-27,Screen Malfunction,Screen Malfunction reported by customer.,Manufacturing Defect,2024-09-30,11,True,True,False,True,0,True,False,False,ManualReview
CLM-00660,PRD-00660,Electronics,Laptop,SN-EDB0C8254E,2025-07-23,1153.53,2025-07-23,730,2027-07-23,2027-09-04,Overheating,Overheating reported by customer.,Wear and Tear,2027-09-08,777,True,True,True,True,0,True,False,False,Invalid
CLM-00464,PRD-00464,Appliances,Dishwasher,SN-130122A313,2026-04-17,1949.23,2026-04-17,1095,2029-04-16,2027-12-06,Compressor Fault,Compressor Fault reported by customer during normal use.,Electrical Fault,2027-12-08,600,True,True,True,True,1,True,False,False,Valid
CLM-00187,PRD-00187,Furniture,Sofa,SN-8AC9B2DE29,2024-04-22,2135.84,2024-04-22,1095,2027-04-22,2024-12-29,Upholstery Tear,Upholstery Tear reported by customer during normal use.,Accidental Damage,2024-12-31,253,True,True,True,True,0,True,False,False,Valid
CLM-01148,PRD-01148,Appliances,Microwave Oven,SN-B1C9C9B0D2,2026-04-28,663.76,2026-04-28,1095,2029-04-27,2029-04-20,Drainage Issue,Drainage Issue reported by customer.,Manufacturing Defect,2029-04-22,1090,True,True,True,True,0,True,False,False,ManualReview
CLM-01225,PRD-01225,Appliances,Washing Machine,SN-68609258B6,2024-01-27,584.72,2024-01-27,730,2026-01-26,2025-12-04,Drainage Issue,Drainage Issue reported by customer.,Manufacturing Defect,2025-12-06,679,True,False,True,True,1,True,False,False,ManualReview
CLM-00609,PRD-00609,Furniture,Bed Frame,SN-9CA63C82DD,2024-05-17,864.21,2024-05-17,1095,2027-05-17,2027-10-08,Material Defect,Material Defect reported by customer.,Cosmetic Damage,2027-10-10,1241,True,True,True,True,0,True,False,False,Invalid
CLM-00144,PRD-00144,Furniture,Sofa,SN-6A5797B6A2,2022-09-24,1176.4,2022-09-24,1095,2025-09-23,2024-12-31,Material Defect,Material Defect reported by customer during normal use.,Accidental Damage,2025-01-04,833,True,True,True,True,0,True,False,False,Valid
CLM-00752,PRD-00752,Electronics,Television,SN-000A969770,2024-08-06,1081.13,2024-08-06,365,2025-08-06,2026-01-16,Screen Malfunction,Screen Malfunction reported by customer.,Electrical Fault,2026-01-18,530,True,True,True,True,1,True,False,False,Invalid
CLM-00982,PRD-00982,Appliances,Air Conditioner,SN-55E93DF012,2025-01-11,656.98,2025-01-11,730,2027-01-11,2025-10-29,Improper Installation Damage,Improper Installation Damage - not covered under warranty terms.,Cosmetic Damage,2025-10-30,292,True,True,True,True,0,True,False,False,Invalid
CLM-00198,PRD-00198,Appliances,Dishwasher,SN-1BFD3FBE57,2024-05-31,642.26,2024-05-31,730,2026-05-31,2025-02-11,Thermostat Malfunction,Thermostat Malfunction reported by customer during normal use.,Accidental Damage,2025-02-13,258,True,True,True,True,0,True,False,False,Valid
CLM-00884,PRD-00884,Electronics,Laptop,SN-B111492D54,2024-05-12,1108.89,2024-05-12,365,2025-05-12,2024-08-23,Overheating,Overheating reported by customer.,Wear and Tear,2024-08-28,108,True,True,True,False,1,True,False,False,Invalid
CLM-00280,PRD-00280,Electronics,Television,SN-F9083BEEE9,2025-06-27,1879.79,2025-06-27,365,2026-06-27,2026-01-14,Charging Port Issue,Charging Port Issue reported by customer during normal use.,Electrical Fault,2026-01-18,205,True,True,True,True,0,True,False,False,Valid
CLM-00294,PRD-00294,Appliances,Washing Machine,SN-633F65723E,2023-11-20,1367.14,2023-11-20,1095,2026-11-19,2026-08-30,Drainage Issue,Drainage Issue reported by customer during normal use.,Electrical Fault,2026-09-04,1019,True,True,True,True,0,True,False,False,Valid
CLM-01365,PRD-01365,Electronics,Headphones,SN-767D59ED7A,2025-07-16,272.84,2025-07-16,365,2026-07-16,2026-07-10,Overheating,Overheating reported by customer.,Structural Damage,2026-07-15,364,True,True,True,True,1,True,False,True,ManualReview
CLM-00401,PRD-00401,Furniture,Office Chair,SN-4337E4CE86,2023-05-08,301.64,2023-05-08,1095,2026-05-07,2023-08-11,Structural Frame Defect,Structural Frame Defect reported by customer during normal use.,Wear and Tear,2023-08-14,98,True,True,True,True,1,True,False,False,Valid
CLM-00123,PRD-00123,Electronics,Tablet,SN-D409EDD529,2023-12-07,854.97,2023-12-07,365,2024-12-06,2024-04-29,Screen Malfunction,Screen Malfunction reported by customer during normal use.,Structural Damage,2024-05-01,146,True,True,True,True,0,True,False,False,Valid
CLM-01208,PRD-01208,Appliances,Air Conditioner,SN-1629837CCA,2024-04-27,1275.92,2024-04-27,1095,2027-04-27,2026-06-09,Thermostat Malfunction,Thermostat Malfunction reported by customer.,Wear and Tear,2026-06-13,777,True,True,True,True,0,True,False,True,ManualReview
CLM-00203,PRD-00203,Appliances,Microwave Oven,SN-FED1EC91CD,2024-11-14,175.34,2024-11-14,730,2026-11-14,2025-09-09,Drainage Issue,Drainage Issue reported by customer during normal use.,Accidental Damage,2025-09-10,300,True,True,True,True,0,True,False,False,Valid
CLM-00836,PRD-00836,Furniture,Office Chair,SN-9B3411CFAE,2026-07-03,377.63,2026-07-03,365,2027-07-03,2026-07-10,Structural Frame Defect,Structural Frame Defect reported by customer.,Structural Damage,2026-07-12,9,True,True,True,True,0,True,True,False,Invalid
CLM-00247,PRD-00247,Electronics,Laptop,SN-58DF38EE2F,2023-04-14,1879.85,2023-04-14,365,2024-04-13,2023-07-28,Overheating,Overheating reported by customer during normal use.,Wear and Tear,2023-08-01,109,True,True,True,True,1,True,False,False,Valid
CLM-01423,PRD-01423,Appliances,Washing Machine,SN-DF7D0B2F8F,2025-02-17,956.52,2025-02-17,730,2027-02-17,2027-02-11,Compressor Fault,Compressor Fault reported by customer.,Wear and Tear,2027-02-14,727,True,True,True,True,0,True,False,False,ManualReview
CLM-01409,PRD-01409,Appliances,Microwave Oven,SN-1FDC858B1F,2025-04-17,2053.0,2025-04-17,730,2027-04-17,2026-02-05,Thermostat Malfunction,Thermostat Malfunction reported by customer.,Structural Damage,2026-02-10,299,True,True,True,True,1,False,False,False,ManualReview
CLM-01154,PRD-01154,Appliances,Dishwasher,SN-A1CDB65977,2026-06-11,1069.13,2026-06-11,1095,2029-06-10,2028-04-09,Motor Failure,Motor Failure reported by customer.,Accidental Damage,2028-04-14,673,True,True,True,True,2,False,False,False,ManualReview
CLM-00385,PRD-00385,Electronics,Tablet,SN-4017A5B5BF,2023-11-13,1636.08,2023-11-13,365,2024-11-12,2024-08-05,Software Fault,Software Fault reported by customer during normal use.,Accidental Damage,2024-08-06,267,True,True,True,True,0,True,False,False,Valid
CLM-01323,PRD-01323,Electronics,Television,SN-5DB34F3465,2026-03-24,112.26,2026-03-24,730,2028-03-23,2026-07-19,Software Fault,Software Fault reported by customer.,Manufacturing Defect,2026-07-20,118,True,True,True,True,3,False,False,False,ManualReview
CLM-00855,PRD-00855,Furniture,Office Chair,SN-6947C461C8,2024-09-10,2427.16,2024-09-10,1095,2027-09-10,2024-12-31,Normal Wear and Tear,Normal Wear and Tear - not covered under warranty terms.,Manufacturing Defect,2025-01-04,116,True,True,True,True,0,True,False,False,Invalid
CLM-00220,PRD-00220,Electronics,Tablet,SN-857781AEBF,2025-08-16,1859.78,2025-08-16,365,2026-08-16,2025-11-18,Software Fault,Software Fault reported by customer during normal use.,Wear and Tear,2025-11-19,95,True,True,True,True,0,True,False,False,Valid
CLM-00642,PRD-00642,Electronics,Smartphone,SN-AA48B2F8FC,2024-01-17,771.69,2024-01-17,365,2025-01-16,2024-08-24,Charging Port Issue,Charging Port Issue reported by customer.,Cosmetic Damage,2024-08-27,223,True,True,True,True,0,True,True,False,Invalid
CLM-00002,PRD-00002,Furniture,Bed Frame,SN-4948748586,2022-10-17,279.55,2022-10-17,365,2023-10-17,2023-08-03,Structural Frame Defect,Structural Frame Defect reported by customer during normal use.,Structural Damage,2023-08-05,292,True,True,True,True,0,True,False,False,Valid
CLM-00113,PRD-00113,Electronics,Tablet,SN-B16D72FBD3,2025-08-08,1279.4,2025-08-08,730,2027-08-08,2026-12-16,Charging Port Issue,Charging Port Issue reported by customer during normal use.,Wear and Tear,2026-12-19,498,True,True,True,True,1,True,False,False,Valid
CLM-00699,PRD-00699,Appliances,Air Conditioner,SN-FB89EAB907,2026-04-17,1681.49,2026-04-17,730,2028-04-16,2028-03-24,Power Surge Damage,Power Surge Damage - not covered under warranty terms.,Electrical Fault,2028-03-26,709,True,True,True,True,1,True,False,False,Invalid
CLM-01432,PRD-01432,Electronics,Smartphone,SN-D2C8DB1D54,2025-09-21,1218.9,2025-09-21,730,2027-09-21,2025-10-18,Overheating,"Stopped working, not sure why",Accidental Damage,2025-10-22,31,True,True,True,True,0,True,False,False,ManualReview
CLM-00952,PRD-00952,Furniture,Bookshelf,SN-6F36F0C98A,2022-12-25,1321.31,2022-12-25,1095,2025-12-24,2026-05-25,Upholstery Tear,Upholstery Tear reported by customer.,Wear and Tear,2026-05-27,1249,True,True,True,True,0,True,False,False,Invalid
CLM-01318,PRD-01318,Electronics,Laptop,SN-634E0B0418,2023-08-30,1838.57,2023-08-30,730,2025-08-29,2025-02-12,Overheating,"Minor issue, hard to describe",Accidental Damage,2025-02-17,537,True,True,True,True,1,True,False,False,ManualReview
CLM-01292,PRD-01292,Appliances,Dishwasher,SN-0C405D601D,2022-11-19,1964.01,2022-11-19,1095,2025-11-18,2024-06-14,Compressor Fault,"Minor issue, hard to describe",Cosmetic Damage,2024-06-19,578,True,True,True,True,1,True,False,False,ManualReview
CLM-01354,PRD-01354,Appliances,Refrigerator,SN-B5DBA22A54,2023-10-31,1671.41,2023-10-31,1095,2026-10-30,2026-10-29,Electrical Short Circuit,Electrical Short Circuit reported by customer.,Structural Damage,2026-10-31,1096,True,True,True,True,1,True,False,False,ManualReview
CLM-00442,PRD-00442,Electronics,Laptop,SN-568E1AF4F1,2025-12-21,174.6,2025-12-21,730,2027-12-21,2027-07-09,Overheating,Overheating reported by customer during normal use.,Electrical Fault,2027-07-12,568,True,True,True,True,1,True,False,False,Valid
CLM-01137,PRD-01137,Furniture,Bookshelf,SN-202B86E1FC,2022-09-16,2189.48,2022-09-16,365,2023-09-16,2022-11-20,Structural Frame Defect,Structural Frame Defect reported by customer.,Manufacturing Defect,2022-11-24,69,False,True,True,True,0,True,False,False,ManualReview
CLM-01257,PRD-01257,Appliances,Dishwasher,SN-45587731F1,2023-03-03,1019.59,2023-03-03,730,2025-03-02,2023-09-04,Electrical Short Circuit,Electrical Short Circuit reported by customer.,Manufacturing Defect,2023-09-06,187,True,True,True,True,0,True,False,True,ManualReview
CLM-00664,PRD-00664,Appliances,Microwave Oven,SN-CEE89084EE,2022-11-13,305.83,2022-11-13,1095,2025-11-12,2023-01-12,Improper Installation Damage,Improper Installation Damage - not covered under warranty terms.,Structural Damage,2023-01-16,64,True,True,True,True,0,True,False,False,Invalid
CLM-01373,PRD-01373,Appliances,Air Conditioner,SN-3F2A59FD5F,2023-10-10,2353.67,2023-10-10,1095,2026-10-09,2026-02-04,Thermostat Malfunction,Thermostat Malfunction reported by customer.,Electrical Fault,2026-02-08,852,True,False,True,True,1,True,False,False,ManualReview
CLM-01258,PRD-01258,Furniture,Bed Frame,SN-355F4D40BB,2024-08-06,1890.64,2024-08-06,1095,2027-08-06,2027-08-06,Joint/Hinge Failure,Joint/Hinge Failure reported by customer.,Structural Damage,2027-08-09,1098,True,True,True,True,1,True,False,False,ManualReview
CLM-01332,PRD-01332,Furniture,Bed Frame,SN-6779EFA43C,2023-04-29,1376.09,2023-04-29,1095,2026-04-28,2024-11-10,Joint/Hinge Failure,Joint/Hinge Failure reported by customer.,Wear and Tear,2024-11-11,562,True,False,True,True,1,True,False,False,ManualReview
CLM-00318,PRD-00318,Electronics,Smartphone,SN-DC267A3629,2023-11-01,147.58,2023-11-01,730,2025-10-31,2024-08-20,Overheating,Overheating reported by customer during normal use.,Electrical Fault,2024-08-25,298,True,True,True,True,0,True,False,False,Valid
CLM-00649,PRD-00649,Appliances,Washing Machine,SN-D3D1FF1981,2024-09-03,1359.83,2024-09-03,730,2026-09-03,2026-07-01,Electrical Short Circuit,Electrical Short Circuit reported by customer.,Manufacturing Defect,2026-07-03,668,True,True,True,True,1,True,True,False,Invalid
CLM-00710,PRD-00710,Electronics,Laptop,SN-42B3971F42,2022-10-23,1992.99,2022-10-23,365,2023-10-23,2023-11-03,Charging Port Issue,Charging Port Issue reported by customer.,Electrical Fault,2023-11-04,377,True,True,True,True,0,True,False,False,Invalid
CLM-01283,PRD-01283,Furniture,Office Chair,SN-2EBBB2C51E,2025-08-10,660.1,2025-08-10,1095,2028-08-09,2028-02-01,Joint/Hinge Failure,Joint/Hinge Failure reported by customer.,Cosmetic Damage,2028-02-02,906,True,True,True,True,1,True,False,True,ManualReview
CLM-00973,PRD-00973,Electronics,Smartphone,SN-D4155B0E30,2023-11-05,2311.49,2023-11-05,730,2025-11-04,2024-11-07,Screen Malfunction,Screen Malfunction reported by customer.,Electrical Fault,2024-11-08,369,True,True,True,True,0,True,True,False,Invalid
CLM-00628,PRD-00628,Electronics,Headphones,SN-865FCCCF3E,2026-06-17,1602.53,2026-06-17,365,2027-06-17,2027-10-31,Charging Port Issue,Charging Port Issue reported by customer.,Structural Damage,2027-11-01,502,True,True,True,True,1,True,False,False,Invalid
CLM-00633,PRD-00633,Appliances,Refrigerator,SN-CE503C138F,2026-07-22,628.68,2026-07-22,1095,2029-07-21,2029-08-10,Electrical Short Circuit,Electrical Short Circuit reported by customer.,Structural Damage,2029-08-12,1117,True,True,True,True,0,True,False,False,Invalid
CLM-01307,PRD-01307,Electronics,Laptop,SN-A78E3DA954,2025-05-14,1864.57,2025-05-14,365,2026-05-14,2026-05-05,Software Fault,Software Fault reported by customer.,Cosmetic Damage,2026-05-08,359,True,True,True,True,1,True,False,False,ManualReview
CLM-01249,PRD-01249,Appliances,Microwave Oven,SN-AFCD0CB27F,2026-07-08,2007.44,2026-07-08,730,2028-07-07,2027-09-30,Compressor Fault,Makes strange noise occasionally,Structural Damage,2027-10-03,452,True,True,True,True,1,True,False,False,ManualReview
CLM-01462,PRD-01462,Appliances,Washing Machine,SN-EB6D67B6E6,2023-09-01,2077.76,2023-09-01,730,2025-08-31,2025-08-26,Thermostat Malfunction,Thermostat Malfunction reported by customer.,Manufacturing Defect,2025-08-29,728,True,True,True,True,0,True,False,False,ManualReview
CLM-01255,PRD-01255,Appliances,Microwave Oven,SN-3EE89B0699,2024-05-23,1156.17,2024-05-23,1095,2027-05-23,2025-04-29,Drainage Issue,Drainage Issue reported by customer.,Manufacturing Defect,2025-05-04,346,True,True,True,True,2,False,False,False,ManualReview
CLM-01384,PRD-01384,Electronics,Headphones,SN-5494E587F3,2023-11-19,1917.33,2023-11-19,365,2024-11-18,2023-11-30,Screen Malfunction,Screen Malfunction reported by customer.,Structural Damage,2023-12-04,15,True,True,True,True,0,True,False,True,ManualReview
CLM-00796,PRD-00796,Electronics,Television,SN-C05A176B37,2024-08-17,1708.47,2024-08-17,730,2026-08-17,2026-11-08,Screen Malfunction,Screen Malfunction reported by customer.,Structural Damage,2026-11-12,817,True,True,True,True,0,True,False,False,Invalid
CLM-00646,PRD-00646,Electronics,Tablet,SN-74CD603517,2025-02-15,95.97,2025-02-15,730,2027-02-15,2027-08-01,Screen Malfunction,Screen Malfunction reported by customer.,Wear and Tear,2027-08-05,901,True,True,True,True,1,True,False,False,Invalid
CLM-01013,PRD-01013,Electronics,Television,SN-E528415971,2023-08-24,1930.46,2023-08-24,365,2024-08-23,2024-04-27,Software Fault,"Minor issue, hard to describe",Accidental Damage,2024-05-01,251,True,True,True,True,1,True,False,False,ManualReview
CLM-00557,PRD-00557,Furniture,Bookshelf,SN-C9DE3259AF,2023-12-26,225.53,2023-12-26,365,2024-12-25,2025-06-11,Structural Frame Defect,Structural Frame Defect reported by customer.,Accidental Damage,2025-06-15,537,True,True,True,True,1,True,False,False,Invalid
CLM-00682,PRD-00682,Furniture,Sofa,SN-FB027B631A,2024-12-17,2425.46,2024-12-17,1095,2027-12-17,2027-06-18,Material Defect,Material Defect reported by customer.,Electrical Fault,2027-06-19,914,True,True,True,False,0,True,False,False,Invalid
CLM-00578,PRD-00578,Appliances,Air Conditioner,SN-31C7835D97,2024-12-29,771.33,2024-12-29,730,2026-12-29,2026-10-22,Power Surge Damage,Power Surge Damage - not covered under warranty terms.,Cosmetic Damage,2026-10-26,666,True,True,True,True,0,True,False,False,Invalid
CLM-01110,PRD-01110,Furniture,Sofa,SN-AE502787AD,2025-12-16,288.63,2025-12-16,1095,2028-12-15,2026-04-23,Joint/Hinge Failure,"Minor issue, hard to describe",Structural Damage,2026-04-24,129,True,True,True,True,1,True,False,False,ManualReview
CLM-01267,PRD-01267,Appliances,Air Conditioner,SN-714EE15798,2025-01-10,1979.19,2025-01-10,1095,2028-01-10,2028-01-06,Drainage Issue,Drainage Issue reported by customer.,Wear and Tear,2028-01-08,1093,True,True,True,True,0,True,False,False,ManualReview
CLM-01184,PRD-01184,Furniture,Sofa,SN-4D8F88E499,2023-05-08,1532.15,2023-05-08,1095,2026-05-07,2023-11-10,Material Defect,Material Defect reported by customer.,Cosmetic Damage,2023-11-13,189,True,False,True,True,0,True,False,False,ManualReview
CLM-00525,PRD-00525,Furniture,Sofa,SN-B9EB784252,2023-03-14,741.18,2023-03-14,365,2024-03-13,2023-07-15,Structural Frame Defect,Structural Frame Defect reported by customer.,Cosmetic Damage,2023-07-16,124,True,True,True,True,0,True,True,False,Invalid
CLM-01060,PRD-01060,Furniture,Sofa,SN-DBDB6982FF,2023-06-03,742.03,2023-06-03,365,2024-06-02,2023-12-08,Material Defect,Material Defect reported by customer.,Manufacturing Defect,2023-12-10,190,True,False,True,True,0,True,False,False,ManualReview
CLM-00541,PRD-00541,Furniture,Bookshelf,SN-C423FA7F9B,2022-11-25,947.57,2022-11-25,1095,2025-11-24,2025-08-31,Normal Wear and Tear,Normal Wear and Tear - not covered under warranty terms.,Manufacturing Defect,2025-09-01,1011,True,True,True,True,0,True,False,False,Invalid
CLM-01195,PRD-01195,Appliances,Air Conditioner,SN-0297F3685F,2024-07-08,2094.09,2024-07-08,1095,2027-07-08,2026-10-22,Drainage Issue,Drainage Issue reported by customer.,Accidental Damage,2026-10-23,837,True,True,True,True,0,True,False,True,ManualReview
CLM-00749,PRD-00749,Furniture,Dining Table,SN-AB0BB2C357,2025-09-21,992.49,2025-09-21,1095,2028-09-20,2029-01-08,Upholstery Tear,Upholstery Tear reported by customer.,Cosmetic Damage,2029-01-12,1209,True,True,True,True,1,True,False,False,Invalid
CLM-01387,PRD-01387,Appliances,Refrigerator,SN-0EB2ADDC01,2022-09-28,1107.75,2022-09-28,1095,2025-09-27,2025-01-15,Thermostat Malfunction,Thermostat Malfunction reported by customer.,Wear and Tear,2025-01-20,845,False,True,True,True,1,True,False,False,ManualReview
CLM-00485,PRD-00485,Furniture,Office Chair,SN-F4E3B5E08F,2023-10-08,1062.41,2023-10-08,1095,2026-10-07,2026-06-26,Joint/Hinge Failure,Joint/Hinge Failure reported by customer during normal use.,Wear and Tear,2026-06-29,995,True,True,True,True,1,True,False,False,Valid
CLM-00096,PRD-00096,Appliances,Microwave Oven,SN-54E0282DA2,2024-12-14,2095.07,2024-12-14,1095,2027-12-14,2025-10-07,Thermostat Malfunction,Thermostat Malfunction reported by customer during normal use.,Wear and Tear,2025-10-11,301,True,True,True,True,1,True,False,False,Valid
CLM-01021,PRD-01021,Appliances,Microwave Oven,SN-AB4B41B0B9,2026-03-29,1753.36,2026-03-29,1095,2029-03-28,2026-06-02,Motor Failure,Motor Failure reported by customer.,Manufacturing Defect,2026-06-07,70,True,True,True,True,1,False,False,False,ManualReview
CLM-00564,PRD-00564,Electronics,Headphones,SN-C3683042EA,2024-05-24,1237.42,2024-05-24,365,2025-05-24,2025-01-13,Unauthorized Modification,Unauthorized Modification - not covered under warranty terms.,Wear and Tear,2025-01-18,239,True,True,True,True,0,True,False,False,Invalid
CLM-01265,PRD-01265,Appliances,Refrigerator,SN-65325C5B90,2025-03-20,1819.01,2025-03-20,730,2027-03-20,2026-09-04,Thermostat Malfunction,Thermostat Malfunction reported by customer.,Manufacturing Defect,2026-09-08,537,True,False,True,True,0,True,False,False,ManualReview
CLM-00743,PRD-00743,Electronics,Smartphone,SN-605C890F60,2024-03-07,1663.74,2024-03-07,730,2026-03-07,2026-03-12,Software Fault,Software Fault reported by customer.,Cosmetic Damage,2026-03-13,736,True,True,True,True,0,True,False,False,Invalid
CLM-00864,PRD-00864,Electronics,Laptop,SN-DBD51FEF95,2026-07-09,966.93,2026-07-09,730,2028-07-08,2028-03-30,Water Damage,Water Damage - not covered under warranty terms.,Cosmetic Damage,2028-04-04,635,True,True,True,True,1,True,False,False,Invalid
CLM-00892,PRD-00892,Appliances,Air Conditioner,SN-105605C079,2023-02-02,1393.65,2023-02-02,730,2025-02-01,2024-05-31,Compressor Fault,Compressor Fault reported by customer.,Cosmetic Damage,2024-06-03,487,True,True,True,True,0,True,True,False,Invalid
CLM-01039,PRD-01039,Appliances,Microwave Oven,SN-F1B4C7CE8D,2023-10-26,1770.61,2023-10-26,1095,2026-10-25,2026-10-18,Thermostat Malfunction,Thermostat Malfunction reported by customer.,Manufacturing Defect,2026-10-20,1090,True,True,True,True,1,True,False,False,ManualReview
CLM-00207,PRD-00207,Appliances,Dishwasher,SN-0530A8AA45,2025-12-14,874.11,2025-12-14,1095,2028-12-13,2027-08-20,Drainage Issue,Drainage Issue reported by customer during normal use.,Cosmetic Damage,2027-08-24,618,True,True,True,True,1,True,False,False,Valid
CLM-00393,PRD-00393,Appliances,Refrigerator,SN-8E1F5290C7,2026-09-10,2030.44,2026-09-10,1095,2029-09-09,2027-03-14,Electrical Short Circuit,Electrical Short Circuit reported by customer during normal use.,Cosmetic Damage,2027-03-16,187,True,True,True,True,0,True,False,False,Valid
CLM-00795,PRD-00795,Electronics,Tablet,SN-AA32AA66E3,2023-03-11,1994.03,2023-03-11,730,2025-03-10,2024-10-05,Water Damage,Water Damage - not covered under warranty terms.,Accidental Damage,2024-10-06,575,True,True,True,True,1,True,False,False,Invalid
CLM-00871,PRD-00871,Appliances,Air Conditioner,SN-56E026F895,2024-02-27,986.81,2024-02-27,1095,2027-02-26,2024-08-02,Power Surge Damage,Power Surge Damage - not covered under warranty terms.,Electrical Fault,2024-08-05,160,True,True,True,True,0,True,False,False,Invalid
CLM-00398,PRD-00398,Appliances,Washing Machine,SN-6F05E7D725,2025-02-27,720.14,2025-02-27,730,2027-02-27,2026-07-17,Compressor Fault,Compressor Fault reported by customer during normal use.,Structural Damage,2026-07-18,506,True,True,True,True,0,True,False,False,Valid
CLM-00767,PRD-00767,Furniture,Bed Frame,SN-F02A8C1C65,2025-09-28,2139.93,2025-09-28,365,2026-09-28,2025-10-28,Accidental Damage,Accidental Damage - not covered under warranty terms.,Manufacturing Defect,2025-10-30,32,True,True,True,True,1,True,False,False,Invalid
CLM-01377,PRD-01377,Appliances,Refrigerator,SN-9D093425EC,2025-07-13,2489.12,2025-07-13,730,2027-07-13,2026-03-08,Motor Failure,Motor Failure reported by customer.,Electrical Fault,2026-03-09,239,True,False,True,True,1,True,False,False,ManualReview
CLM-01242,PRD-01242,Furniture,Bed Frame,SN-9522E8F3F6,2023-06-20,67.04,2023-06-20,365,2024-06-19,2024-02-01,Material Defect,Material Defect reported by customer.,Wear and Tear,2024-02-02,227,True,True,True,True,1,True,False,True,ManualReview
CLM-01029,PRD-01029,Furniture,Sofa,SN-0803A4742D,2022-10-04,1488.58,2022-10-04,365,2023-10-04,2023-03-04,Structural Frame Defect,Structural Frame Defect reported by customer.,Electrical Fault,2023-03-06,153,True,True,True,True,1,True,False,True,ManualReview
CLM-00643,PRD-00643,Appliances,Refrigerator,SN-C783CAE9D0,2024-03-06,1953.91,2024-03-06,730,2026-03-06,2024-11-27,Motor Failure,Motor Failure reported by customer.,Electrical Fault,2024-11-30,269,True,True,True,False,1,True,False,False,Invalid
CLM-00613,PRD-00613,Electronics,Headphones,SN-5A6D5CA506,2024-06-14,1412.57,2024-06-14,365,2025-06-14,2025-04-13,Software Fault,Software Fault reported by customer.,Accidental Damage,2025-04-17,307,True,True,True,True,0,True,True,False,Invalid
CLM-00961,PRD-00961,Electronics,Television,SN-2F82B3C73A,2025-08-09,319.48,2025-08-09,365,2026-08-09,2026-02-12,Screen Malfunction,Screen Malfunction reported by customer.,Manufacturing Defect,2026-02-15,190,True,True,True,False,1,True,False,False,Invalid
CLM-00726,PRD-00726,Appliances,Air Conditioner,SN-DAE296CD1F,2024-09-25,1134.26,2024-09-25,1095,2027-09-25,2026-06-10,Rust/Corrosion,Rust/Corrosion - not covered under warranty terms.,Manufacturing Defect,2026-06-12,625,True,True,True,True,0,True,False,False,Invalid
CLM-00684,PRD-00684,Furniture,Office Chair,SN-036BEA93A7,2025-12-14,1681.35,2025-12-14,1095,2028-12-13,2027-09-05,Upholstery Tear,Upholstery Tear reported by customer.,Electrical Fault,2027-09-07,632,True,True,True,False,1,True,False,False,Invalid
CLM-00099,PRD-00099,Appliances,Refrigerator,SN-DAF282234C,2025-10-31,988.28,2025-10-31,730,2027-10-31,2027-02-28,Electrical Short Circuit,Electrical Short Circuit reported by customer during normal use.,Manufacturing Defect,2027-03-04,489,True,True,True,True,1,True,False,False,Valid
CLM-00805,PRD-00805,Appliances,Air Conditioner,SN-77821EF4AD,2026-06-11,1766.94,2026-06-11,1095,2029-06-10,2026-06-29,Electrical Short Circuit,Electrical Short Circuit reported by customer.,Cosmetic Damage,2026-07-02,21,True,True,True,False,1,True,False,False,Invalid
CLM-00407,PRD-00407,Furniture,Sofa,SN-A33BF694F8,2026-02-12,1533.8,2026-02-12,1095,2029-02-11,2028-12-25,Structural Frame Defect,Structural Frame Defect reported by customer during normal use.,Electrical Fault,2028-12-30,1052,True,True,True,True,0,True,False,False,Valid
CLM-00503,PRD-00503,Appliances,Air Conditioner,SN-E13F2B5FAA,2025-03-10,2442.44,2025-03-10,730,2027-03-10,2027-08-28,Motor Failure,Motor Failure reported by customer.,Accidental Damage,2027-08-30,903,True,True,True,True,1,True,False,False,Invalid
CLM-01072,PRD-01072,Electronics,Smartphone,SN-FA912D9C3A,2025-06-03,164.64,2025-06-03,730,2027-06-03,2026-09-12,Screen Malfunction,Screen Malfunction reported by customer.,Electrical Fault,2026-09-14,468,True,True,False,True,1,True,False,False,ManualReview
CLM-01057,PRD-01057,Electronics,Television,SN-8B2315C0E0,2023-02-23,278.5,2023-02-23,365,2024-02-23,2023-03-09,Battery Failure,Battery Failure reported by customer.,Manufacturing Defect,2023-03-14,19,True,True,True,True,1,True,False,True,ManualReview
CLM-00930,PRD-00930,Furniture,Bed Frame,SN-8BFB53F788,2026-04-30,510.44,2026-04-30,1095,2029-04-29,2028-02-26,Structural Frame Defect,Structural Frame Defect reported by customer.,Manufacturing Defect,2028-03-01,671,True,True,True,False,1,True,False,False,Invalid
CLM-00780,PRD-00780,Furniture,Sofa,SN-CDB8C1A0D0,2025-07-03,313.7,2025-07-03,365,2026-07-03,2026-12-15,Material Defect,Material Defect reported by customer.,Electrical Fault,2026-12-20,535,True,True,True,True,1,True,False,False,Invalid
CLM-00201,PRD-00201,Electronics,Headphones,SN-7CCBEB30FD,2023-12-23,577.1,2023-12-23,730,2025-12-22,2024-10-07,Screen Malfunction,Screen Malfunction reported by customer during normal use.,Manufacturing Defect,2024-10-11,293,True,True,True,True,1,True,False,False,Valid
CLM-00135,PRD-00135,Appliances,Dishwasher,SN-23283680A6,2023-04-09,1918.38,2023-04-09,1095,2026-04-08,2023-06-01,Drainage Issue,Drainage Issue reported by customer during normal use.,Electrical Fault,2023-06-06,58,True,True,True,True,0,True,False,False,Valid
CLM-01052,PRD-01052,Electronics,Headphones,SN-697CC4E53A,2024-08-04,2420.66,2024-08-04,365,2025-08-04,2025-02-14,Screen Malfunction,"Minor issue, hard to describe",Electrical Fault,2025-02-16,196,True,True,True,True,1,True,False,False,ManualReview
CLM-00041,PRD-00041,Furniture,Sofa,SN-79A72DA9CE,2022-11-04,2153.55,2022-11-04,1095,2025-11-03,2024-10-22,Material Defect,Material Defect reported by customer during normal use.,Wear and Tear,2024-10-25,721,True,True,True,True,0,True,False,False,Valid
CLM-01018,PRD-01018,Furniture,Dining Table,SN-F2BC66BD0D,2026-07-11,1774.71,2026-07-11,365,2027-07-11,2027-01-21,Material Defect,Material Defect reported by customer.,Cosmetic Damage,2027-01-22,195,True,True,False,True,1,True,False,False,ManualReview
CLM-00231,PRD-00231,Appliances,Dishwasher,SN-925BD03BAD,2023-04-12,1716.72,2023-04-12,1095,2026-04-11,2025-10-14,Drainage Issue,Drainage Issue reported by customer during normal use.,Manufacturing Defect,2025-10-15,917,True,True,True,True,1,True,False,False,Valid
CLM-00379,PRD-00379,Electronics,Laptop,SN-3036BA4F06,2025-02-09,1946.38,2025-02-09,730,2027-02-09,2026-10-25,Software Fault,Software Fault reported by customer during normal use.,Accidental Damage,2026-10-26,624,True,True,True,True,1,True,False,False,Valid
CLM-00289,PRD-00289,Furniture,Sofa,SN-BC00A8C426,2024-05-19,338.76,2024-05-19,365,2025-05-19,2024-11-29,Upholstery Tear,Upholstery Tear reported by customer during normal use.,Manufacturing Defect,2024-12-01,196,True,True,True,True,1,True,False,False,Valid
CLM-00419,PRD-00419,Furniture,Bed Frame,SN-34D441AD7D,2025-10-03,2235.55,2025-10-03,365,2026-10-03,2026-06-19,Upholstery Tear,Upholstery Tear reported by customer during normal use.,Manufacturing Defect,2026-06-23,263,True,True,True,True,0,True,False,False,Valid
CLM-00392,PRD-00392,Furniture,Dining Table,SN-4585EF0C37,2026-05-23,928.32,2026-05-23,1095,2029-05-22,2028-01-18,Upholstery Tear,Upholstery Tear reported by customer during normal use.,Wear and Tear,2028-01-19,606,True,True,True,True,1,True,False,False,Valid
CLM-00593,PRD-00593,Electronics,Headphones,SN-B8BE21AE55,2023-10-15,2008.93,2023-10-15,365,2024-10-14,2025-01-07,Charging Port Issue,Charging Port Issue reported by customer.,Electrical Fault,2025-01-12,455,True,True,True,True,1,True,False,False,Invalid
CLM-01163,PRD-01163,Appliances,Dishwasher,SN-9B01AFCECB,2023-03-11,359.67,2023-03-11,1095,2026-03-10,2023-08-10,Compressor Fault,Compressor Fault reported by customer.,Electrical Fault,2023-08-12,154,True,True,False,True,0,True,False,False,ManualReview
CLM-01087,PRD-01087,Electronics,Headphones,SN-3FC79F477B,2024-09-12,289.64,2024-09-12,730,2026-09-12,2025-07-13,Battery Failure,Performance seems inconsistent,Cosmetic Damage,2025-07-15,306,True,True,True,True,1,True,False,False,ManualReview
CLM-00648,PRD-00648,Electronics,Smartphone,SN-C4C30ED61F,2026-06-28,2054.04,2026-06-28,730,2028-06-27,2028-05-28,Charging Port Issue,Charging Port Issue reported by customer.,Manufacturing Defect,2028-05-31,703,True,True,True,False,1,True,False,False,Invalid
CLM-01153,PRD-01153,Electronics,Tablet,SN-00B4FE1CFF,2024-08-02,317.45,2024-08-02,365,2025-08-02,2024-12-04,Screen Malfunction,Screen Malfunction reported by customer.,Manufacturing Defect,2024-12-06,126,True,True,True,True,1,True,False,True,ManualReview
CLM-01368,PRD-01368,Furniture,Sofa,SN-9B3C1E154A,2023-02-15,802.44,2023-02-15,365,2024-02-15,2024-02-06,Structural Frame Defect,Structural Frame Defect reported by customer.,Cosmetic Damage,2024-02-08,358,True,True,True,True,0,True,False,False,ManualReview
CLM-00521,PRD-00521,Appliances,Microwave Oven,SN-51415143E6,2025-01-14,2005.01,2025-01-14,730,2027-01-14,2026-03-11,Compressor Fault,Compressor Fault reported by customer.,Manufacturing Defect,2026-03-16,426,True,True,True,False,0,True,False,False,Invalid
CLM-00065,PRD-00065,Appliances,Washing Machine,SN-33D9E58AF9,2025-03-26,1763.69,2025-03-26,730,2027-03-26,2026-12-11,Drainage Issue,Drainage Issue reported by customer during normal use.,Wear and Tear,2026-12-12,626,True,True,True,True,1,True,False,False,Valid
CLM-00015,PRD-00015,Furniture,Office Chair,SN-883EB5A2E6,2023-06-26,966.09,2023-06-26,365,2024-06-25,2024-04-29,Structural Frame Defect,Structural Frame Defect reported by customer during normal use.,Structural Damage,2024-05-02,311,True,True,True,True,0,True,False,False,Valid
CLM-01181,PRD-01181,Electronics,Headphones,SN-14BECEF2AA,2025-12-29,1059.41,2025-12-29,730,2027-12-29,2027-12-27,Charging Port Issue,Charging Port Issue reported by customer.,Manufacturing Defect,2027-12-28,729,True,True,True,True,0,True,False,False,ManualReview
CLM-01065,PRD-01065,Electronics,Television,SN-DA3FEB9EB3,2025-03-30,1875.73,2025-03-30,730,2027-03-30,2025-10-15,Software Fault,Software Fault reported by customer.,Electrical Fault,2025-10-18,202,True,True,True,True,1,True,False,True,ManualReview
CLM-00493,PRD-00493,Furniture,Office Chair,SN-515C406DC4,2024-07-28,2410.05,2024-07-28,1095,2027-07-28,2027-02-15,Upholstery Tear,Upholstery Tear reported by customer during normal use.,Wear and Tear,2027-02-19,936,True,True,True,True,1,True,False,False,Valid
CLM-00380,PRD-00380,Electronics,Headphones,SN-5A7A364844,2024-11-27,1865.31,2024-11-27,365,2025-11-27,2025-02-20,Overheating,Overheating reported by customer during normal use.,Manufacturing Defect,2025-02-21,86,True,True,True,True,1,True,False,False,Valid
CLM-00188,PRD-00188,Electronics,Laptop,SN-3B98307E54,2022-10-09,934.2,2022-10-09,730,2024-10-08,2023-02-18,Overheating,Overheating reported by customer during normal use.,Electrical Fault,2023-02-23,137,True,True,True,True,1,True,False,False,Valid
CLM-00764,PRD-00764,Electronics,Tablet,SN-E737151894,2024-02-01,466.17,2024-02-01,365,2025-01-31,2024-03-19,Battery Failure,Battery Failure reported by customer.,Accidental Damage,2024-03-22,50,True,True,True,True,1,True,True,False,Invalid
CLM-00217,PRD-00217,Furniture,Office Chair,SN-9D9F92BAE7,2023-05-25,317.61,2023-05-25,1095,2026-05-24,2024-09-01,Structural Frame Defect,Structural Frame Defect reported by customer during normal use.,Wear and Tear,2024-09-03,467,True,True,True,True,0,True,False,False,Valid
CLM-00792,PRD-00792,Appliances,Air Conditioner,SN-FE09FFC750,2023-07-13,755.63,2023-07-13,730,2025-07-12,2024-03-06,Thermostat Malfunction,Thermostat Malfunction reported by customer.,Electrical Fault,2024-03-11,242,True,True,True,False,0,True,False,False,Invalid
CLM-01077,PRD-01077,Electronics,Smartphone,SN-158099298D,2023-05-28,307.58,2023-05-28,365,2024-05-27,2023-08-27,Battery Failure,Makes strange noise occasionally,Cosmetic Damage,2023-08-28,92,True,True,True,True,1,True,False,False,ManualReview
CLM-00879,PRD-00879,Electronics,Laptop,SN-89E9C10578,2024-06-23,1442.07,2024-06-23,365,2025-06-23,2024-07-25,Physical Impact Damage,Physical Impact Damage - not covered under warranty terms.,Electrical Fault,2024-07-30,37,True,True,True,True,1,True,False,False,Invalid
CLM-00338,PRD-00338,Electronics,Smartphone,SN-2E86F8CE12,2026-06-22,795.33,2026-06-22,365,2027-06-22,2026-09-09,Charging Port Issue,Charging Port Issue reported by customer during normal use.,Wear and Tear,2026-09-10,80,True,True,True,True,0,True,False,False,Valid
CLM-00720,PRD-00720,Electronics,Laptop,SN-9395FCCFC1,2024-08-30,2439.26,2024-08-30,365,2025-08-30,2024-12-28,Screen Malfunction,Screen Malfunction reported by customer.,Wear and Tear,2025-01-01,124,True,True,True,True,1,True,True,False,Invalid
CLM-00296,PRD-00296,Electronics,Headphones,SN-58344EF6D3,2026-04-16,1890.8,2026-04-16,365,2027-04-16,2026-08-30,Software Fault,Software Fault reported by customer during normal use.,Manufacturing Defect,2026-09-02,139,True,True,True,True,1,True,False,False,Valid
CLM-01017,PRD-01017,Electronics,Television,SN-6EECAFDB06,2023-05-29,772.01,2023-05-29,730,2025-05-28,2024-01-02,Battery Failure,Not working properly sometimes,Structural Damage,2024-01-04,220,True,True,True,True,0,True,False,False,ManualReview
CLM-01276,PRD-01276,Furniture,Sofa,SN-5E2723563A,2023-10-05,940.72,2023-10-05,365,2024-10-04,2024-06-24,Joint/Hinge Failure,Joint/Hinge Failure reported by customer.,Electrical Fault,2024-06-25,264,True,False,True,True,0,True,False,False,ManualReview
CLM-00456,PRD-00456,Appliances,Dishwasher,SN-7637AD4DB1,2023-07-12,500.78,2023-07-12,730,2025-07-11,2024-01-13,Motor Failure,Motor Failure reported by customer during normal use.,Wear and Tear,2024-01-18,190,True,True,True,True,1,True,False,False,Valid
CLM-01497,PRD-01497,Electronics,Laptop,SN-DBD150282F,2023-03-24,57.76,2023-03-24,730,2025-03-23,2024-04-23,Overheating,Overheating reported by customer.,Electrical Fault,2024-04-27,400,True,True,True,True,1,True,False,True,ManualReview
CLM-00816,PRD-00816,Furniture,Dining Table,SN-24815878E3,2023-04-17,1523.92,2023-04-17,1095,2026-04-16,2026-09-07,Joint/Hinge Failure,Joint/Hinge Failure reported by customer.,Manufacturing Defect,2026-09-10,1242,True,True,True,True,1,True,False,False,Invalid
CLM-00270,PRD-00270,Electronics,Laptop,SN-EDD444740C,2024-04-24,707.6,2024-04-24,730,2026-04-24,2025-07-15,Battery Failure,Battery Failure reported by customer during normal use.,Manufacturing Defect,2025-07-18,450,True,True,True,True,0,True,False,False,Valid
CLM-00996,PRD-00996,Appliances,Dishwasher,SN-E12DEA8201,2024-04-29,2138.56,2024-04-29,1095,2027-04-29,2024-12-31,Drainage Issue,Drainage Issue reported by customer.,Cosmetic Damage,2025-01-02,248,True,True,True,False,1,True,False,False,Invalid
CLM-00202,PRD-00202,Furniture,Bed Frame,SN-98830DD14E,2025-08-20,70.03,2025-08-20,1095,2028-08-19,2027-02-14,Upholstery Tear,Upholstery Tear reported by customer during normal use.,Electrical Fault,2027-02-17,546,True,True,True,True,0,True,False,False,Valid
CLM-00162,PRD-00162,Appliances,Refrigerator,SN-F454BE9FBB,2026-06-06,2370.47,2026-06-06,1095,2029-06-05,2028-07-27,Electrical Short Circuit,Electrical Short Circuit reported by customer during normal use.,Electrical Fault,2028-08-01,787,True,True,True,True,1,True,False,False,Valid
CLM-00730,PRD-00730,Appliances,Washing Machine,SN-A488D3F696,2024-07-23,2480.27,2024-07-23,1095,2027-07-23,2027-09-23,Compressor Fault,Compressor Fault reported by customer.,Accidental Damage,2027-09-25,1159,True,True,True,True,1,True,False,False,Invalid
CLM-00402,PRD-00402,Appliances,Air Conditioner,SN-DE29F8EF95,2025-01-21,2225.54,2025-01-21,1095,2028-01-21,2027-01-29,Thermostat Malfunction,Thermostat Malfunction reported by customer during normal use.,Accidental Damage,2027-01-31,740,True,True,True,True,0,True,False,False,Valid
CLM-00703,PRD-00703,Appliances,Microwave Oven,SN-C8FB9B89AF,2024-04-01,764.58,2024-04-01,730,2026-04-01,2024-10-09,Rust/Corrosion,Rust/Corrosion - not covered under warranty terms.,Structural Damage,2024-10-10,192,True,True,True,True,0,True,False,False,Invalid
CLM-01130,PRD-01130,Electronics,Tablet,SN-0BDAEDBB18,2025-07-12,2332.93,2025-07-12,365,2026-07-12,2026-04-21,Screen Malfunction,Screen Malfunction reported by customer.,Electrical Fault,2026-04-22,284,True,True,True,True,1,True,False,True,ManualReview
CLM-00566,PRD-00566,Appliances,Microwave Oven,SN-88257EBF31,2026-02-17,790.7,2026-02-17,1095,2029-02-16,2026-04-18,Thermostat Malfunction,Thermostat Malfunction reported by customer.,Manufacturing Defect,2026-04-23,65,True,True,True,False,1,True,False,False,Invalid
CLM-01414,PRD-01414,Furniture,Sofa,SN-CE636FA0CB,2025-12-03,1939.9,2025-12-03,1095,2028-12-02,2027-05-26,Structural Frame Defect,Structural Frame Defect reported by customer.,Cosmetic Damage,2027-05-29,542,True,True,True,True,1,True,False,True,ManualReview
CLM-01022,PRD-01022,Furniture,Dining Table,SN-C9A50AAF0B,2024-11-05,2090.07,2024-11-05,365,2025-11-05,2025-10-29,Joint/Hinge Failure,Joint/Hinge Failure reported by customer.,Structural Damage,2025-10-31,360,True,True,True,True,1,True,False,False,ManualReview
CLM-01026,PRD-01026,Appliances,Refrigerator,SN-228CF08D69,2022-12-28,569.18,2022-12-28,730,2024-12-27,2023-07-26,Drainage Issue,Drainage Issue reported by customer.,Accidental Damage,2023-07-27,211,True,True,True,True,1,False,False,False,ManualReview
CLM-01412,PRD-01412,Furniture,Office Chair,SN-402EBDF951,2025-01-06,664.83,2025-01-06,365,2026-01-06,2025-12-09,Structural Frame Defect,Structural Frame Defect reported by customer.,Cosmetic Damage,2025-12-12,340,True,True,True,True,2,False,False,False,ManualReview
CLM-01105,PRD-01105,Appliances,Dishwasher,SN-CF06F64161,2026-06-16,1930.77,2026-06-16,730,2028-06-15,2027-01-08,Drainage Issue,"Stopped working, not sure why",Wear and Tear,2027-01-11,209,True,True,True,True,1,True,False,False,ManualReview
CLM-00206,PRD-00206,Electronics,Television,SN-656F7D91E0,2025-07-15,1169.62,2025-07-15,730,2027-07-15,2026-06-09,Overheating,Overheating reported by customer during normal use.,Accidental Damage,2026-06-11,331,True,True,True,True,0,True,False,False,Valid
CLM-00035,PRD-00035,Appliances,Dishwasher,SN-79394822A7,2026-08-25,890.06,2026-08-25,730,2028-08-24,2027-05-13,Thermostat Malfunction,Thermostat Malfunction reported by customer during normal use.,Structural Damage,2027-05-14,262,True,True,True,True,1,True,False,False,Valid
CLM-00776,PRD-00776,Appliances,Microwave Oven,SN-1A2CEA165B,2024-08-21,1680.52,2024-08-21,730,2026-08-21,2025-11-21,Power Surge Damage,Power Surge Damage - not covered under warranty terms.,Structural Damage,2025-11-25,461,True,True,True,True,1,True,False,False,Invalid
CLM-00509,PRD-00509,Appliances,Air Conditioner,SN-EF3B17A194,2025-02-23,1874.25,2025-02-23,730,2027-02-23,2026-09-18,Drainage Issue,Drainage Issue reported by customer.,Accidental Damage,2026-09-21,575,True,True,True,False,1,True,False,False,Invalid
CLM-01476,PRD-01476,Electronics,Laptop,SN-6BA46A69F3,2023-06-14,785.84,2023-06-14,365,2024-06-13,2024-06-04,Screen Malfunction,Screen Malfunction reported by customer.,Manufacturing Defect,2024-06-07,359,True,True,True,True,1,True,False,False,ManualReview
CLM-01391,PRD-01391,Appliances,Microwave Oven,SN-4D3E61033C,2022-11-29,538.55,2022-11-29,1095,2025-11-28,2025-10-24,Thermostat Malfunction,Thermostat Malfunction reported by customer.,Structural Damage,2025-10-28,1064,True,True,True,True,1,False,False,False,ManualReview
CLM-00092,PRD-00092,Appliances,Washing Machine,SN-C1DA39C481,2024-01-15,842.02,2024-01-15,1095,2027-01-14,2026-08-19,Motor Failure,Motor Failure reported by customer during normal use.,Structural Damage,2026-08-23,951,True,True,True,True,1,True,False,False,Valid
CLM-01364,PRD-01364,Electronics,Tablet,SN-554EEE3C88,2024-07-09,653.24,2024-07-09,365,2025-07-09,2025-02-04,Battery Failure,"Stopped working, not sure why",Wear and Tear,2025-02-05,211,True,True,True,True,0,True,False,False,ManualReview
CLM-00898,PRD-00898,Electronics,Television,SN-3E2897E9E2,2025-10-11,1585.63,2025-10-11,730,2027-10-11,2026-02-14,Software Fault,Software Fault reported by customer.,Structural Damage,2026-02-16,128,True,True,True,True,0,True,True,False,Invalid
CLM-00565,PRD-00565,Furniture,Sofa,SN-BE1530A275,2024-01-05,2309.56,2024-01-05,365,2025-01-04,2024-03-29,Material Defect,Material Defect reported by customer.,Accidental Damage,2024-03-30,85,True,True,True,True,1,True,True,False,Invalid
CLM-01370,PRD-01370,Appliances,Washing Machine,SN-E4973F67E0,2023-03-07,1170.22,2023-03-07,730,2025-03-06,2025-02-27,Motor Failure,Motor Failure reported by customer.,Wear and Tear,2025-03-02,726,True,True,True,True,0,True,False,False,ManualReview
CLM-00777,PRD-00777,Appliances,Microwave Oven,SN-CC8C548128,2023-02-17,1903.4,2023-02-17,1095,2026-02-16,2025-07-12,Power Surge Damage,Power Surge Damage - not covered under warranty terms.,Structural Damage,2025-07-13,877,True,True,True,True,1,True,False,False,Invalid
CLM-00242,PRD-00242,Electronics,Television,SN-D643849EF6,2025-07-26,830.9,2025-07-26,730,2027-07-26,2026-05-30,Battery Failure,Battery Failure reported by customer during normal use.,Electrical Fault,2026-06-03,312,True,True,True,True,1,True,False,False,Valid
CLM-00014,PRD-00014,Electronics,Television,SN-3D77C53906,2023-07-06,1161.62,2023-07-06,730,2025-07-05,2024-12-10,Battery Failure,Battery Failure reported by customer during normal use.,Structural Damage,2024-12-11,524,True,True,True,True,1,True,False,False,Valid
CLM-00316,PRD-00316,Electronics,Headphones,SN-475A9D08BE,2023-04-04,640.65,2023-04-04,730,2025-04-03,2024-04-09,Screen Malfunction,Screen Malfunction reported by customer during normal use.,Structural Damage,2024-04-12,374,True,True,True,True,0,True,False,False,Valid
CLM-00601,PRD-00601,Electronics,Laptop,SN-A2965D54BF,2025-02-10,1289.69,2025-02-10,365,2026-02-10,2025-08-04,Water Damage,Water Damage - not covered under warranty terms.,Structural Damage,2025-08-08,179,True,True,True,True,1,True,False,False,Invalid
CLM-00388,PRD-00388,Electronics,Smartphone,SN-0A2C88FF45,2025-10-09,1635.99,2025-10-09,730,2027-10-09,2027-02-18,Screen Malfunction,Screen Malfunction reported by customer during normal use.,Accidental Damage,2027-02-19,498,True,True,True,True,1,True,False,False,Valid
CLM-01298,PRD-01298,Appliances,Washing Machine,SN-3A45627A61,2022-10-21,2401.48,2022-10-21,1095,2025-10-20,2024-09-07,Electrical Short Circuit,Not working properly sometimes,Structural Damage,2024-09-08,688,True,True,True,True,1,True,False,False,ManualReview
CLM-00167,PRD-00167,Electronics,Television,SN-8994A18CD7,2023-05-25,143.84,2023-05-25,365,2024-05-24,2024-01-21,Battery Failure,Battery Failure reported by customer during normal use.,Cosmetic Damage,2024-01-25,245,True,True,True,True,1,True,False,False,Valid
CLM-00841,PRD-00841,Furniture,Bed Frame,SN-CD70C046D6,2024-03-07,1444.3,2024-03-07,365,2025-03-07,2024-12-21,Normal Wear and Tear,Normal Wear and Tear - not covered under warranty terms.,Wear and Tear,2024-12-26,294,True,True,True,True,1,True,False,False,Invalid
CLM-00021,PRD-00021,Furniture,Dining Table,SN-25195883D4,2026-05-18,1239.27,2026-05-18,1095,2029-05-17,2027-09-28,Material Defect,Material Defect reported by customer during normal use.,Cosmetic Damage,2027-10-02,502,True,True,True,True,0,True,False,False,Valid
CLM-00647,PRD-00647,Appliances,Refrigerator,SN-538925CFC6,2024-10-26,1457.87,2024-10-26,1095,2027-10-26,2025-03-18,Thermostat Malfunction,Thermostat Malfunction reported by customer.,Electrical Fault,2025-03-23,148,True,True,True,True,1,True,True,False,Invalid
CLM-01155,PRD-01155,Appliances,Air Conditioner,SN-4A87D35BD0,2025-04-06,2359.07,2025-04-06,1095,2028-04-05,2027-05-04,Compressor Fault,Compressor Fault reported by customer.,Structural Damage,2027-05-05,759,True,False,True,True,1,True,False,False,ManualReview
CLM-00832,PRD-00832,Electronics,Headphones,SN-2217351EC7,2026-04-15,2431.6,2026-04-15,730,2028-04-14,2027-12-20,Charging Port Issue,Charging Port Issue reported by customer.,Manufacturing Defect,2027-12-23,617,True,True,True,True,0,True,True,False,Invalid
CLM-01268,PRD-01268,Furniture,Office Chair,SN-12F0D34764,2023-12-27,1999.11,2023-12-27,365,2024-12-26,2024-11-23,Joint/Hinge Failure,Joint/Hinge Failure reported by customer.,Accidental Damage,2024-11-24,333,True,False,True,True,0,True,False,False,ManualReview
CLM-00563,PRD-00563,Electronics,Headphones,SN-D4765D0B7F,2026-05-05,2137.6,2026-05-05,730,2028-05-04,2028-10-14,Charging Port Issue,Charging Port Issue reported by customer.,Manufacturing Defect,2028-10-18,897,True,True,True,True,1,True,False,False,Invalid
CLM-01461,PRD-01461,Electronics,Television,SN-338DD13B5C,2024-11-25,792.0,2024-11-25,365,2025-11-25,2024-12-11,Battery Failure,Battery Failure reported by customer.,Structural Damage,2024-12-12,17,False,True,True,True,0,True,False,False,ManualReview
CLM-00687,PRD-00687,Furniture,Dining Table,SN-CB5F0F463A,2024-02-01,955.7,2024-02-01,1095,2027-01-31,2027-04-28,Joint/Hinge Failure,Joint/Hinge Failure reported by customer.,Structural Damage,2027-04-30,1184,True,True,True,True,0,True,False,False,Invalid
CLM-00958,PRD-00958,Appliances,Washing Machine,SN-DA32F60027,2024-02-01,985.37,2024-02-01,1095,2027-01-31,2025-07-06,Motor Failure,Motor Failure reported by customer.,Electrical Fault,2025-07-10,525,True,True,True,True,0,True,True,False,Invalid
CLM-00190,PRD-00190,Electronics,Laptop,SN-8CC6C733D0,2026-03-24,231.7,2026-03-24,730,2028-03-23,2027-03-14,Overheating,Overheating reported by customer during normal use.,Cosmetic Damage,2027-03-16,357,True,True,True,True,1,True,False,False,Valid
CLM-00976,PRD-00976,Furniture,Office Chair,SN-ABD4FE01E0,2025-04-06,1018.63,2025-04-06,365,2026-04-06,2026-01-07,Upholstery Tear,Upholstery Tear reported by customer.,Accidental Damage,2026-01-10,279,True,True,True,True,1,True,True,False,Invalid
CLM-00700,PRD-00700,Electronics,Smartphone,SN-64F6605B8B,2025-05-22,2486.12,2025-05-22,730,2027-05-22,2026-09-26,Overheating,Overheating reported by customer.,Structural Damage,2026-10-01,497,True,True,True,False,0,True,False,False,Invalid
CLM-00511,PRD-00511,Furniture,Bookshelf,SN-6C26FAB91C,2025-02-17,2229.6,2025-02-17,1095,2028-02-17,2025-12-13,Material Defect,Material Defect reported by customer.,Structural Damage,2025-12-15,301,True,True,True,False,1,True,False,False,Invalid
CLM-01083,PRD-01083,Furniture,Bookshelf,SN-2EC672CA5E,2024-05-16,1785.86,2024-05-16,1095,2027-05-16,2025-08-09,Upholstery Tear,Upholstery Tear reported by customer.,Structural Damage,2025-08-12,453,True,False,True,True,0,True,False,False,ManualReview
CLM-00475,PRD-00475,Furniture,Bed Frame,SN-D90079298C,2026-08-29,1833.54,2026-08-29,365,2027-08-29,2027-04-15,Upholstery Tear,Upholstery Tear reported by customer during normal use.,Manufacturing Defect,2027-04-20,234,True,True,True,True,1,True,False,False,Valid
CLM-00857,PRD-00857,Furniture,Office Chair,SN-69B570D35E,2026-01-29,784.1,2026-01-29,1095,2029-01-28,2029-02-04,Material Defect,Material Defect reported by customer.,Wear and Tear,2029-02-08,1106,True,True,True,True,1,True,False,False,Invalid
CLM-00748,PRD-00748,Appliances,Refrigerator,SN-E3749FF1DD,2023-06-09,939.35,2023-06-09,1095,2026-06-08,2026-06-16,Drainage Issue,Drainage Issue reported by customer.,Accidental Damage,2026-06-17,1104,True,True,True,True,1,True,False,False,Invalid
CLM-00253,PRD-00253,Electronics,Smartphone,SN-650443187B,2022-08-30,1060.36,2022-08-30,365,2023-08-30,2022-09-06,Battery Failure,Battery Failure reported by customer during normal use.,Manufacturing Defect,2022-09-08,9,True,True,True,True,0,True,False,False,Valid
CLM-00022,PRD-00022,Appliances,Refrigerator,SN-CC6529E2D7,2023-03-03,1664.51,2023-03-03,730,2025-03-02,2024-06-27,Thermostat Malfunction,Thermostat Malfunction reported by customer during normal use.,Electrical Fault,2024-06-28,483,True,True,True,True,1,True,False,False,Valid
CLM-01338,PRD-01338,Furniture,Bookshelf,SN-0914E621E0,2024-10-31,1809.81,2024-10-31,1095,2027-10-31,2027-10-10,Material Defect,Performance seems inconsistent,Accidental Damage,2027-10-11,1075,True,True,True,True,0,True,False,False,ManualReview
CLM-00460,PRD-00460,Furniture,Office Chair,SN-BCFF42CFA0,2025-01-10,463.17,2025-01-10,1095,2028-01-10,2027-06-24,Upholstery Tear,Upholstery Tear reported by customer during normal use.,Wear and Tear,2027-06-27,898,True,True,True,True,1,True,False,False,Valid
CLM-01185,PRD-01185,Furniture,Sofa,SN-DBB7927E1F,2025-07-14,565.64,2025-07-14,365,2026-07-14,2025-11-10,Material Defect,Material Defect reported by customer.,Wear and Tear,2025-11-13,122,True,True,True,True,0,True,False,True,ManualReview
CLM-00277,PRD-00277,Electronics,Television,SN-2145CCABFC,2026-08-20,1086.66,2026-08-20,365,2027-08-20,2027-06-23,Software Fault,Software Fault reported by customer during normal use.,Manufacturing Defect,2027-06-27,311,True,True,True,True,1,True,False,False,Valid
CLM-00956,PRD-00956,Furniture,Office Chair,SN-9D4614FE3A,2026-01-09,1368.61,2026-01-09,1095,2029-01-08,2029-03-09,Structural Frame Defect,Structural Frame Defect reported by customer.,Cosmetic Damage,2029-03-10,1156,True,True,True,True,0,True,False,False,Invalid
CLM-01216,PRD-01216,Electronics,Headphones,SN-695196ABE7,2024-05-21,288.81,2024-05-21,365,2025-05-21,2024-11-09,Screen Malfunction,Screen Malfunction reported by customer.,Wear and Tear,2024-11-12,175,True,True,True,True,1,True,False,True,ManualReview
CLM-00386,PRD-00386,Furniture,Sofa,SN-52343DD0BD,2023-05-14,1636.06,2023-05-14,1095,2026-05-13,2025-01-30,Joint/Hinge Failure,Joint/Hinge Failure reported by customer during normal use.,Wear and Tear,2025-02-02,630,True,True,True,True,0,True,False,False,Valid
CLM-00806,PRD-00806,Furniture,Bookshelf,SN-D2598A381D,2026-07-21,1039.65,2026-07-21,365,2027-07-21,2027-06-19,Joint/Hinge Failure,Joint/Hinge Failure reported by customer.,Structural Damage,2027-06-23,337,True,True,True,True,0,True,True,False,Invalid
CLM-01438,PRD-01438,Electronics,Tablet,SN-68DFCF24B8,2024-06-08,999.44,2024-06-08,730,2026-06-08,2025-10-29,Charging Port Issue,Charging Port Issue reported by customer.,Manufacturing Defect,2025-10-30,509,True,True,True,True,1,True,False,True,ManualReview
CLM-00344,PRD-00344,Electronics,Television,SN-42AF9D00AE,2023-09-04,723.71,2023-09-04,365,2024-09-03,2024-07-14,Screen Malfunction,Screen Malfunction reported by customer during normal use.,Wear and Tear,2024-07-19,319,True,True,True,True,1,True,False,False,Valid
CLM-00770,PRD-00770,Electronics,Laptop,SN-74D5BED2CC,2025-10-13,2232.69,2025-10-13,730,2027-10-13,2028-04-22,Overheating,Overheating reported by customer.,Structural Damage,2028-04-27,927,True,True,True,True,0,True,False,False,Invalid
CLM-01333,PRD-01333,Appliances,Washing Machine,SN-2F3455CC0B,2025-01-05,1483.2,2025-01-05,1095,2028-01-05,2025-08-08,Drainage Issue,Drainage Issue reported by customer.,Accidental Damage,2025-08-09,216,True,True,True,True,3,False,False,False,ManualReview
CLM-00131,PRD-00131,Appliances,Washing Machine,SN-ACA8C763F2,2025-01-07,815.68,2025-01-07,1095,2028-01-07,2027-09-09,Compressor Fault,Compressor Fault reported by customer during normal use.,Accidental Damage,2027-09-10,976,True,True,True,True,1,True,False,False,Valid
CLM-00872,PRD-00872,Electronics,Television,SN-76783D4C55,2024-03-05,2320.18,2024-03-05,365,2025-03-05,2025-03-10,Charging Port Issue,Charging Port Issue reported by customer.,Manufacturing Defect,2025-03-15,375,True,True,True,True,0,True,False,False,Invalid
CLM-01124,PRD-01124,Furniture,Sofa,SN-0729A25485,2024-06-04,313.77,2024-06-04,365,2025-06-04,2024-09-14,Upholstery Tear,Upholstery Tear reported by customer.,Electrical Fault,2024-09-17,105,True,True,True,True,2,False,False,False,ManualReview
CLM-01397,PRD-01397,Furniture,Bed Frame,SN-37FEAD1FFB,2026-06-30,2127.59,2026-06-30,1095,2029-06-29,2027-01-18,Material Defect,Material Defect reported by customer.,Manufacturing Defect,2027-01-19,203,True,True,True,True,1,False,False,False,ManualReview
CLM-00088,PRD-00088,Furniture,Bed Frame,SN-B08540A31F,2023-01-28,1515.19,2023-01-28,1095,2026-01-27,2024-06-27,Joint/Hinge Failure,Joint/Hinge Failure reported by customer during normal use.,Cosmetic Damage,2024-06-28,517,True,True,True,True,1,True,False,False,Valid
CLM-01483,PRD-01483,Electronics,Laptop,SN-0A5E460F2F,2024-09-11,729.6,2024-09-11,365,2025-09-11,2025-09-07,Charging Port Issue,Charging Port Issue reported by customer.,Electrical Fault,2025-09-09,363,True,True,True,True,1,True,False,False,ManualReview
CLM-00331,PRD-00331,Appliances,Washing Machine,SN-2BD0468E61,2025-08-30,898.74,2025-08-30,730,2027-08-30,2027-07-05,Motor Failure,Motor Failure reported by customer during normal use.,Accidental Damage,2027-07-09,678,True,True,True,True,0,True,False,False,Valid
CLM-01239,PRD-01239,Electronics,Headphones,SN-9677328F44,2024-07-26,1730.86,2024-07-26,365,2025-07-26,2024-10-18,Screen Malfunction,Makes strange noise occasionally,Cosmetic Damage,2024-10-21,87,True,True,True,True,0,True,False,False,ManualReview
CLM-00467,PRD-00467,Electronics,Headphones,SN-75F13B2A9B,2022-12-23,697.67,2022-12-23,365,2023-12-23,2023-09-16,Battery Failure,Battery Failure reported by customer during normal use.,Manufacturing Defect,2023-09-19,270,True,True,True,True,0,True,False,False,Valid
CLM-00122,PRD-00122,Furniture,Bookshelf,SN-A1B6549599,2022-11-28,1977.65,2022-11-28,365,2023-11-28,2023-01-02,Upholstery Tear,Upholstery Tear reported by customer during normal use.,Wear and Tear,2023-01-07,40,True,True,True,True,0,True,False,False,Valid
CLM-01045,PRD-01045,Appliances,Washing Machine,SN-41B3043B98,2024-02-06,1325.69,2024-02-06,1095,2027-02-05,2024-08-27,Thermostat Malfunction,Thermostat Malfunction reported by customer.,Electrical Fault,2024-08-28,204,True,True,True,True,1,False,False,False,ManualReview
CLM-01096,PRD-01096,Appliances,Microwave Oven,SN-6A839E8895,2025-07-12,1947.59,2025-07-12,1095,2028-07-11,2028-07-09,Drainage Issue,Drainage Issue reported by customer.,Manufacturing Defect,2028-07-10,1094,True,True,True,True,1,True,False,False,ManualReview
CLM-01131,PRD-01131,Furniture,Bed Frame,SN-822B071F47,2026-04-15,123.45,2026-04-15,1095,2029-04-14,2029-04-08,Upholstery Tear,Upholstery Tear reported by customer.,Electrical Fault,2029-04-09,1090,True,True,True,True,1,True,False,False,ManualReview
CLM-01295,PRD-01295,Furniture,Bookshelf,SN-E0E6CFAF30,2025-09-30,1351.02,2025-09-30,1095,2028-09-29,2026-02-18,Upholstery Tear,Upholstery Tear reported by customer.,Cosmetic Damage,2026-02-21,144,True,False,True,True,1,True,False,False,ManualReview
CLM-00861,PRD-00861,Furniture,Dining Table,SN-710D498387,2025-09-25,652.61,2025-09-25,1095,2028-09-24,2026-04-24,Misuse Damage,Misuse Damage - not covered under warranty terms.,Manufacturing Defect,2026-04-25,212,True,True,True,True,0,True,False,False,Invalid
CLM-01460,PRD-01460,Electronics,Headphones,SN-19398967D4,2026-07-08,2243.32,2026-07-08,365,2027-07-08,2026-09-02,Overheating,Overheating reported by customer.,Cosmetic Damage,2026-09-06,60,False,True,True,True,0,True,False,False,ManualReview
CLM-01127,PRD-01127,Appliances,Refrigerator,SN-C84EF502AE,2025-10-28,2077.56,2025-10-28,730,2027-10-28,2026-03-22,Drainage Issue,Drainage Issue reported by customer.,Accidental Damage,2026-03-23,146,True,True,True,True,1,True,False,True,ManualReview
